kind,repository,document,title,source_path,line,words,citations,citations_per_1k,bibliography_entries,finding
uncited_claims,alphabet,The Ecology of Neoteny - draft 03.tex,The Ecology of Neoteny - draft 03.tex,The Ecology of Neoteny - draft 03.tex,104,10123,93,9.19,24,"Empirical evidence from cognitive economics, cooperative game theory, and ageing research is incorporated to show that social systems can maintain innovation a…"
uncited_claims,alphabet,The Ecology of Neoteny - draft 03.tex,The Ecology of Neoteny - draft 03.tex,The Ecology of Neoteny - draft 03.tex,3269,10123,93,9.19,24,The framework is falsified if robust longitudinal evidence shows:
uncited_claims,alphabet,The Ecology of Neoteny - draft 03.tex,The Ecology of Neoteny - draft 03.tex,The Ecology of Neoteny - draft 03.tex,3465,10123,93,9.19,24,"Metrics tracked over 200 time-steps: Gini coefficient of reward distribution, power-concentration index (fraction of total reward held by top 1\% of nodes), an…"
missing bib keys,alphabet,The Ecology of Neoteny - draft 03.tex,The Ecology of Neoteny - draft 03.tex,The Ecology of Neoteny - draft 03.tex,,10123,93,9.19,24,"aghion2014, aghion2015, atkinson2011, atkinson2015, beggs2003, chaitin1969, csikszentmihalyi1990, dalziel2018, evans2010, georgescu1971, kolmogorov1965, lieb2001, mora2011, newman2005, piketty2014, stanley1971, strogatz2018, sutton2018, turing1952, wilson1971"
uncited_works,cosmology,monograph.tex,"RSVP Cosmology [12pt] Field Equations, Admissibility, and the Geometry of Distinction",monograph.tex,640,4058,4,0.99,3,\begin{example}[Galactic spin as a persistence-cone observable] Sheng et al.
uncited_works,cosmology,monograph.tex,"RSVP Cosmology [12pt] Field Equations, Admissibility, and the Geometry of Distinction",monograph.tex,839,4058,4,0.99,3,\textbf{Empirical status:} Sheng et al.
uncited_works,cosmology,monograph.tex,"RSVP Cosmology [12pt] Field Equations, Admissibility, and the Geometry of Distinction",monograph.tex,863,4058,4,0.99,3,"Hoellinger and Leclercq (2024) demonstrate its feasibility in a research context, not an operational one."
missing bib keys,kitbash,physics/working/draft-01/RSVP_Study_Guide.tex,RSVP Study Guide: A Comprehensive Framework for Relativistic Scalar Vector Plenum,physics/working/draft-01/RSVP_Study_Guide.tex,,4879,202,41.4,46,Bredon1997].
uncited_claims,library,monograph/draft-09/monograph.tex,User Friendliness as an Ecological Danger: The Predatory Enshittification of Digital Interfaces,monograph/draft-09/monograph.tex,161,6868,135,19.66,0,"\Cref{ch:hidden-costs} provides empirical evidence, while \cref{app:rsvp} formalizes the dynamics using RSVP."
uncited_claims,standardgalactic,Scope Memeplexes.tex,Scope Memeplexes: The Enshittification Crisis as an Interface War,Scope Memeplexes.tex,54,7335,0,0.0,49,Recent work by Barenholtz and colleagues characterizes cognition as a recursively self-healing autoregressive process operating over symbol sequences.
uncited_claims,spherepop,processing/geometry/monograph.tex,The Geometry of Spherepop 0.4em A Recursive Geometry of Coherence in the RSVP Framework 0.4em With …,processing/geometry/monograph.tex,599,7655,0,0.0,0,"(2013), extended to quantum analogs as explored in recent works on geometric quantization for shifted symplectic stacks."
uncited_works,spherepop,processing/geometry/monograph.tex,The Geometry of Spherepop 0.4em A Recursive Geometry of Coherence in the RSVP Framework 0.4em With …,processing/geometry/monograph.tex,243,7655,0,0.0,0,"In our formalism, a spherepop is a local morphism of derived stacks f : Sphr → P, where Sphr is a shifted derived sphere with symplectic inheritance in the sen…"
uncited_works,spherepop,processing/geometry/monograph.tex,The Geometry of Spherepop 0.4em A Recursive Geometry of Coherence in the RSVP Framework 0.4em With …,processing/geometry/monograph.tex,558,7655,0,0.0,0,"\subsection{Differences from Traditional AI Safety Approaches} While frameworks like those in Russell (2019) emphasize static proofs, Spherepop advocates dynam…"
uncited_works,spherepop,processing/geometry/monograph.tex,The Geometry of Spherepop 0.4em A Recursive Geometry of Coherence in the RSVP Framework 0.4em With …,processing/geometry/monograph.tex,599,7655,0,0.0,0,This formulation aligns with the shifted symplectic structures discussed in Pantev et al.
uncited_works,gamma-waves,projects/draft-05/essay.tex,From RSVP Fields to Mechanistic Self-Aware Machines,projects/draft-05/essay.tex,259,1958,112,57.2,0,"\subsection{Pseudocode} \lstset{language=Python, basicstyle=\small\ttfamily, breaklines=true, columns=flexible} \begin{lstlisting} def F(mech_op, field, patch)…"
uncited_works,gamma-waves,projects/draft-05/essay.tex,From RSVP Fields to Mechanistic Self-Aware Machines,projects/draft-05/essay.tex,406,1958,112,57.2,0,\subsection{Proofreading Operator as Selective Entropy Update} Inspired by Liang et al.
uncited_claims,antivenom,economics/upwork_solicitations.tex,upwork_solicitations.tex,economics/upwork_solicitations.tex,92,1707,0,0.0,0,"Upon acquiring and completing the project, I will give you 20–50\% of the earnings."
uncited_claims,antivenom,economics/upwork_solicitations.tex,upwork_solicitations.tex,economics/upwork_solicitations.tex,115,1707,0,0.0,0,I will pay 10 percent of earnings on Upwork per month and have a long term relationship with you.
uncited_claims,antivenom,economics/upwork_solicitations.tex,upwork_solicitations.tex,economics/upwork_solicitations.tex,135,1707,0,0.0,0,And then you can get 10\% of the money from there and you can send the rest of the money to my PayPal or Payoneer.
uncited_claims,antivenom,economics/upwork_solicitations.tex,upwork_solicitations.tex,economics/upwork_solicitations.tex,180,1707,0,0.0,0,"And after getting a good task on Upwork, I will handle that task, and after that, I will share your 40\% of monthly income for using your Upwork."
uncited_claims,antivenom,economics/upwork_solicitations.tex,upwork_solicitations.tex,economics/upwork_solicitations.tex,284,1707,0,0.0,0,"I'll pay you \$200 per month for two months, and then 20\% of the Upwork account's earnings after 3 months."
uncited_works,antivenom,economics/upwork_solicitations.tex,upwork_solicitations.tex,economics/upwork_solicitations.tex,174,1707,0,0.0,0,"But anyway, this is all related to violation activities according to Upwork's policy."
uncited_claims,alphabet,aphantasia-essay.tex,"Wordless Imageless Thought [0.35em] A Field-Theoretic Interpretation of Aphantasia, Anendophasia, a…",aphantasia-essay.tex,99,1913,0,0.0,16,A modern resurgence began with case and cohort studies showing intact cognition without imagery.
uncited_works,alphabet,aphantasia-essay.tex,"Wordless Imageless Thought [0.35em] A Field-Theoretic Interpretation of Aphantasia, Anendophasia, a…",aphantasia-essay.tex,98,1913,0,0.0,16,\subsection{From Imagery Debates to Aphantasia} Galton (1880) first documented vast variability in mental imagery vividness.
uncited_works,alphabet,aphantasia-essay.tex,"Wordless Imageless Thought [0.35em] A Field-Theoretic Interpretation of Aphantasia, Anendophasia, a…",aphantasia-essay.tex,106,1913,0,0.0,16,\subsection{Extended and Enactive Cognition} Clark (1997) and others argue cognitive processes extend into body and environment.
uncited_claims,research-projects,to_process/main.tex,"The RSVP--Polyxan Universe: A Unified Theory of Meaning, Curvature, and Verification",to_process/chapters/chapter_037.tex,6,87387,13,0.15,0,Up to this point the coupled RSVP–Polyxan universe has been shown to possess:
uncited_claims,research-projects,to_process/main.tex,"The RSVP--Polyxan Universe: A Unified Theory of Meaning, Curvature, and Verification",to_process/chapters/chapter_100.tex,43,87387,13,0.15,0,"Every semantic structure $X$, whether a mind, a model, a theory, or a civilization, has been shown to obey a strict, monotone convergence law: \[ X_t \longrigh…"
uncited_claims,alphabet,Coherence Before Engagement.tex,Coherence Before Engagement: An Architecture for Persistent Meaning in Digital Systems,Coherence Before Engagement.tex,146,9896,0,0.0,28,Extensive empirical work has documented the consequences of these design choices.
uncited_claims,alphabet,Coherence Before Engagement.tex,Coherence Before Engagement: An Architecture for Persistent Meaning in Digital Systems,Coherence Before Engagement.tex,223,9896,0,0.0,28,Empirical studies of wiki governance document persistent tensions between openness and control.
uncited_claims,alphabet,Coherence Before Engagement.tex,Coherence Before Engagement: An Architecture for Persistent Meaning in Digital Systems,Coherence Before Engagement.tex,304,9896,0,0.0,28,"For example, a claim that requires both textual explanation and empirical evidence cannot be considered complete until both modalities are populated."
uncited_claims,alphabet,Coherence Before Engagement.tex,Coherence Before Engagement: An Architecture for Persistent Meaning in Digital Systems,Coherence Before Engagement.tex,458,9896,0,0.0,28,"A transformation $T_1$ attaches empirical evidence, yielding $\sigma_1$ such that $C_{\sigma_1}(\text{evidence})$ is defined."
uncited_claims,alphabet,Coherence Before Engagement.tex,Coherence Before Engagement: An Architecture for Persistent Meaning in Digital Systems,Coherence Before Engagement.tex,1235,9896,0,0.0,28,"Third, empirical studies are required to evaluate learning outcomes, trust formation, and discourse quality in deployed systems."
uncited_claims,alphabet,essay/draft-03/monograph.tex,Mind at Work: Detecting Agency through Assembly and Action,essay/draft-03/monograph.tex,63,12229,282,23.06,64,"Aphantasia affects 2-4\% of the population, impairing voluntary visualization, while anendophasia involves silent inner worlds without verbal thought."
uncited_claims,alphabet,essay/draft-03/monograph.tex,Mind at Work: Detecting Agency through Assembly and Action,essay/draft-03/monograph.tex,155,12229,282,23.06,64,"Aphantasia affects 2-4\% of the population, impairing voluntary visualization, while anendophasia involves silent inner worlds without verbal thought."
uncited_claims,alphabet,essay/draft-03/monograph.tex,Mind at Work: Detecting Agency through Assembly and Action,essay/draft-03/monograph.tex,464,12229,282,23.06,64,"Aphantasia affects 2-4\% of the population, impairing voluntary visualization, while anendophasia involves silent inner worlds without verbal thought."
missing bib keys,alphabet,essay/draft-03/monograph.tex,Mind at Work: Detecting Agency through Assembly and Action,essay/draft-03/monograph.tex,,12229,282,23.06,64,"adami2012use, anderson2007how, barandiaran2009defining, barsalou2008grounded, camazine2001self, cover2006elements, cronin2016beyond, deleuze1987thousand, dennett1987intentional, harnad1990symbol, hazen2007functional, jaynes2003probability, kolmogorov1965three, levin2019computational, mantovani2010reviewing, newell1990unified, ortega1961meditations, panunzi2018imagact, pastra2011praxicon, peigneux2004imaging, shannon1948mathematical, simondon2017mode, tononi2004information, turner2000extended, vannuscorps2023effector, walker2013algorithmic, whitehead1929process"
uncited_claims,research-projects,categorical-structure-of-alignment-v1.tex,"The Categorical Structure of Alignment:\ Representation, Motivation, and the Preservation of Normat…",categorical-structure-of-alignment-v1.tex,1248,12103,161,13.3,30,A growing body of empirical evidence confirms that semantic mastery does not constrain action:
missing bib keys,research-projects,categorical-structure-of-alignment-v1.tex,"The Categorical Structure of Alignment:\ Representation, Motivation, and the Preservation of Normat…",categorical-structure-of-alignment-v1.tex,,12103,161,13.3,30,"Bybee2010, Clark2013, Goldberg2006, Hohwy2013, LakoffJohnson1980, Talmy2000, amodei2016, biber2011, blodgett2020, bostrom2012, burns2022, bybee2010, chalupka2016, elhage2022, everitt2021, flyxion2025Lagrangian, flyxion2025RSVP, friston2010, gabriel2020, gao2017, ghrist2014, goguen1975, goldberg2006, huber2019goal, hubinger2019, ilyas2019, iyyer2018, jacobs2012, johnstone2002, kirchhoff2018, krakovna2020, lecun2022, leike2022alignment, manheim2019, mcdermott1976, ngo2022evals, olah2020, omohundro2008, pearl2009, riehl2017, soares2015, sontag1998, spivak2014, strogatz2018, tishby1999, tomasello2016"
uncited_works,alphabet,roadmap/collected-works.tex,collected-works.tex,roadmap/collected-works.tex,1392,10257,0,0.0,0,\subsection{The Complex Numbers in Quantum Mechanics} An admissibility-theoretic reading of the Barrios et al.
uncited_claims,research-projects,textmonod-essay/stochastic-revision-models.tex,"Stochastic Revision Models for Document Evolution, Generative Writing Dynamics, and Visualization P…",textmonod-essay/stochastic-revision-models.tex,344,2747,176,64.07,77,Results on synthetic data show high-fidelity recovery:
uncited_claims,research-projects,textmonod-essay/stochastic-revision-models.tex,"Stochastic Revision Models for Document Evolution, Generative Writing Dynamics, and Visualization P…",textmonod-essay/stochastic-revision-models.tex,499,2747,176,64.07,77,\begin{itemize} \item Text revision is *not Poisson*: 93\% of real documents require burst or extrinsic models.
uncited_claims,research-projects,textmonod-essay/stochastic-revision-models.tex,"Stochastic Revision Models for Document Evolution, Generative Writing Dynamics, and Visualization P…",textmonod-essay/stochastic-revision-models.tex,517,2747,176,64.07,77,The empirical rejection of Poisson editing in 93\% of real documents supports a strong claim:
uncited_claims,alphabet,The Mortality of Computation.tex,The Mortality of Computation: A Structural Theory of Displacement,The Mortality of Computation.tex,1532,7720,0,0.0,20,"Abstraction has been shown to displace difficulty rather than eliminate it, reducing explicit burden at the cost of increased hidden obligation."
uncited_claims,kitbash,research/psychology/draft-02/emotions.tex,From Catharsis to Geometric Bayesianism: RSVP and the Demise of the Hydraulic Model of Emotion,research/psychology/draft-02/emotions.tex,32,1946,13,6.68,17,"Yet, empirical evidence increasingly challenges this view."
uncited_claims,kitbash,research/psychology/draft-02/emotions.tex,From Catharsis to Geometric Bayesianism: RSVP and the Demise of the Hydraulic Model of Emotion,research/psychology/draft-02/emotions.tex,45,1946,13,6.68,17,Empirical studies reveal that cathartic behaviors often exacerbate negative emotions.
uncited_claims,kitbash,cursive/essay-sga.tex,Scalar Extraction in Platform Capitalism: From Social Network to Probabilistic Extraction Machine,cursive/essay-sga.tex,405,48724,0,0.0,0,\item ``Your ad is performing better than 90\% of similar ads'' mimics the near-miss effect known to intensify gambling behavior.
uncited_claims,kitbash,cursive/essay-sga.tex,Scalar Extraction in Platform Capitalism: From Social Network to Probabilistic Extraction Machine,cursive/essay-sga.tex,438,48724,0,0.0,0,"\begin{itemize} \item 1--3\% of advertisers generate most of the profit, \item the long tail of small businesses loses money, \item churn dynamics replenish th…"
uncited_claims,kitbash,cursive/essay-sga.tex,Scalar Extraction in Platform Capitalism: From Social Network to Probabilistic Extraction Machine,cursive/essay-sga.tex,8205,48724,0,0.0,0,\item Courts can adjudicate disputes with empirical evidence.
uncited_claims,kitbash,cursive/essay-sga.tex,Scalar Extraction in Platform Capitalism: From Social Network to Probabilistic Extraction Machine,cursive/essay-sga.tex,11884,48724,0,0.0,0,"It is the instrument through which the simulation harness is directed, the mechanism by which new stressors are incorporated into the evaluative process, and t…"
uncited_claims,kitbash,cursive/essay-sga.tex,Scalar Extraction in Platform Capitalism: From Social Network to Probabilistic Extraction Machine,cursive/essay-sga.tex,12191,48724,0,0.0,0,Adaptive drift refers to deliberate refinements that respond to empirical evidence and enhance resilience.
uncited_claims,kitbash,cursive/essay-sga.tex,Scalar Extraction in Platform Capitalism: From Social Network to Probabilistic Extraction Machine,cursive/essay-sga.tex,12691,48724,0,0.0,0,All amendments must be grounded in empirical evidence that the system’s invariants are no longer satisfied or that structural drift is detectable.
uncited_claims,kitbash,cursive/essay-sga.tex,Scalar Extraction in Platform Capitalism: From Social Network to Probabilistic Extraction Machine,cursive/essay-sga.tex,12826,48724,0,0.0,0,It includes the development of prototype constitutional platforms; empirical studies on the behaviour of visibility and entropy fields; legal frameworks for th…
uncited_claims,kitbash,operations/essay-01/monograph.tex,From RSVP Field Dynamics to TAG Multi-Agent Hierarchies,operations/essay-01/monograph.tex,22,3490,46,13.18,31,"Recent work on TAG introduces a decentralized framework for constructing arbitrarily deep agent hierarchies via the LevelEnv abstraction, but lacks a unifying …"
uncited_works,kitbash,operations/essay-01/monograph.tex,From RSVP Field Dynamics to TAG Multi-Agent Hierarchies,operations/essay-01/monograph.tex,101,3490,46,13.18,31,\subsection{TAG Framework (Paolo et al.
uncited_claims,research-projects,monograph/draft-04.tex,"Takeoff Trajectories in the Stars! RSVP Tech Tree Simulator: Implications for AI Alignment, Civiliz…",monograph/draft-04.tex,279,8915,2,0.22,13,Decommissioning returns 20\% of the original construction cost and removes the factory's field effects.
uncited_claims,research-projects,monograph/draft-04.tex,"Takeoff Trajectories in the Stars! RSVP Tech Tree Simulator: Implications for AI Alignment, Civiliz…",monograph/draft-04.tex,532,8915,2,0.22,13,Entropy production $\dot{\Sigma}(t)$ converged to steady values within 5 \% of analytic expectations.
uncited_claims,research-projects,monograph/draft-04.tex,"Takeoff Trajectories in the Stars! RSVP Tech Tree Simulator: Implications for AI Alignment, Civiliz…",monograph/draft-04.tex,941,8915,2,0.22,13,"\subsection{Phenomenological Scaling Law} Empirical data suggest \[ \Phi(t) \propto \left(1 + e^{-r(t-t_0)}\right)^{-1}, \qquad S(t) \propto \log(1+\beta t), \…"
uncited_works,research-projects,monograph/draft-04.tex,"Takeoff Trajectories in the Stars! RSVP Tech Tree Simulator: Implications for AI Alignment, Civiliz…",monograph/draft-04.tex,469,8915,2,0.22,13,} We use: \begin{itemize} \item Kaplan et al.
uncited_works,research-projects,monograph/draft-04.tex,"Takeoff Trajectories in the Stars! RSVP Tech Tree Simulator: Implications for AI Alignment, Civiliz…",monograph/draft-04.tex,472,8915,2,0.22,13,loss; \item Hoffmann et al.
uncited_works,research-projects,monograph/draft-04.tex,"Takeoff Trajectories in the Stars! RSVP Tech Tree Simulator: Implications for AI Alignment, Civiliz…",monograph/draft-04.tex,2283,8915,2,0.22,13,"\item \textbf{Information Production and Storage:} Hilbert \& López (2011), UNESCO Digital Knowledge Index (2022)."
uncited_works,research-projects,RSVP-Monograph/Volume-II-Applications/main-vol2.tex,": Physical Applications: Cosmology and Gravity [4pt] Emergent Spacetime, Entropic Gravity, and Obse…",RSVP-Monograph/Volume-II-Applications/chapters/ch02-comparison-emergent.tex,28,8776,0,0.0,4,Jacobson's 1995 derivation of Einstein's equations interprets gravity as a thermodynamic equation of state.
uncited_claims,gamma-waves,prototypes/entropys_edge.tex,Entropy’s Edge: The RSVP Wars Implementation Specification and Mathematical Supplement,prototypes/entropys_edge.tex,220,3748,0,0.0,0,"\subsection{Lyapunov Stability of RSVP Alignment} A Lyapunov candidate is defined as: \[ L = E[\Phi,S,\vec v] + \alpha \mathcal{C}, \] and it is shown that $\d…"
missing bib keys,alphabet,workspace/monograph.tex,"Fixed--Point Causality [0.35em] Physics, Consciousness, and Computation in the Relativistic Scalar-…",workspace/monograph.tex,,11647,53,4.55,21,"baez2011physics, barendregt1984lambda, bateson1972steps, carney2023gravity, christiano2017deep, clark2023brains, dewey1938logic, gabriel2020alignment, goodhart1975problems, kanai2024entropy, kleene1952recursion, lawvere2009conceptual, leike2018scalable, maclane1998categories, maturana1980autopoiesis, perez2024nonexpanding, perlis1982programs, rosen1985anticipatory, seth2022predictive, spivak2014database, turing1936computable, varela1991embodied"
uncited_claims,calculus,hierarchical-structure/main.tex,main.tex,hierarchical-structure/chapters/ch24_replication.tex,152,10784,29,2.69,0,\item Prove that funnel plot asymmetry in meta-analysis is a direct consequence of the selection mechanism defined here.
uncited_works,calculus,hierarchical-structure/main.tex,main.tex,hierarchical-structure/chapters/ch10_reconstruction.tex,10,10784,29,2.69,0,The BUILD algorithm of Aho et al.
uncited_claims,research-projects,Collective Intelligence Under Constraint.tex,"Collective Intelligence Under Constraint: Search Efficiency, Horizon Collapse, and Anti-Cognitive P…",Collective Intelligence Under Constraint.tex,44,5955,0,0.0,18,"Drawing on recent work in basal cognition and scale-free intelligence, particularly the search-efficiency framework developed by Chis-Ciure and Levin, it argue…"
uncited_claims,research-projects,Collective Intelligence Under Constraint.tex,"Collective Intelligence Under Constraint: Search Efficiency, Horizon Collapse, and Anti-Cognitive P…",Collective Intelligence Under Constraint.tex,55,5955,0,0.0,18,Recent work in neuroscience and theoretical biology has reframed intelligence as a scale-free property of systems that efficiently navigate constrained problem…
uncited_works,research-projects,Collective Intelligence Under Constraint.tex,"Collective Intelligence Under Constraint: Search Efficiency, Horizon Collapse, and Anti-Cognitive P…",Collective Intelligence Under Constraint.tex,212,5955,0,0.0,18,"Let a social media platform be modeled as a problem space \[ P = \langle S, O, C, E, H \rangle \] following the formulation of Chis-Ciure and Levin (2025)."
uncited_claims,research-projects,analysis/github_activity-2.tex,Preliminary Analysis of Developer Activity and Language Ecosystems in a Large GitHub Follow Network,analysis/github_activity-2.tex,190,2557,0,0.0,0,3\% of the population---more than twice its share among active accounts (16.
uncited_claims,research-projects,analysis/github_activity-2.tex,Preliminary Analysis of Developer Activity and Language Ecosystems in a Large GitHub Follow Network,analysis/github_activity-2.tex,192,2557,0,0.0,0,2\% of active accounts but only 3.
uncited_claims,research-projects,analysis/github_activity-2.tex,Preliminary Analysis of Developer Activity and Language Ecosystems in a Large GitHub Follow Network,analysis/github_activity-2.tex,192,2557,0,0.0,0,"8\% of inactive accounts, illustrating the asymmetric concentration of active development in newer ecosystems."
uncited_claims,research-projects,analysis/github_activity-2.tex,Preliminary Analysis of Developer Activity and Language Ecosystems in a Large GitHub Follow Network,analysis/github_activity-2.tex,392,2557,0,0.0,0,"The present analysis covers approximately 15\% of the full follow list (50,040 batches total, 1,000,800 accounts)."
uncited_claims,8b-is:8b-public-documents,framework/phoenix_preregistration.tex,phoenix_preregistration.tex,framework/phoenix_preregistration.tex,751,6436,0,0.0,0,\textbf{Exclusion criteria:} fewer than 80\% of trials completed; accuracy $< 55\%$ on the 10-trial practice block (accuracy is used here rather than $d'$ beca…
uncited_claims,8b-is:8b-public-documents,framework/phoenix_preregistration.tex,phoenix_preregistration.tex,framework/phoenix_preregistration.tex,779,6436,0,0.0,0,", 2005) where a single novel predictor accounting for 8–10\% of unique variance is considered practically meaningful."
uncited_works,8b-is:8b-public-documents,framework/phoenix_preregistration.tex,phoenix_preregistration.tex,framework/phoenix_preregistration.tex,310,6436,0,0.0,0,Phase locking in the auditory nerve supports temporal coding up to approximately 4–5~kHz (Rose et al.
uncited_works,8b-is:8b-public-documents,framework/phoenix_preregistration.tex,phoenix_preregistration.tex,framework/phoenix_preregistration.tex,315,6436,0,0.0,0,"Auditory salience models typically operationalise salience in terms of spectral energy, spectral flux, or onset strength (Kayser et al."
uncited_works,8b-is:8b-public-documents,framework/phoenix_preregistration.tex,phoenix_preregistration.tex,framework/phoenix_preregistration.tex,337,6436,0,0.0,0,138N$ patterns for $N$ binary units (Amit et al.
uncited_works,8b-is:8b-public-documents,framework/phoenix_preregistration.tex,phoenix_preregistration.tex,framework/phoenix_preregistration.tex,338,6436,0,0.0,0,"Complex-valued and phase-coded extensions of Hopfield-type networks have been studied theoretically (Noest, 1988; Jankowski et al."
uncited_works,8b-is:8b-public-documents,framework/phoenix_preregistration.tex,phoenix_preregistration.tex,framework/phoenix_preregistration.tex,570,6436,0,0.0,0,138N$ patterns reliably before interference dominates (Amit et al.
uncited_works,8b-is:8b-public-documents,framework/phoenix_preregistration.tex,phoenix_preregistration.tex,framework/phoenix_preregistration.tex,778,6436,0,0.0,0,", Klapuri, 2006; Kayser et al."
uncited_works,8b-is:8b-public-documents,framework/phoenix_preregistration.tex,phoenix_preregistration.tex,framework/phoenix_preregistration.tex,1188,6436,0,0.0,0,"\ floating-point); comparison to complex-valued Hopfield networks (Noest, 1988; Jankowski et al."
uncited_works,8b-is:8b-public-documents,framework/phoenix_preregistration.tex,phoenix_preregistration.tex,framework/phoenix_preregistration.tex,1384,6436,0,0.0,0,"\begin{itemize} \item \textbf{B1, A2 (instrumental recordings):} University of Iowa Electronic Music Studios Musical Instrument Samples; NSynth (Engel et al."
uncited_works,8b-is:8b-public-documents,framework/phoenix_preregistration.tex,phoenix_preregistration.tex,framework/phoenix_preregistration.tex,1386,6436,0,0.0,0,", 2017); RWC Music Database (Goto et al."
uncited_claims,library,vault/draft-01.tex,"CLIO: A Unified Architecture of Feeling, Cognition, and Coherence [6pt] Solmsian Affective Neurosci…",vault/draft-01.tex,208,3072,0,0.0,1,"Clinical and experimental evidence shows that damage to certain brainstem and diencephalic structures---particularly periaqueductal gray (PAG), upper brainstem…"
uncited_works,spherepop,processing/adaptive-trust/monograph.tex,Adaptive Trust Dynamics Exhibit Hysteresis [0.5em] Implications for AI Governance and Institutional…,processing/adaptive-trust/monograph.tex,50,2126,0,0.0,20,AI alignment literature addresses corrigibility (Soares et al.
uncited_claims,research-projects,interpretability/Causal Mediation.tex,"Causal Mediation, Event Structure, and Regime-Sensitive Mechanistic Interpretability",interpretability/Causal Mediation.tex,58,2517,0,0.0,0,"In parallel, recent work in mechanistic interpretability has introduced experimental paradigms such as causal tracing, activation restoration, and interchange …"
uncited_claims,spherepop,textbook/dependent-type-theory.tex,Building a Type Calculus and the Calculus of Constructions in Spherepop A Historical Foundation for…,textbook/dependent-type-theory.tex,6916,28623,0,0.0,31,It is established constructively.
uncited_works,typing-tutor,essay/global-constraints.tex,"Global Constraints, Geometric Mass, and Evolutionary Relaxation: A Unified Historical and Theoretic…",essay/global-constraints.tex,637,4190,65,15.51,0,"\begin{itemize} \item \textbf{Least action as a global principle} (Hamilton, 1834; Maupertuis, 1744) \item \textbf{Entropy maxima under constraints} (Boltzmann…"
uncited_works,typing-tutor,essay/global-constraints.tex,"Global Constraints, Geometric Mass, and Evolutionary Relaxation: A Unified Historical and Theoretic…",essay/global-constraints.tex,643,4190,65,15.51,0,", 2025) \item \textbf{Curvature-sourced mass models} (Joyce, 2000; Bryant, 2006; Pincak et al."
uncited_claims,alphabet,Admissible Histories - Computational Biology.tex,Admissible Histories as a Unifying Principle of Neural Decision-Making,Admissible Histories - Computational Biology.tex,38,2853,0,0.0,6,Recent empirical findings fundamentally challenge this ontology.
uncited_claims,alphabet,Admissible Histories - Computational Biology.tex,Admissible Histories as a Unifying Principle of Neural Decision-Making,Admissible Histories - Computational Biology.tex,47,2853,0,0.0,6,"However, recent empirical findings expose a structural limitation of this approach."
uncited_works,alphabet,Admissible Histories - Computational Biology.tex,Admissible Histories as a Unifying Principle of Neural Decision-Making,Admissible Histories - Computational Biology.tex,38,2853,0,0.0,6,"A biomimetic corticostriatal model, validated against macaque data, reveals a class of neurons—termed incongruent neurons—whose activity within the first 200 m…"
uncited_works,alphabet,Admissible Histories - Computational Biology.tex,Admissible Histories as a Unifying Principle of Neural Decision-Making,Admissible Histories - Computational Biology.tex,43,2853,0,0.0,6,"Whether instantiated as drift–diffusion processes, race models, or Bayesian evidence accumulation, these frameworks share a common ontology: at each moment in …"
uncited_works,alphabet,Admissible Histories - Computational Biology.tex,Admissible Histories as a Unifying Principle of Neural Decision-Making,Admissible Histories - Computational Biology.tex,117,2853,0,0.0,6,Any attempt to replace or generalize drift–diffusion models must contend with a second dominant framework in contemporary theoretical neuroscience: the Free En…
uncited_works,alphabet,Admissible Histories - Computational Biology.tex,Admissible Histories as a Unifying Principle of Neural Decision-Making,Admissible Histories - Computational Biology.tex,137,2853,0,0.0,6,The intervention results of Pathak et al.
uncited_works,alphabet,Admissible Histories - Computational Biology.tex,Admissible Histories as a Unifying Principle of Neural Decision-Making,Admissible Histories - Computational Biology.tex,267,2853,0,0.0,6,"\left[ \ln q(s_{t+1}\mid \pi) - \ln p(s_{t+1}) - \ln p(o_{t+1}\mid s_{t+1}) \right], \] or equivalent decompositions into risk and ambiguity (Friston, 2010; Fr…"
uncited_claims,TARTAN,analysis/resonance-without-a-substrate.tex,Resonance Without a Substrate Consistency Constraints on Endogenous Memory Compression,analysis/resonance-without-a-substrate.tex,786,11631,0,0.0,31,Some experimental evidence suggests isotope-dependent smell; other attempts at replication have been inconclusive.
uncited_claims,TARTAN,analysis/resonance-without-a-substrate.tex,Resonance Without a Substrate Consistency Constraints on Endogenous Memory Compression,analysis/resonance-without-a-substrate.tex,979,11631,0,0.0,31,Experimental data indicate that transitions are preceded by continuous destabilization phases and exhibit nontrivial temporal structure.
uncited_claims,TARTAN,analysis/resonance-without-a-substrate.tex,Resonance Without a Substrate Consistency Constraints on Endogenous Memory Compression,analysis/resonance-without-a-substrate.tex,1083,11631,0,0.0,31,Empirical studies of bistable perception indicate that dwell times follow gamma or log-normal distributions rather than purely exponential ones.
uncited_claims,library,Identity as Namespace.tex,"Identity as Namespace: Entropy, Reputation, and Metric Collapse in Platform Architectures",Identity as Namespace.tex,403,11357,0,0.0,0,Further empirical work is required to calibrate the parameters of the field equations and to test predictions across diverse platforms.
uncited_works,calculus,constraint_and_transformation_v2.tex,constraint_and_transformation_v2.tex,constraint_and_transformation_v2.tex,1377,5611,21,3.74,0,\begin{history}[Payne-Gaposchkin: hydrogen and helium in stars] Payne-Gaposchkin's 1925 discovery that stars are overwhelmingly hydrogen and helium was resiste…
uncited_works,calculus,constraint_and_transformation_v2.tex,constraint_and_transformation_v2.tex,constraint_and_transformation_v2.tex,1631,5611,21,3.74,0,\begin{myexample}[Hazen: mineral evolution] Hazen et al.
uncited_claims,research-projects,recursive-agency/lamphrodynamic-flows.tex,Deep Learning Solvers as Lamphrodynamic Flows in RSVP Field Theory,recursive-agency/lamphrodynamic-flows.tex,63,6574,0,0.0,0,"In recent work, Fernández-Villaverde has argued that deep neural networks provide a powerful and flexible method for solving dynamic economic models, especiall…"
uncited_claims,kitbash,operations/essay-03/draft-01/essay.tex,Chokepoint Capitalism in Knowledge Infrastructures: An RSVP-Theoretic Analysis,operations/essay-03/draft-01/essay.tex,36,2387,5,2.09,3,"Over 70 percent of H-1B holders are from India, and the policy has been denounced by India's Ministry of External Affairs for potential humanitarian disruption…"
uncited_claims,library,vault/monograph.tex,monograph.tex,vault/monograph.tex,1628,21939,183,8.34,0,Neurophysiological studies show:
uncited_works,library,vault/monograph.tex,monograph.tex,vault/monograph.tex,3552,21939,183,8.34,0,"\begin{itemize} \item high precision regions correspond to high-confidence reasoning, \item low precision regions correspond to uncertain or exploratory reason…"
uncited_works,library,vault/monograph.tex,monograph.tex,vault/monograph.tex,5819,21939,183,8.34,0,\section{Connection to Cheng et al.
uncited_works,library,vault/monograph.tex,monograph.tex,vault/monograph.tex,5902,21939,183,8.34,0,"These results connect biological affective neuroscience (Solms), field-theoretic stability (RSVP), and uncertainty-gradient signatures observed in Cheng et al."
uncited_works,library,vault/monograph.tex,monograph.tex,vault/monograph.tex,7254,21939,183,8.34,0,"The belief-reduction operator, inspired by Cheng et al."
uncited_claims,kitbash,paradox/draft-02/paper.tex,Quantifying Paradox and Coherence in Structured Systems,paradox/draft-02/paper.tex,396,2911,4,1.37,5,Empirical Validation: Implementing hierarchical RSVP in AI architectures or cognitive simulators will provide empirical evidence for the theoretical prediction…
uncited_works,kitbash,paradox/draft-02/paper.tex,Quantifying Paradox and Coherence in Structured Systems,paradox/draft-02/paper.tex,31,2911,4,1.37,5,These mechanisms are integrated with RSVP theory’s semantic fields and Yuan et al.
uncited_works,kitbash,paradox/draft-02/paper.tex,Quantifying Paradox and Coherence in Structured Systems,paradox/draft-02/paper.tex,196,2911,4,1.37,5,"Macro-level causal patterns can resolve paradoxes by reorganizing micro-level inconsistencies, a direct link to Yuan et al."
uncited_works,kitbash,paradox/draft-02/paper.tex,Quantifying Paradox and Coherence in Structured Systems,paradox/draft-02/paper.tex,366,2911,4,1.37,5,Micro-to-Macro Coherence: The integration of RSVP fields with causal emergence demonstrates that local paradoxes and inconsistencies do not necessarily propaga…
uncited_works,kitbash,paradox/draft-02/paper.tex,Quantifying Paradox and Coherence in Structured Systems,paradox/draft-02/paper.tex,430,2911,4,1.37,5,Problem Statement: While Yuan et al.
uncited_claims,spherepop,textbook/negation-before-logic.tex,"Negation Before Logic: Inferential Fields, Orientation Reversal, and the Geometry of Admissible Inf…",textbook/negation-before-logic.tex,566,18138,0,0.0,39,The 2024 monotonicity-domain experiments show that processing cost tracks domain structure rather than operator occurrence.
uncited_claims,spherepop,textbook/negation-before-logic.tex,"Negation Before Logic: Inferential Fields, Orientation Reversal, and the Geometry of Admissible Inf…",textbook/negation-before-logic.tex,1783,18138,0,0.0,39,"The empirical evidence reviewed in this paper suggests that this ordering is wrong, or at least incomplete."
missing bib keys,alphabet,projects/processing/draft-02.tex,MAGI as a Geometric Generalization of Momentum-Based Optimization,projects/processing/draft-02.tex,,5873,183,31.16,18,"Amari1998, AmariNagaoka2000, AmbrosioGigliSavaré2008, BierstoneMilman1988, Bolte2014, Bredon1970, Chillingworth1976, HarauxJendoubi2012, Karcher1977, Kurdyka1998, Lojasiewicz1965, Mather1970, Nesterov1983, Rumelhart1986, Thom1969, Villani2009"
uncited_works,8b-is:8b-public-documents,framework/admissibility_principle.tex,admissibility_principle.tex,framework/admissibility_principle.tex,249,18228,0,0.0,0,"\textbf{Part~II} (Section~\ref{sec:lineage}) provides the biological instantiation: cellular differentiation reconstructed through multimodal lineage tracing, …"
uncited_works,8b-is:8b-public-documents,framework/admissibility_principle.tex,admissibility_principle.tex,framework/admissibility_principle.tex,276,18228,0,0.0,0,Section~\ref{sec:underconstraint} develops the underconstraint problem following Yudkowsky (2008) and connects it to the sheaf-theoretic obstruction framework.
uncited_works,8b-is:8b-public-documents,framework/admissibility_principle.tex,admissibility_principle.tex,framework/admissibility_principle.tex,296,18228,0,0.0,0,"Primary sources: Church (1936), Curry and Feys (1958), Howard (1980), Girard (1986), and Sørensen--Urzyczyn (2006)."
uncited_works,8b-is:8b-public-documents,framework/admissibility_principle.tex,admissibility_principle.tex,framework/admissibility_principle.tex,786,18228,0,0.0,0,"\begin{established} The biological material in this section is drawn from Wang, He, and Hu (2026), ``Computational approaches for multimodal lineage tracing,''…"
uncited_works,8b-is:8b-public-documents,framework/admissibility_principle.tex,admissibility_principle.tex,framework/admissibility_principle.tex,1089,18228,0,0.0,0,"The review by Wang, He, and Hu (2026) thus provides an empirically grounded, computationally active, and formally tractable domain in which the admissibility p…"
uncited_works,8b-is:8b-public-documents,framework/admissibility_principle.tex,admissibility_principle.tex,framework/admissibility_principle.tex,1757,18228,0,0.0,0,"\begin{established} The material in this section follows Bicchieri and Schulte (1996), ``Common Reasoning About Admissibility,'' \textit{Erkenntnis} (revised 1…"
uncited_works,8b-is:8b-public-documents,framework/admissibility_principle.tex,admissibility_principle.tex,framework/admissibility_principle.tex,1981,18228,0,0.0,0,\begin{speculative} The Modgil--Patil (2026) paper on observer admissibility and Planck invariance is not yet peer-reviewed in its current form and contains ac…
uncited_works,8b-is:8b-public-documents,framework/admissibility_principle.tex,admissibility_principle.tex,framework/admissibility_principle.tex,2091,18228,0,0.0,0,Zenteno (2026) formalizes admissibility through continuous penalty functionals relative to constraint manifolds.
uncited_works,8b-is:8b-public-documents,framework/admissibility_principle.tex,admissibility_principle.tex,framework/admissibility_principle.tex,2110,18228,0,0.0,0,The Paton (2026) pre-explanatory admissibility layer makes the same move at the level of scientific modelling: a system state must satisfy structural membershi…
uncited_works,8b-is:8b-public-documents,framework/admissibility_principle.tex,admissibility_principle.tex,framework/admissibility_principle.tex,2126,18228,0,0.0,0,"}] Quantum optics (weak-value dwell times, APL Quantum 2025), ultrafast photonics (DC-OPA, Nature Photonics), gauge theory (standard), Rayleigh--Taylor turbule…"
uncited_works,8b-is:8b-public-documents,framework/admissibility_principle.tex,admissibility_principle.tex,framework/admissibility_principle.tex,2399,18228,0,0.0,0,"\item The quantum dwell-time results (anomalous weak values, group-delay formulas) follow APL Quantum (2025)."
uncited_works,8b-is:8b-public-documents,framework/admissibility_principle.tex,admissibility_principle.tex,framework/admissibility_principle.tex,2407,18228,0,0.0,0,"\item The game-theoretic admissibility results (iterated weak dominance, representation-independence) follow Bicchieri--Schulte (1996)."
uncited_works,8b-is:8b-public-documents,framework/admissibility_principle.tex,admissibility_principle.tex,framework/admissibility_principle.tex,2412,18228,0,0.0,0,06$ matching RT experiment) follow Glimm et al.
uncited_works,8b-is:8b-public-documents,framework/admissibility_principle.tex,admissibility_principle.tex,framework/admissibility_principle.tex,2415,18228,0,0.0,0,"\item The multimodal lineage tracing methodology, computational frameworks (LineageOT, moslin, LineageVAE, PORCELAN), and characterization of progressive poten…"
uncited_works,8b-is:8b-public-documents,framework/admissibility_principle.tex,admissibility_principle.tex,framework/admissibility_principle.tex,2421,18228,0,0.0,0,\item The underconstraint argument follows Yudkowsky (2008); the endogenous growth and Moore's Law analyses are as described in that essay.
uncited_works,8b-is:8b-public-documents,framework/admissibility_principle.tex,admissibility_principle.tex,framework/admissibility_principle.tex,2441,18228,0,0.0,0,\item The observer-admissibility framework of Modgil--Patil (2026) requires covariant reconstruction of $\gamma_g$ using tetrads or observer congruences; the g…
uncited_works,8b-is:8b-public-documents,framework/admissibility_principle.tex,admissibility_principle.tex,framework/admissibility_principle.tex,2445,18228,0,0.0,0,\item The Zenteno (2026) penalty-functional approach requires derivation of the penalty from an action principle.
uncited_works,8b-is:8b-public-documents,framework/admissibility_principle.tex,admissibility_principle.tex,framework/admissibility_principle.tex,2646,18228,0,0.0,0,Yudkowsky's essay also references Moravec's 1988 work as an illustration of a complementary failure: the problem of assuming a unique forward application of an…
uncited_works,8b-is:8b-public-documents,framework/admissibility_principle.tex,admissibility_principle.tex,framework/admissibility_principle.tex,2923,18228,0,0.0,0,[Cited for wild Euler-equation solutions establishing nonuniqueness; background for the Glimm et al.
uncited_claims,alphabet,Admissible Histories - Cognition.tex,Admissible Histories: Incongruent Neurons and the Temporal Structure of Decision-Making,Admissible Histories - Cognition.tex,38,1540,0,0.0,7,Recent work complicates this picture.
uncited_works,alphabet,Admissible Histories - Cognition.tex,Admissible Histories: Incongruent Neurons and the Temporal Structure of Decision-Making,Admissible Histories - Cognition.tex,31,1540,0,0.0,7,A biomimetic corticostriatal model and corresponding macaque data reveal a population of neurons—termed incongruent neurons—whose activity during the first 200…
uncited_works,alphabet,Admissible Histories - Cognition.tex,Admissible Histories: Incongruent Neurons and the Temporal Structure of Decision-Making,Admissible Histories - Cognition.tex,36,1540,0,0.0,7,"In classical decision models, errors arise when noise overwhelms signal, when evidence accumulation terminates prematurely, or when control mechanisms fail to …"
uncited_works,alphabet,Admissible Histories - Cognition.tex,Admissible Histories: Incongruent Neurons and the Temporal Structure of Decision-Making,Admissible Histories - Cognition.tex,38,1540,0,0.0,7,"Using a biologically grounded model of corticostriatal micro-assemblies, Pathak et al."
uncited_works,alphabet,Admissible Histories - Cognition.tex,Admissible Histories: Incongruent Neurons and the Temporal Structure of Decision-Making,Admissible Histories - Cognition.tex,54,1540,0,0.0,7,This distinction aligns with earlier findings showing that neural activity predictive of action precedes conscious awareness of intention (Libet et al.
uncited_works,research-projects,progress-report.tex,A Unified Outline of RSVP Research Projects,progress-report.tex,713,7910,0,0.0,5,This visual project builds a modern creative interpretation of Emanuel Swedenborg's 1757 cosmological vision---famously described as the ``last judgment'' witn…
uncited_claims,library,spectral-universality/spectral-universality.tex,"Spectral Universality in Complex Systems: Random Matrices, Cortical Resonance, and RSVP Dynamics",spectral-universality/spectral-universality.tex,82,10423,13,1.25,0,"Appendices present mathematical foundations, operator derivations, symmetry reductions, numerical methods, and empirical evidence."
uncited_claims,library,spectral-universality/spectral-universality.tex,"Spectral Universality in Complex Systems: Random Matrices, Cortical Resonance, and RSVP Dynamics",spectral-universality/spectral-universality.tex,314,10423,13,1.25,0,"Electrophysiological studies have shown that during working-memory engagement, the prefrontal cortex does not simply maintain information through persistent fi…"
uncited_claims,library,spectral-universality/spectral-universality.tex,"Spectral Universality in Complex Systems: Random Matrices, Cortical Resonance, and RSVP Dynamics",spectral-universality/spectral-universality.tex,362,10423,13,1.25,0,"This formalizes the empirical findings that anesthesia drives the cortex into a low-dimensional, incoherent mode distribution."
uncited_claims,library,spectral-universality/spectral-universality.tex,"Spectral Universality in Complex Systems: Random Matrices, Cortical Resonance, and RSVP Dynamics",spectral-universality/spectral-universality.tex,856,10423,13,1.25,0,"\begin{itemize} \item neutron scattering data show level repulsion, \item spacing distributions match the Wigner surmise, \item $k$-point correlations match GO…"
uncited_claims,library,spectral-universality/spectral-universality.tex,"Spectral Universality in Complex Systems: Random Matrices, Cortical Resonance, and RSVP Dynamics",spectral-universality/spectral-universality.tex,1056,10423,13,1.25,0,"In cortical systems, empirical data suggest: \begin{itemize} \item anesthesia induces approximate $\beta\approx 1$ (higher symmetry, lower complexity), \item c…"
uncited_claims,library,spectral-universality/spectral-universality.tex,"Spectral Universality in Complex Systems: Random Matrices, Cortical Resonance, and RSVP Dynamics",spectral-universality/spectral-universality.tex,1417,10423,13,1.25,0,\section*{Appendix D: Empirical Evidence for Spectral Universality in Cortex}
uncited_claims,library,spectral-universality/spectral-universality.tex,"Spectral Universality in Complex Systems: Random Matrices, Cortical Resonance, and RSVP Dynamics",spectral-universality/spectral-universality.tex,1425,10423,13,1.25,0,1 Empirical Evidence from Resting-State fMRI}
uncited_claims,library,spectral-universality/spectral-universality.tex,"Spectral Universality in Complex Systems: Random Matrices, Cortical Resonance, and RSVP Dynamics",spectral-universality/spectral-universality.tex,1473,10423,13,1.25,0,Empirical findings include: \begin{itemize} \item top neural principal components explain up to $80
uncited_works,library,spectral-universality/spectral-universality.tex,"Spectral Universality in Complex Systems: Random Matrices, Cortical Resonance, and RSVP Dynamics",spectral-universality/spectral-universality.tex,1439,10423,13,1.25,0,Electrophysiological studies using multi-electrode arrays (Trongnetrpunya et al.
uncited_claims,alphabet,example/compression-of-expertise.tex,The Compression of Expertise,example/compression-of-expertise.tex,64,1818,0,0.0,0,"This essay proposes a reframing that changes what the practice hours are doing, without disputing the empirical findings themselves."
uncited_claims,research-projects,analysis/github_developer_lifecycles.tex,Developer Lifecycles and Language Ecosystem Dynamics on GitHub: A Large-Scale Analysis of a Follow …,analysis/github_developer_lifecycles.tex,36,5178,5,0.97,5,Most empirical studies of GitHub rely on repository-centric datasets such as GitHub Archive or BigQuery mirrors.
uncited_claims,research-projects,analysis/github_developer_lifecycles.tex,Developer Lifecycles and Language Ecosystem Dynamics on GitHub: A Large-Scale Analysis of a Follow …,analysis/github_developer_lifecycles.tex,488,5178,5,0.97,5,"The empirical data suggests a mixture of mildly increasing hazard and survivorship bias, resulting in the non-monotonic observed survival curve."
uncited_claims,research-projects,analysis/github_developer_lifecycles.tex,Developer Lifecycles and Language Ecosystem Dynamics on GitHub: A Large-Scale Analysis of a Follow …,analysis/github_developer_lifecycles.tex,644,5178,5,0.97,5,"The empirical data suggests $k$ slightly greater than $1$, indicating a mild aging effect consistent with gradual disengagement over the developer lifecycle."
uncited_claims,calculus,experiments/prediction-before-interpretation.tex,Prediction Before Interpretation: A Criterion for Field-Like Constructs in Complex Systems,experiments/prediction-before-interpretation.tex,30,3761,0,0.0,0,"If no, it is still doing rhetorical work---organizing intuition, suggesting analogies, lending vocabulary---but it has not yet done empirical work, no matter h…"
uncited_claims,calculus,experiments/prediction-before-interpretation.tex,Prediction Before Interpretation: A Criterion for Field-Like Constructs in Complex Systems,experiments/prediction-before-interpretation.tex,131,3761,0,0.0,0,The eventual results paper will ask what the experiments show.
uncited_claims,research-projects,Local Tractability and Global Dysfunction.tex,"Local Tractability and Global Dysfunction Institutional Mediation, Epistemic Efficiency, and the Ra…",Local Tractability and Global Dysfunction.tex,31,23265,0,0.0,165,"By synthesizing empirical evidence with formal models, the paper advances three central contributions: a theory of institutionally induced complexity, a game-t…"
uncited_claims,research-projects,Local Tractability and Global Dysfunction.tex,"Local Tractability and Global Dysfunction Institutional Mediation, Epistemic Efficiency, and the Ra…",Local Tractability and Global Dysfunction.tex,73,23265,0,0.0,165,"Where much of the literature focuses on allocative inefficiency or rent extraction, the analysis here emphasizes epistemic consequences: how institutions resha…"
uncited_claims,research-projects,Local Tractability and Global Dysfunction.tex,"Local Tractability and Global Dysfunction Institutional Mediation, Epistemic Efficiency, and the Ra…",Local Tractability and Global Dysfunction.tex,93,23265,0,0.0,165,"Empirical studies of resilience increasingly emphasize redundancy, modularity, and local capacity as critical factors in system robustness."
uncited_claims,research-projects,Local Tractability and Global Dysfunction.tex,"Local Tractability and Global Dysfunction Institutional Mediation, Epistemic Efficiency, and the Ra…",Local Tractability and Global Dysfunction.tex,215,23265,0,0.0,165,\subsection{Empirical Evidence on Learning Efficiency}
uncited_claims,research-projects,Local Tractability and Global Dysfunction.tex,"Local Tractability and Global Dysfunction Institutional Mediation, Epistemic Efficiency, and the Ra…",Local Tractability and Global Dysfunction.tex,299,23265,0,0.0,165,Empirical evidence supports the efficacy of simple dietary heuristics.
uncited_claims,research-projects,Local Tractability and Global Dysfunction.tex,"Local Tractability and Global Dysfunction Institutional Mediation, Epistemic Efficiency, and the Ra…",Local Tractability and Global Dysfunction.tex,347,23265,0,0.0,165,Empirical evidence suggests that reach achieved at the expense of coherence often produces shallow exposure rather than durable knowledge.
uncited_claims,research-projects,Local Tractability and Global Dysfunction.tex,"Local Tractability and Global Dysfunction Institutional Mediation, Epistemic Efficiency, and the Ra…",Local Tractability and Global Dysfunction.tex,465,23265,0,0.0,165,"Each case examines a domain in which empirical evidence is readily available, institutional narratives of irreducible complexity are prominent, and alternative…"
uncited_claims,research-projects,Local Tractability and Global Dysfunction.tex,"Local Tractability and Global Dysfunction Institutional Mediation, Epistemic Efficiency, and the Ra…",Local Tractability and Global Dysfunction.tex,469,23265,0,0.0,165,Yet empirical evidence reveals a substantial divergence between what is medically necessary for safe care and what is institutionally required to provide it.
uncited_claims,research-projects,paper/flash_reluctance_engine.tex,"A Multimodal Flash--Reluctance Engine: [0.4em] Thermodynamic, Electromagnetic, and Mechanical Coupl…",paper/flash_reluctance_engine.tex,405,6412,0,0.0,0,"5$, which for the baseline parameters yields steady-state behavior with EM fraction below 35\% of total energy input."
uncited_claims,antivenom,essay/research-report.tex,"From Fields to Futures [0.4em] A Recent History of Constraint, Admissibility, and Continuation",essay/research-report.tex,101,52574,0,0.0,0,Recent work on counterfactual sovereignty makes the political consequence explicit: control over the comparison class is itself a form of power because it dete…
uncited_claims,antivenom,essay/research-report.tex,"From Fields to Futures [0.4em] A Recent History of Constraint, Admissibility, and Continuation",essay/research-report.tex,131,52574,0,0.0,0,It is a compact statement of the direction toward which the recent work has converged.
uncited_claims,antivenom,essay/research-report.tex,"From Fields to Futures [0.4em] A Recent History of Constraint, Admissibility, and Continuation",essay/research-report.tex,6303,52574,0,0.0,0,This yields perhaps the strongest ontological consequence of the recent work.
uncited_claims,antivenom,essay/research-report.tex,"From Fields to Futures [0.4em] A Recent History of Constraint, Admissibility, and Continuation",essay/research-report.tex,8252,52574,0,0.0,0,The recent work contains several families of concepts that are clearly related but not yet always sharply separated.
uncited_claims,antivenom,essay/research-report.tex,"From Fields to Futures [0.4em] A Recent History of Constraint, Admissibility, and Continuation",essay/research-report.tex,8391,52574,0,0.0,0,"This problem has already appeared implicitly in the recent work on diagnostic coordinates and repair warrant, and it should be generalized."
uncited_claims,antivenom,essay/research-report.tex,"From Fields to Futures [0.4em] A Recent History of Constraint, Admissibility, and Continuation",essay/research-report.tex,9556,52574,0,0.0,0,This makes explicit a principle implicit throughout the recent work:
uncited_claims,antivenom,essay/research-report.tex,"From Fields to Futures [0.4em] A Recent History of Constraint, Admissibility, and Continuation",essay/research-report.tex,10779,52574,0,0.0,0,That proposition may be the smallest statement from which the largest portion of the recent research can presently be reconstructed.
uncited_claims,antivenom,essay/research-report.tex,"From Fields to Futures [0.4em] A Recent History of Constraint, Admissibility, and Continuation",essay/research-report.tex,11829,52574,0,0.0,0,"The recent work on counterfactual sovereignty makes this epistemic asymmetry explicit: to evaluate an outcome requires a comparison, but the comparison itself …"
uncited_claims,antivenom,essay/research-report.tex,"From Fields to Futures [0.4em] A Recent History of Constraint, Admissibility, and Continuation",essay/research-report.tex,13814,52574,0,0.0,0,This may be the most important methodological constraint to emerge from the recent work because it applies directly to the program itself.
uncited_claims,antivenom,essay/research-report.tex,"From Fields to Futures [0.4em] A Recent History of Constraint, Admissibility, and Continuation",essay/research-report.tex,14060,52574,0,0.0,0,The recent work on narrative merger suggests a criterion for this process.
uncited_claims,antivenom,Authoritative History.tex,Authoritative History and the Limits of Autoregressive Intelligence,Authoritative History.tex,80,10858,0,0.0,31,"By analyzing error propagation in the absence of invariant-gated transitions, it is shown that even small deviations from admissible structure compound irrever…"
uncited_claims,antivenom,Authoritative History.tex,Authoritative History and the Limits of Autoregressive Intelligence,Authoritative History.tex,541,10858,0,0.0,31,"In the following section, it is shown that each can be formalized as an instance of a single abstract class of systems, differing only in representational choi…"
uncited_claims,antivenom,Authoritative History.tex,Authoritative History and the Limits of Autoregressive Intelligence,Authoritative History.tex,937,10858,0,0.0,31,"It would be undermined by empirical evidence demonstrating that a view-only predictive system can sustain unbounded coherence under arbitrary perturbations, ma…"
uncited_claims,antivenom,Authoritative History.tex,Authoritative History and the Limits of Autoregressive Intelligence,Authoritative History.tex,943,10858,0,0.0,31,"To date, no empirical evidence supports these possibilities, and existing results are consistent with the necessity of invariant-preserving architectures for l…"
uncited_claims,antivenom,Authoritative History.tex,Authoritative History and the Limits of Autoregressive Intelligence,Authoritative History.tex,946,10858,0,0.0,31,\subsection{Relation to existing empirical work}
uncited_claims,antivenom,Authoritative History.tex,Authoritative History and the Limits of Autoregressive Intelligence,Authoritative History.tex,966,10858,0,0.0,31,"More recent work on learned world models emphasizes latent-space prediction, particularly in continuous domains."
uncited_claims,antivenom,Authoritative History.tex,Authoritative History and the Limits of Autoregressive Intelligence,Authoritative History.tex,1351,10858,0,0.0,31,"The presence of refusal, repair, and escalation behaviors serves as empirical evidence for authoritative history and invariant gating, distinguishing genuine w…"
uncited_claims,research-projects,epistemology/Semantic-Construction.tex,"Compression, Abstraction, and Semantic Construction: A Structural Response to the Mathematical Foun…",epistemology/Semantic-Construction.tex,40,4743,0,0.0,0,"Recent work by Yi Ma has clarified the mathematical foundations of intelligence by isolating two governing principles: parsimony, understood as compression, an…"
uncited_claims,research-projects,epistemology/Semantic-Construction.tex,"Compression, Abstraction, and Semantic Construction: A Structural Response to the Mathematical Foun…",epistemology/Semantic-Construction.tex,79,4743,0,0.0,0,"In his recent work on the mathematical foundations of intelligence, Yi Ma has articulated a framework that unifies large portions of the first tradition while …"
uncited_claims,research-projects,admissibility-lab/processing/containers-before-contents.tex,"Containers Before Contents [0.3em] Boundary Dynamics, Selective Permeability, and the Mathematics o…",admissibility-lab/processing/containers-before-contents.tex,298,12154,0,0.0,0,"That limiting case is itself worth naming, since nothing in the theory so far has been shown to be free-standing in any stronger sense, and the apparent autono…"
uncited_claims,research-projects,admissibility-lab/processing/containers-before-contents.tex,"Containers Before Contents [0.3em] Boundary Dynamics, Selective Permeability, and the Mathematics o…",admissibility-lab/processing/containers-before-contents.tex,390,12154,0,0.0,0,'' They further note that even the paradigmatic topological case --- the cell membrane as a continuous physical barrier --- is itself contested in the literatu…
uncited_works,research-projects,admissibility-lab/processing/containers-before-contents.tex,"Containers Before Contents [0.3em] Boundary Dynamics, Selective Permeability, and the Mathematics o…",admissibility-lab/processing/containers-before-contents.tex,388,12154,0,0.0,0,"According to Bich and Damiano's (2012) account of the broader organizational-approach tradition, it is more accurately traced to Piaget, and autopoiesis is pro…"
uncited_works,research-projects,admissibility-lab/processing/containers-before-contents.tex,"Containers Before Contents [0.3em] Boundary Dynamics, Selective Permeability, and the Mathematics o…",admissibility-lab/processing/containers-before-contents.tex,390,12154,0,0.0,0,"Bich and Damiano (2012) describe self-distinction, the capability of a living system to mark itself off from its environment, as a property the tradition agree…"
uncited_works,research-projects,admissibility-lab/processing/containers-before-contents.tex,"Containers Before Contents [0.3em] Boundary Dynamics, Selective Permeability, and the Mathematics o…",admissibility-lab/processing/containers-before-contents.tex,392,12154,0,0.0,0,"Bich and Damiano (2007), summarizing the orthodox formulation, present autopoietic organization as having two necessary components: a network of processes that…"
uncited_works,research-projects,admissibility-lab/processing/containers-before-contents.tex,"Containers Before Contents [0.3em] Boundary Dynamics, Selective Permeability, and the Mathematics o…",admissibility-lab/processing/containers-before-contents.tex,392,12154,0,0.0,0,The internal debate Bich and Damiano (2012) describe is therefore better read as a debate within the wider organizational-approach tradition about whether Matu…
uncited_works,research-projects,admissibility-lab/processing/containers-before-contents.tex,"Containers Before Contents [0.3em] Boundary Dynamics, Selective Permeability, and the Mathematics o…",admissibility-lab/processing/containers-before-contents.tex,396,12154,0,0.0,0,"Weiss's model of hierarchically organized living systems, as presented by Bich and Damiano (2012), addresses a relation of a similar shape to the one Section 6…"
uncited_works,research-projects,admissibility-lab/processing/containers-before-contents.tex,"Containers Before Contents [0.3em] Boundary Dynamics, Selective Permeability, and the Mathematics o…",admissibility-lab/processing/containers-before-contents.tex,433,12154,0,0.0,0,"Citations to Piaget (1967), Rosen (1958, 1991), Weiss (1968), Gánti (2003), and Pollack (2001) above are drawn from these two papers' discussion of those sourc…"
uncited_works,alphabet,Abstraction as Reduction.tex,"Abstraction as Reduction: A Unified Account of Evaluation, Structure, and Proof",Abstraction as Reduction.tex,486,32013,5,0.16,0,"Phenomenological presence, according to Derrida, never stabilizes—it differs and defers."
uncited_claims,research-projects,epistemology/spherepop/Abstraction-before-Representation.tex,"Abstraction Before Representation: Deterministic Replay, Semantic Equivalence, and the Ontology of …",epistemology/spherepop/Abstraction-before-Representation.tex,61,2530,0,0.0,0,Recent work in the mathematical theory of intelligence has emphasized two principles: parsimony and self-consistency.
uncited_works,research-projects,epistemology/recursive-admissibility.tex,recursive-admissibility.tex,epistemology/recursive-admissibility.tex,1431,14407,0,0.0,0,"The connection to optimal control and the Hamilton-Jacobi-Bellman equation was developed by Bellman and Dreyfus, and independently by Pontryagin, Boltyanskii, …"
uncited_works,research-projects,epistemology/recursive-admissibility.tex,recursive-admissibility.tex,epistemology/recursive-admissibility.tex,1431,14407,0,0.0,0,Blackwell's sufficient conditions for contraction appear in Blackwell (1965).
uncited_claims,research-projects,interpretability/Mechanistic Interpretability.tex,Mechanistic Interpretability as Causal Reverse Engineering,interpretability/Mechanistic Interpretability.tex,51,3539,0,0.0,0,This essay synthesizes a causal paradigm for mechanistic interpretability articulated in recent work by Atticus Geiger.
uncited_claims,robotics,hierarchical_continuation.tex,Hierarchical Continuation and the Geometry of Locomotion,hierarchical_continuation.tex,314,9085,0,0.0,0,"2 but fails this test should be reported honestly as a theory of periodic locomotion, a narrower and still useful claim, rather than quietly generalized to cov…"
uncited_claims,robotics,hierarchical_continuation.tex,Hierarchical Continuation and the Geometry of Locomotion,hierarchical_continuation.tex,330,9085,0,0.0,0,"The purpose of stating these conditions before the empirical work is done, rather than after, is to make sure the theory can be wrong — which is the only condi…"
uncited_claims,abraxas,projects/article.tex,Xylomorphic Computation and Thermodynamic Infrastructure,projects/article.tex,137,4242,82,19.33,39,"\begin{itemize} \item \textbf{Retrofitted urban data centers}: GPU farms integrated into building HVAC systems, supplying heating/cooling loops and reclaiming …"
uncited_claims,abraxas,projects/article.tex,Xylomorphic Computation and Thermodynamic Infrastructure,projects/article.tex,311,4242,82,19.33,39,Recent work in computer vision has highlighted the challenge of scale variation in counting and localization tasks.
uncited_claims,alphabet,Admissible Histories - Neurocomputing.tex,Admissible Histories and the Neural Structure of Error,Admissible Histories - Neurocomputing.tex,53,1515,0,0.0,8,\begin{abstract} Recent work has identified a class of neural signals—termed incongruent neurons—that reliably predict erroneous behavioral outcomes more than …
uncited_works,alphabet,Admissible Histories - Neurocomputing.tex,Admissible Histories and the Neural Structure of Error,Admissible Histories - Neurocomputing.tex,59,1515,0,0.0,8,Across a wide range of models—from drift-diffusion accounts of decision making to Bayesian inference frameworks—errors are explained as the consequence of nois…
uncited_works,alphabet,Admissible Histories - Neurocomputing.tex,Admissible Histories and the Neural Structure of Error,Admissible Histories - Neurocomputing.tex,61,1515,0,0.0,8,"Using a biomimetic model of corticostriatal micro-assemblies, Pathak et al."
uncited_works,alphabet,Admissible Histories - Neurocomputing.tex,Admissible Histories and the Neural Structure of Error,Admissible Histories - Neurocomputing.tex,75,1515,0,0.0,8,The empirical result reported by Pathak et al.
uncited_claims,research-projects,working/steam_cellulose_domes.tex,Steam-Formed Cellulose Domes: Morphogenetic Construction Using Intermittent Steam Inflation and Mag…,working/steam_cellulose_domes.tex,712,9471,0,0.0,0,"Frei Otto's extensive program of form-finding experiments demonstrated that minimal-energy surfaces, soap films, hanging nets, and pneumatic membranes, can ser…"
uncited_claims,research-projects,philosophy/reconstruction_and_distinction.tex,reconstruction_and_distinction.tex,philosophy/reconstruction_and_distinction.tex,64,21098,0,0.0,0,"} Five recent papers across life-cycle assessment, in-sensor spectroscopy, urban mobility, gaze dynamics of cued speech, and hierarchical meta-reinforcement le…"
uncited_claims,research-projects,philosophy/reconstruction_and_distinction.tex,reconstruction_and_distinction.tex,philosophy/reconstruction_and_distinction.tex,719,21098,0,0.0,0,All five papers provide empirical evidence for this claim in new domains.
uncited_claims,research-projects,philosophy/reconstruction_and_distinction.tex,reconstruction_and_distinction.tex,philosophy/reconstruction_and_distinction.tex,3110,21098,0,0.0,0,"This monograph synthesises empirical work appearing in \textit{Nature Electronics}, \textit{Nature Sensors}, \textit{Nature Computational Science}, and \textit…"
uncited_works,alphabet,Against_Indiscriminate_Visibility.tex,"Against Indiscriminate Visibility: On the Structural Risks of Virality, Publicity, and Exposure",Against_Indiscriminate_Visibility.tex,1300,14266,0,0.0,31,"There is a separate theoretical tradition, developed in Barton (2025), that approaches the problem of meaning from a thermodynamic direction."
uncited_claims,library,trajectories.tex,trajectories.tex,trajectories.tex,146,7816,0,0.0,0,It connects to empirical findings in systems neuroscience showing that the same hippocampal circuits used for spatial navigation are reused for conceptual reas…
uncited_claims,library,trajectories.tex,trajectories.tex,trajectories.tex,639,7816,0,0.0,0,"Andrea Hiott has developed a complementary account in recent work, arguing that the neural machinery of spatial navigation constitutes a scaffold for the forma…"
uncited_claims,kitbash,cosmology/prereq_textbook.tex,"Renormalization, Asymptotic Safety, and the Scalar-Vector Plenum [0.8em] A Mathematical Introduction",cosmology/prereq_textbook.tex,1964,11310,0,0.0,0,"Recent work by Eichhorn, Gurau, Gyftopoulos, and collaborators has shown that asymptotic safety can be extended to tensor field theories, with the possible exi…"
uncited_claims,paracosm,workspace/proof-of-god.tex,Mathematical Proof for the Existence of God [0.3em] A Study in Constraint Theology,workspace/proof-of-god.tex,110,41989,0,0.0,0,It is the entire content of every dispute that has ever occurred between a mathematician who has proved something and a reader who feels that nothing has been …
uncited_claims,paracosm,workspace/proof-of-god.tex,Mathematical Proof for the Existence of God [0.3em] A Study in Constraint Theology,workspace/proof-of-god.tex,3488,41989,0,0.0,0,None of this is obviously false; none of it has been shown true either.
uncited_claims,alphabet,research/repair_as_fundamental.tex,Repair as a Fundamental Category Toward an Ontology of Restoration,research/repair_as_fundamental.tex,474,6346,0,0.0,0,Meta-analysis is repair of the constraint that findings must be robust to variation in implementation.
uncited_works,research-projects,paper/ledger-without-value.tex,ledger-without-value.tex,paper/ledger-without-value.tex,339,4721,0,0.0,0,\noindent\textit{This essay is a companion to ``Error as Obstruction'' (2026).
uncited_claims,antivenom,resources/processing/in_progress/main.tex,main.tex,resources/processing/in_progress/chapters/ch07_budget_relay.tex,78,37792,0,0.0,0,"The branching generalization, in which a single $A_i$ gives rise to several independent successors, is deferred to Chapter~\ref{ch:fanout}, where it is shown t…"
uncited_claims,antivenom,resources/processing/in_progress/main.tex,main.tex,resources/processing/in_progress/chapters/ch12_mem8.tex,61,37792,0,0.0,0,The narrow reading is the more conservative position and requires only what is already well established: reconstructive-memory research shows that recall is sc…
uncited_claims,research-projects,history/wave_to_continuation_dynamics.tex,From Wave Dynamics to Continuation Dynamics: Why Neural Oscillations May Be Realizations Rather Tha…,history/wave_to_continuation_dynamics.tex,62,9269,1,0.11,11,"The ``implausible computational demand'' the wave mechanism was introduced to avoid is not, in fact, implausible; it has been demonstrated."
uncited_claims,research-projects,history/wave_to_continuation_dynamics.tex,From Wave Dynamics to Continuation Dynamics: Why Neural Oscillations May Be Realizations Rather Tha…,history/wave_to_continuation_dynamics.tex,64,9269,1,0.11,11,"But this is precisely the literature in which such organization is shown to arise from connectivity and recurrent dynamics alone, without appeal to any field-b…"
uncited_claims,research-projects,history/wave_to_continuation_dynamics.tex,From Wave Dynamics to Continuation Dynamics: Why Neural Oscillations May Be Realizations Rather Tha…,history/wave_to_continuation_dynamics.tex,81,9269,1,0.11,11,"'' The answer, as far as these experiments show, is: the manifold."
uncited_works,research-projects,history/wave_to_continuation_dynamics.tex,From Wave Dynamics to Continuation Dynamics: Why Neural Oscillations May Be Realizations Rather Tha…,history/wave_to_continuation_dynamics.tex,39,9269,1,0.11,11,"It argues something narrower and, for that reason, more defensible: that the specific phenomena Miller et al."
uncited_works,research-projects,history/wave_to_continuation_dynamics.tex,From Wave Dynamics to Continuation Dynamics: Why Neural Oscillations May Be Realizations Rather Tha…,history/wave_to_continuation_dynamics.tex,48,9269,1,0.11,11,"Something has to determine which neurons contribute to which computation, in which context, without the system needing to track individual synaptic assignments…"
uncited_works,research-projects,history/wave_to_continuation_dynamics.tex,From Wave Dynamics to Continuation Dynamics: Why Neural Oscillations May Be Realizations Rather Tha…,history/wave_to_continuation_dynamics.tex,62,9269,1,0.11,11,"Mante, Sussillo, Shenoy, and Newsome (2013) recorded prefrontal activity in monkeys performing a context-dependent sensorimotor task and found that the same po…"
uncited_works,research-projects,history/wave_to_continuation_dynamics.tex,From Wave Dynamics to Continuation Dynamics: Why Neural Oscillations May Be Realizations Rather Tha…,history/wave_to_continuation_dynamics.tex,62,9269,1,0.11,11,This is not a weaker or partial version of the phenomenon Miller et al.
uncited_works,research-projects,history/wave_to_continuation_dynamics.tex,From Wave Dynamics to Continuation Dynamics: Why Neural Oscillations May Be Realizations Rather Tha…,history/wave_to_continuation_dynamics.tex,64,9269,1,0.11,11,"turn to subspace coding — the observation that population activity organizes into low-dimensional, partially orthogonal subspaces — they cite Kaufman et al."
uncited_works,research-projects,history/wave_to_continuation_dynamics.tex,From Wave Dynamics to Continuation Dynamics: Why Neural Oscillations May Be Realizations Rather Tha…,history/wave_to_continuation_dynamics.tex,64,9269,1,0.11,11,'s work on null-space coding and the broader population-dynamics literature (including Vyas et al.
uncited_works,research-projects,history/wave_to_continuation_dynamics.tex,From Wave Dynamics to Continuation Dynamics: Why Neural Oscillations May Be Realizations Rather Tha…,history/wave_to_continuation_dynamics.tex,90,9269,1,0.11,11,"Driscoll, Pettit, Minderer, Chettih, and Harvey (2017) provide exactly such a case."
uncited_works,research-projects,history/wave_to_continuation_dynamics.tex,From Wave Dynamics to Continuation Dynamics: Why Neural Oscillations May Be Realizations Rather Tha…,history/wave_to_continuation_dynamics.tex,94,9269,1,0.11,11,"'s reanalysis of the same phenomenon, titled ``stable task information from an unstable neural population,'' proposes that drift is not unconstrained: it occur…"
uncited_works,research-projects,history/wave_to_continuation_dynamics.tex,From Wave Dynamics to Continuation Dynamics: Why Neural Oscillations May Be Realizations Rather Tha…,history/wave_to_continuation_dynamics.tex,94,9269,1,0.11,11,"The repertoire in the Sadtler/Golub sense — a fixed covariance structure reflecting connectivity, tested by whether a required activity pattern lies within it …"
uncited_works,research-projects,history/wave_to_continuation_dynamics.tex,From Wave Dynamics to Continuation Dynamics: Why Neural Oscillations May Be Realizations Rather Tha…,history/wave_to_continuation_dynamics.tex,144,9269,1,0.11,11,The decisive experiment holds population trajectory geometry approximately fixed while independently manipulating oscillatory phase organization — the manipula…
uncited_works,research-projects,history/wave_to_continuation_dynamics.tex,From Wave Dynamics to Continuation Dynamics: Why Neural Oscillations May Be Realizations Rather Tha…,history/wave_to_continuation_dynamics.tex,144,9269,1,0.11,11,"'s own framework treats as functionally significant, since Spatial Computing assigns explanatory weight specifically to alpha/beta phase patterns and cross-fre…"
uncited_works,research-projects,history/wave_to_continuation_dynamics.tex,From Wave Dynamics to Continuation Dynamics: Why Neural Oscillations May Be Realizations Rather Tha…,history/wave_to_continuation_dynamics.tex,156,9269,1,0.11,11,And it is compatible with a third possibility this section's revised framing now makes visible: that phase mismatch predicts errors because it governs \textit{…
uncited_works,research-projects,history/wave_to_continuation_dynamics.tex,From Wave Dynamics to Continuation Dynamics: Why Neural Oscillations May Be Realizations Rather Tha…,history/wave_to_continuation_dynamics.tex,161,9269,1,0.11,11,The anesthesia argument in Miller et al.
uncited_works,research-projects,history/wave_to_continuation_dynamics.tex,From Wave Dynamics to Continuation Dynamics: Why Neural Oscillations May Be Realizations Rather Tha…,history/wave_to_continuation_dynamics.tex,163,9269,1,0.11,11,"Cabral, Fernandes, and Shemesh (2023) supply a considerably more precise version of the same correlation."
uncited_works,research-projects,history/wave_to_continuation_dynamics.tex,From Wave Dynamics to Continuation Dynamics: Why Neural Oscillations May Be Realizations Rather Tha…,history/wave_to_continuation_dynamics.tex,165,9269,1,0.11,11,But the mechanism Cabral et al.
uncited_works,research-projects,history/wave_to_continuation_dynamics.tex,From Wave Dynamics to Continuation Dynamics: Why Neural Oscillations May Be Realizations Rather Tha…,history/wave_to_continuation_dynamics.tex,165,9269,1,0.11,11,"These are different theoretical burdens, resting on different kinds of evidence, and Miller et al."
uncited_works,research-projects,history/wave_to_continuation_dynamics.tex,From Wave Dynamics to Continuation Dynamics: Why Neural Oscillations May Be Realizations Rather Tha…,history/wave_to_continuation_dynamics.tex,169,9269,1,0.11,11,This is where Miller et al.
uncited_works,research-projects,history/wave_to_continuation_dynamics.tex,From Wave Dynamics to Continuation Dynamics: Why Neural Oscillations May Be Realizations Rather Tha…,history/wave_to_continuation_dynamics.tex,169,9269,1,0.11,11,"Nothing in the paper, and nothing in Cabral et al."
uncited_works,research-projects,history/wave_to_continuation_dynamics.tex,From Wave Dynamics to Continuation Dynamics: Why Neural Oscillations May Be Realizations Rather Tha…,history/wave_to_continuation_dynamics.tex,173,9269,1,0.11,11,"With this distinction in place, the essay's account of the paper's evidence is complete: the necessity claim examined in Section III does not hold, the paper's…"
uncited_works,research-projects,history/wave_to_continuation_dynamics.tex,From Wave Dynamics to Continuation Dynamics: Why Neural Oscillations May Be Realizations Rather Tha…,history/wave_to_continuation_dynamics.tex,176,9269,1,0.11,11,"position their account alongside Global Workspace Theory, Global Neuronal Workspace Theory, Integrated Information Theory, and Higher-Order Theories, differing…"
uncited_works,research-projects,history/wave_to_continuation_dynamics.tex,From Wave Dynamics to Continuation Dynamics: Why Neural Oscillations May Be Realizations Rather Tha…,history/wave_to_continuation_dynamics.tex,178,9269,1,0.11,11,"Wave organization correlating with conscious states, even robustly and even with the dose-dependent precision Cabral et al."
uncited_works,research-projects,history/wave_to_continuation_dynamics.tex,From Wave Dynamics to Continuation Dynamics: Why Neural Oscillations May Be Realizations Rather Tha…,history/wave_to_continuation_dynamics.tex,224,9269,1,0.11,11,"Let the decoder be the projection onto the first coordinate, $D(a,b) = a$, a natural analogue of a task-relevant readout dimension in the sense of Kaufman et a…"
uncited_claims,alphabet,aphantasia/extending-aphantasia-essay.tex,Extending ``Wordless Imageless Thought'': Modal Cognition in the Relativistic Scalar--Vector Plenum,aphantasia/extending-aphantasia-essay.tex,38,14277,10,0.7,44,"Yet empirical evidence from aphantasia and anendophasia reveals that reasoning, planning, and creativity can persist even when such imagery is absent."
uncited_claims,alphabet,aphantasia/extending-aphantasia-essay.tex,Extending ``Wordless Imageless Thought'': Modal Cognition in the Relativistic Scalar--Vector Plenum,aphantasia/extending-aphantasia-essay.tex,202,14277,10,0.7,44,"Empirical data show \[ \mathrm{corr}(\chi_V, P_T) \approx 0, \] indicating functional independence between subjective vividness and objective performance."
uncited_claims,alphabet,aphantasia/extending-aphantasia-essay.tex,Extending ``Wordless Imageless Thought'': Modal Cognition in the Relativistic Scalar--Vector Plenum,aphantasia/extending-aphantasia-essay.tex,235,14277,10,0.7,44,"Empirical confirmation arises from electromyography (EMG) studies showing subthreshold muscle activation during silent listening, and fMRI studies showing prem…"
uncited_works,alphabet,aphantasia/extending-aphantasia-essay.tex,Extending ``Wordless Imageless Thought'': Modal Cognition in the Relativistic Scalar--Vector Plenum,aphantasia/extending-aphantasia-essay.tex,2921,14277,10,0.7,44,"\begin{definition}[CLIO Endofunctors and Adaptation] Let $\mathsf{CLIO}_{t}\colon \mathcal{C}_{*}\to\mathcal{C}_{*}$ be endofunctors (for $* \in \{\lambda,\mat…"
uncited_works,alphabet,aphantasia/extending-aphantasia-essay.tex,Extending ``Wordless Imageless Thought'': Modal Cognition in the Relativistic Scalar--Vector Plenum,aphantasia/extending-aphantasia-essay.tex,3356,14277,10,0.7,44,"\item \textbf{Hamilton (1843)} discovered quaternions, embedding rotation in algebraic structure."
uncited_works,alphabet,aphantasia/extending-aphantasia-essay.tex,Extending ``Wordless Imageless Thought'': Modal Cognition in the Relativistic Scalar--Vector Plenum,aphantasia/extending-aphantasia-essay.tex,3358,14277,10,0.7,44,\item \textbf{Minkowski (1908)} recast spacetime as a pseudo-Euclidean manifold where rotation generalized to Lorentz transformation.
uncited_works,alphabet,aphantasia/extending-aphantasia-essay.tex,Extending ``Wordless Imageless Thought'': Modal Cognition in the Relativistic Scalar--Vector Plenum,aphantasia/extending-aphantasia-essay.tex,3361,14277,10,0.7,44,"\item \textbf{Kibble (1961)} introduced gauge theory of gravity, identifying spin connection and curvature as geometric expressions of rotational freedom."
uncited_claims,antivenom,resources/buffer-world.tex,Buffer World A 3D Spatial Tutorial for Real Vim Motions Concept and Technical Specification,resources/buffer-world.tex,1119,8908,0,0.0,0,3333}}@{}} \toprule\noalign{} \begin{minipage}[b]{\linewidth}\raggedright Phase \end{minipage} & \begin{minipage}[b]{\linewidth}\raggedright Deliverable \end{m…
uncited_works,antivenom,resources/buffer-world.tex,Buffer World A 3D Spatial Tutorial for Real Vim Motions Concept and Technical Specification,resources/buffer-world.tex,47,8908,0,0.0,0,"Vim Adventures (2011) teaches \texttt{hjkl} and friends by turning a 2D tile grid into an overworld: you move the way you'd move the cursor, and the game only …"
uncited_claims,library,astrophysics/solar-interiors.tex,Degenerate Lattice Cores in Solar Interiors: Beyond the Point-Mass Approximation,astrophysics/solar-interiors.tex,170,3932,122,31.03,0,"\] \item Entropy density $S$: The core creates an entropy deficit zone ($S < S_{\text{eq}}$), altering radiative and convective transport in the inner ~1\% of …"
uncited_claims,kitbash,cognitive-dynamics/msdos_monograph.tex,Vocabulary as Moat [0.3em] Microsoft DOS and the Politics of Proprietary Convention,cognitive-dynamics/msdos_monograph.tex,187,12958,0,0.0,0,"It is also not that the resulting divergence was inert, a historical curiosity with no bearing on anything beyond itself; Chapter 3's market evidence from Quar…"
uncited_works,kitbash,cognitive-dynamics/msdos_monograph.tex,Vocabulary as Moat [0.3em] Microsoft DOS and the Politics of Proprietary Convention,cognitive-dynamics/msdos_monograph.tex,101,12958,0,0.0,0,"The 640-kilobyte limit itself was not a DOS design choice at all; it was a consequence of the IBM PC's 1981 memory map, which reserved the address space above …"
uncited_works,kitbash,cognitive-dynamics/msdos_monograph.tex,Vocabulary as Moat [0.3em] Microsoft DOS and the Politics of Proprietary Convention,cognitive-dynamics/msdos_monograph.tex,129,12958,0,0.0,0,"This chapter locates the same pattern in a third domain, one that arrived later in DOS's lifecycle and therefore offers the clearest evidence yet that the patt…"
uncited_works,kitbash,cognitive-dynamics/msdos_monograph.tex,Vocabulary as Moat [0.3em] Microsoft DOS and the Politics of Proprietary Convention,cognitive-dynamics/msdos_monograph.tex,279,12958,0,0.0,0,"\footnote{The Super NES Mouse's 1992 release, bundled with \emph{Mario Paint}, and its status as an early instance of mouse-based control on a console are docu…"
uncited_claims,antivenom,philosophy/power-of-paranoia.tex,"The Power of Paranoia Privacy, Publicity, Causal Explosion, and the Institutions of Disciplined Dis…",philosophy/chapters/ch061.tex,12,24148,0,0.0,0,"The chapter's preface thus marks transparency as strategic terrain: one must ask not simply what has been shown, but what has been made visible, what has been …"
uncited_claims,antivenom,philosophy/power-of-paranoia.tex,"The Power of Paranoia Privacy, Publicity, Causal Explosion, and the Institutions of Disciplined Dis…",philosophy/appendices/appendix-a.tex,826,24148,0,0.0,0,A well-calibrated system that assigns a person a 70 percent risk remains wrong in 30 percent of comparable cases.
uncited_claims,antivenom,philosophy/power-of-paranoia.tex,"The Power of Paranoia Privacy, Publicity, Causal Explosion, and the Institutions of Disciplined Dis…",philosophy/appendices/appendix-a.tex,847,24148,0,0.0,0,"If an event occurs in 10 percent of cases, assigning \(0."
uncited_claims,antivenom,philosophy/power-of-paranoia.tex,"The Power of Paranoia Privacy, Publicity, Causal Explosion, and the Institutions of Disciplined Dis…",philosophy/appendices/appendix-a.tex,851,24148,0,0.0,0,"If an adverse event occurs in 1 percent of cases, a system that always predicts ""no event"" is 99 percent accurate but useless for detection."
uncited_claims,library,baseline/text_as_substrate.tex,Text as Substrate: On Semantic Compression and the Emergence of a Universal Representational Medium,baseline/text_as_substrate.tex,70,19222,0,0.0,74,The viability of this approach has been demonstrated in stages by neural generative models (Goodfellow et al.
uncited_claims,library,baseline/text_as_substrate.tex,Text as Substrate: On Semantic Compression and the Emergence of a Universal Representational Medium,baseline/text_as_substrate.tex,1600,19222,0,0.0,74,Their simultaneous presence in a single human communication system provides strong empirical evidence that the structural principles identified in the formal f…
uncited_works,library,baseline/text_as_substrate.tex,Text as Substrate: On Semantic Compression and the Emergence of a Universal Representational Medium,baseline/text_as_substrate.tex,70,19222,0,0.0,74,", 2014; Kingma and Welling, 2014; van den Oord et al."
uncited_works,library,baseline/text_as_substrate.tex,Text as Substrate: On Semantic Compression and the Emergence of a Universal Representational Medium,baseline/text_as_substrate.tex,103,19222,0,0.0,74,Contemporary neural synthesis architectures demonstrate that high-fidelity waveform generation from structured representations is achievable across a wide rang…
uncited_works,library,baseline/text_as_substrate.tex,Text as Substrate: On Semantic Compression and the Emergence of a Universal Representational Medium,baseline/text_as_substrate.tex,103,19222,0,0.0,74,", 2016; van den Oord et al."
uncited_works,library,baseline/text_as_substrate.tex,Text as Substrate: On Semantic Compression and the Emergence of a Universal Representational Medium,baseline/text_as_substrate.tex,122,19222,0,0.0,74,Recent advances in latent diffusion models (Rombach et al.
uncited_works,library,baseline/text_as_substrate.tex,Text as Substrate: On Semantic Compression and the Emergence of a Universal Representational Medium,baseline/text_as_substrate.tex,122,19222,0,0.0,74,", 2022) and text-to-image generation (Ramesh et al."
uncited_works,library,baseline/text_as_substrate.tex,Text as Substrate: On Semantic Compression and the Emergence of a Universal Representational Medium,baseline/text_as_substrate.tex,281,19222,0,0.0,74,"Classical rate--distortion theory, due to Shannon (1948), characterizes the achievable trade-off between coding rate and reconstruction distortion for a given …"
uncited_works,library,baseline/text_as_substrate.tex,Text as Substrate: On Semantic Compression and the Emergence of a Universal Representational Medium,baseline/text_as_substrate.tex,306,19222,0,0.0,74,"The semantic rate--distortion framework is closely related to the information bottleneck principle of Tishby and Zaslavsky (2015), which characterizes the opti…"
uncited_works,library,baseline/text_as_substrate.tex,Text as Substrate: On Semantic Compression and the Emergence of a Universal Representational Medium,baseline/text_as_substrate.tex,499,19222,0,0.0,74,"The mathematical structure appropriate to this hierarchy is that of a \emph{fibered category} (Grothendieck fibration), introduced by Grothendieck (1959) and d…"
uncited_works,library,baseline/text_as_substrate.tex,Text as Substrate: On Semantic Compression and the Emergence of a Universal Representational Medium,baseline/text_as_substrate.tex,627,19222,0,0.0,74,This layered decomposition mirrors the architecture of modern vision-language models (Radford et al.
uncited_works,library,baseline/text_as_substrate.tex,Text as Substrate: On Semantic Compression and the Emergence of a Universal Representational Medium,baseline/text_as_substrate.tex,650,19222,0,0.0,74,This is the approach used in contrastive representation learning (Radford et al.
uncited_works,library,baseline/text_as_substrate.tex,Text as Substrate: On Semantic Compression and the Emergence of a Universal Representational Medium,baseline/text_as_substrate.tex,716,19222,0,0.0,74,"This factorization aligns with work on model-based world models (Ha and Schmidhuber, 2018; Schrittwieser et al."
uncited_works,library,baseline/text_as_substrate.tex,Text as Substrate: On Semantic Compression and the Emergence of a Universal Representational Medium,baseline/text_as_substrate.tex,760,19222,0,0.0,74,"Vector-quantized variational autoencoders (van den Oord, Vinyals, and Kavukcuoglu, 2017; van den Oord et al."
uncited_works,library,baseline/text_as_substrate.tex,Text as Substrate: On Semantic Compression and the Emergence of a Universal Representational Medium,baseline/text_as_substrate.tex,886,19222,0,0.0,74,"Many generative models are inherently stochastic, producing a distribution of outputs for a given description (Ho et al."
uncited_works,library,baseline/text_as_substrate.tex,Text as Substrate: On Semantic Compression and the Emergence of a Universal Representational Medium,baseline/text_as_substrate.tex,886,19222,0,0.0,74,", 2020; Song and Ermon, 2019; Karras et al."
uncited_works,library,baseline/text_as_substrate.tex,Text as Substrate: On Semantic Compression and the Emergence of a Universal Representational Medium,baseline/text_as_substrate.tex,931,19222,0,0.0,74,It also motivates the connection to probabilistic programming (Mansinghka et al.
uncited_works,library,baseline/text_as_substrate.tex,Text as Substrate: On Semantic Compression and the Emergence of a Universal Representational Medium,baseline/text_as_substrate.tex,964,19222,0,0.0,74,"The variational formulation of semantic compression admits a thermodynamic interpretation (Friston, 2010; Sohl-Dickstein et al."
uncited_works,library,baseline/text_as_substrate.tex,Text as Substrate: On Semantic Compression and the Emergence of a Universal Representational Medium,baseline/text_as_substrate.tex,1020,19222,0,0.0,74,This is the semantic analogue of adversarial examples in neural networks (Goodfellow et al.
uncited_works,library,baseline/text_as_substrate.tex,Text as Substrate: On Semantic Compression and the Emergence of a Universal Representational Medium,baseline/text_as_substrate.tex,1044,19222,0,0.0,74,Compression is program synthesis (Lake et al.
uncited_works,library,baseline/text_as_substrate.tex,Text as Substrate: On Semantic Compression and the Emergence of a Universal Representational Medium,baseline/text_as_substrate.tex,1215,19222,0,0.0,74,The substrate draws on large pre-trained generative models (Brown et al.
uncited_works,library,baseline/text_as_substrate.tex,Text as Substrate: On Semantic Compression and the Emergence of a Universal Representational Medium,baseline/text_as_substrate.tex,1215,19222,0,0.0,74,", 2022; van den Oord et al."
uncited_works,library,baseline/text_as_substrate.tex,Text as Substrate: On Semantic Compression and the Emergence of a Universal Representational Medium,baseline/text_as_substrate.tex,1254,19222,0,0.0,74,Decades of research in cognitive science have established that humans perceive and remember the world not as sequences of sensory values but as structured desc…
uncited_works,library,baseline/text_as_substrate.tex,Text as Substrate: On Semantic Compression and the Emergence of a Universal Representational Medium,baseline/text_as_substrate.tex,1314,19222,0,0.0,74,The interaction between stochastic generative models and deterministic textual descriptions raises questions about probabilistic semantics and uncertainty quan…
uncited_works,library,baseline/text_as_substrate.tex,Text as Substrate: On Semantic Compression and the Emergence of a Universal Representational Medium,baseline/text_as_substrate.tex,1314,19222,0,0.0,74,", 2015; Mansinghka et al."
uncited_works,library,baseline/text_as_substrate.tex,Text as Substrate: On Semantic Compression and the Emergence of a Universal Representational Medium,baseline/text_as_substrate.tex,1372,19222,0,0.0,74,Generative models improve as training data accumulates (Brown et al.
uncited_works,library,baseline/text_as_substrate.tex,Text as Substrate: On Semantic Compression and the Emergence of a Universal Representational Medium,baseline/text_as_substrate.tex,1372,19222,0,0.0,74,", 2020; Schrittwieser et al."
uncited_works,library,baseline/text_as_substrate.tex,Text as Substrate: On Semantic Compression and the Emergence of a Universal Representational Medium,baseline/text_as_substrate.tex,1474,19222,0,0.0,74,"The long-term implication is a convergence: a single formal framework in which information theory (Shannon, 1948; Cover and Thomas, 2006), category theory (Mac…"
uncited_works,library,baseline/text_as_substrate.tex,Text as Substrate: On Semantic Compression and the Emergence of a Universal Representational Medium,baseline/text_as_substrate.tex,1513,19222,0,0.0,74,"The analysis draws primarily on the systematic account of ASL presented by Riekehof (1978), which provides detailed documentation of the kinematic, spatial, an…"
uncited_works,library,baseline/text_as_substrate.tex,Text as Substrate: On Semantic Compression and the Emergence of a Universal Representational Medium,baseline/text_as_substrate.tex,1524,19222,0,0.0,74,"As Riekehof (1978) observes, initializing a sign with the first letter of the corresponding English word---a practice termed \emph{initialization}---combines t…"
uncited_works,library,baseline/text_as_substrate.tex,Text as Substrate: On Semantic Compression and the Emergence of a Universal Representational Medium,baseline/text_as_substrate.tex,1526,19222,0,0.0,74,"Riekehof (1978) notes that the same base sign for ``group'' can be initialized to yield ``family,'' ``organization,'' ``class,'' ``department,'' ``society,'' `…"
uncited_works,library,baseline/text_as_substrate.tex,Text as Substrate: On Semantic Compression and the Emergence of a Universal Representational Medium,baseline/text_as_substrate.tex,1533,19222,0,0.0,74,"As Riekehof (1978) specifies, the dominant hand should be selected at the outset and maintained consistently; alternating between hands, except to encode spati…"
uncited_works,library,baseline/text_as_substrate.tex,Text as Substrate: On Semantic Compression and the Emergence of a Universal Representational Medium,baseline/text_as_substrate.tex,1537,19222,0,0.0,74,"Riekehof (1978) further observes that two-handed signs have historically tended toward one-handed forms, and vice versa, with the direction of change governed …"
uncited_works,library,baseline/text_as_substrate.tex,Text as Substrate: On Semantic Compression and the Emergence of a Universal Representational Medium,baseline/text_as_substrate.tex,1546,19222,0,0.0,74,Riekehof (1978) documents this with precision.
uncited_works,library,baseline/text_as_substrate.tex,Text as Substrate: On Semantic Compression and the Emergence of a Universal Representational Medium,baseline/text_as_substrate.tex,1550,19222,0,0.0,74,"Riekehof (1978) is explicit that the appropriate range of kinematic parameters is bounded: excessive motion obscures rather than amplifies meaning, just as an …"
uncited_works,library,baseline/text_as_substrate.tex,Text as Substrate: On Semantic Compression and the Emergence of a Universal Representational Medium,baseline/text_as_substrate.tex,1559,19222,0,0.0,74,Riekehof (1978) emphasizes that deaf signers attend to the face and body as much as---often more than---the hands.
uncited_works,library,baseline/text_as_substrate.tex,Text as Substrate: On Semantic Compression and the Emergence of a Universal Representational Medium,baseline/text_as_substrate.tex,1563,19222,0,0.0,74,"The centralization of signs toward the face, documented by Riekehof (1978) as a historical trend driven by the increasing emphasis on speech and lipreading in …"
uncited_works,library,baseline/text_as_substrate.tex,Text as Substrate: On Semantic Compression and the Emergence of a Universal Representational Medium,baseline/text_as_substrate.tex,1572,19222,0,0.0,74,Riekehof (1978) documents that the spatial extent of signs scales with the size of the signing group and the distance to be covered.
uncited_works,library,baseline/text_as_substrate.tex,Text as Substrate: On Semantic Compression and the Emergence of a Universal Representational Medium,baseline/text_as_substrate.tex,1576,19222,0,0.0,74,Riekehof (1978) also notes that fingerspelling becomes impractical at large distances because the discrete handshape configurations cannot be resolved.
uncited_works,library,baseline/text_as_substrate.tex,Text as Substrate: On Semantic Compression and the Emergence of a Universal Representational Medium,baseline/text_as_substrate.tex,1583,19222,0,0.0,74,Riekehof (1978) provides extensive historical documentation confirming this prediction across multiple decades of ASL evolution.
uncited_works,library,baseline/text_as_substrate.tex,Text as Substrate: On Semantic Compression and the Emergence of a Universal Representational Medium,baseline/text_as_substrate.tex,1589,19222,0,0.0,74,"Riekehof (1978) also documents regional variation in signs for holidays and other culturally specific referents, particularly among residential school communit…"
uncited_works,library,baseline/text_as_substrate.tex,Text as Substrate: On Semantic Compression and the Emergence of a Universal Representational Medium,baseline/text_as_substrate.tex,1600,19222,0,0.0,74,Each of these correspondences is independently motivated by the formal theory and independently documented by Riekehof (1978).
uncited_claims,alphabet,screenplay/companion.tex,companion.tex,screenplay/companion.tex,503,22182,0,0.0,0,"For it is well known to the Learned that Kant, in the Years preceding his Critical Awakening, was not unacquainted with the Reports of Swedenborg’s extraordina…"
uncited_works,alphabet,screenplay/companion.tex,companion.tex,screenplay/companion.tex,1616,22182,0,0.0,0,"And Heaven, according to Swedenborg, is structured likewise in three Heavens: Natural, Spiritual, and Celeſtial."
uncited_works,alphabet,screenplay/companion.tex,companion.tex,screenplay/companion.tex,1794,22182,0,0.0,0,"Surely I did not then know his Name, for the Angelick Societies ſpeak not according to Earthly Tongue, nor are the Degrees of their Viſages what ours are; yet …"
uncited_works,alphabet,screenplay/companion.tex,companion.tex,screenplay/companion.tex,1831,22182,0,0.0,0,"Of Kant’s Poſition in the Order of Judgment} The Note alſo ſuggeſteth that the laſt internal Judgment, as reported by Swedenborg, is in ſome Manner correſponde…"
uncited_works,alphabet,screenplay/companion.tex,companion.tex,screenplay/companion.tex,2024,22182,0,0.0,0,"Of the Kantian Interpretation} If the Viſion be read according to Kant’s own Philoſophy, which he himſelf had not yet fully deſcribed, it may be taken as a Man…"
uncited_claims,alphabet,workspace/essay.tex,"The Physics of Understanding: Fixed-Point Causality, Cognitive Resource Theory, and the Thermodynam…",workspace/essay.tex,119,5506,0,0.0,13,Empirical findings of enhanced neuroplasticity and memory consolidation during NREM sleep support this thermodynamic prediction.
uncited_claims,alphabet,workspace/essay.tex,"The Physics of Understanding: Fixed-Point Causality, Cognitive Resource Theory, and the Thermodynam…",workspace/essay.tex,733,5506,0,0.0,13,"\item \textbf{Open data principle:} Simulations and empirical findings should be archived under open, reproducible protocols."
uncited_works,alphabet,workspace/essay.tex,"The Physics of Understanding: Fixed-Point Causality, Cognitive Resource Theory, and the Thermodynam…",workspace/essay.tex,49,5506,0,0.0,13,"Developed by Kyle Cahill (2024), CRT models cognition as a time-dependent Hamiltonian system composed of two energetic components: Cognitive Resource Allocatio…"
uncited_claims,8b-is:8b-public-documents,framework/ortyx-project/main.tex,main.tex,framework/ortyx-project/parts/part2/ch08.tex,20,46222,0,0.0,0,"The statement ``jitter is defined as $|T_i - \bar{T}_i|$'' cannot be challenged by empirical evidence, because it is not making an empirical claim."
uncited_claims,8b-is:8b-public-documents,framework/ortyx-project/main.tex,main.tex,framework/ortyx-project/parts/part2/ch08.tex,103,46222,0,0.0,0,"Sometimes it is established by appeal to psychoacoustic evidence: coherent signals are easier to perceive and group, and the auditory system has evolved to pri…"
uncited_claims,8b-is:8b-public-documents,framework/ortyx-project/main.tex,main.tex,framework/ortyx-project/parts/part3/ch11.tex,67,46222,0,0.0,0,"The distinction between these three components is not always maintained in the literature, and one of the recurring sources of the failure geometries in Part~I…"
uncited_claims,8b-is:8b-public-documents,framework/ortyx-project/main.tex,main.tex,framework/ortyx-project/parts/part3/ch11.tex,375,46222,0,0.0,0,"For a framework at a mature stage, where extensive empirical work has been done, a high weight on $\AuditS$ (structural consistency) reflects the importance of…"
uncited_claims,research-projects,interpretability/Event-Nodes and Texture-nodes - draft 01.tex,Event-Nodes and Texture-Nodes: Extending Causal Mechanistic Interpretability with Event-Historical …,interpretability/Event-Nodes and Texture-nodes - draft 01.tex,48,1105,0,0.0,0,Recent work in mechanistic interpretability has advanced a rigorously causal framework for understanding neural networks by treating internal components as var…
uncited_claims,research-projects,interpretability/Event-Nodes and Texture-nodes - draft 01.tex,Event-Nodes and Texture-Nodes: Extending Causal Mechanistic Interpretability with Event-Historical …,interpretability/Event-Nodes and Texture-nodes - draft 01.tex,83,1105,0,0.0,0,"Recent work has therefore adopted a causal paradigm, treating neural networks as systems amenable to intervention, counterfactual reasoning, and algorithmic ab…"
uncited_claims,alphabet,screenplay/noumenal-attractors.tex,"Noumenal Attractors [0.6em] Swedenborg, Kant, and the RSVP Field: A Unified Interpretation Across C…",screenplay/noumenal-attractors.tex,582,19324,0,0.0,0,Recent research on aphantasia and hyperphantasia offers a bridge between historical phenomenology and modern cognitive science.
uncited_claims,library,workspace/geometry_of_witnesses.tex,geometry_of_witnesses.tex,workspace/geometry_of_witnesses.tex,868,12230,0,0.0,23,Scientific knowledge is commonly described as a collection of propositions supported by empirical evidence.
missing bib keys,kitbash,thesis/draft-03/thesis.tex,Ledger and Junk: Opacity as the Condition of Generativity in Computational Systems,thesis/draft-03/thesis.tex,,4314,122,28.28,38,anzadua1987].
uncited_claims,alphabet,screenplay/the_fixed_point/main.tex,main.tex,screenplay/the_fixed_point/part3/chapter-03.tex,96,25962,0,0.0,0,"She has seen, in the literature, what happens when the interpretation comes first---when a framework is brought to the data with enough confidence that the dat…"
uncited_claims,alphabet,screenplay/the_fixed_point/main.tex,main.tex,screenplay/the_fixed_point/part3/chapter-05.tex,189,25962,0,0.0,0,"It does not know it has been observed, on and off, across decades, by a person who has given a significant portion of her life to understanding what it is doin…"
uncited_claims,alphabet,physics/processing/univalent-photonics.tex,"Univalent Photonics 0.5em Coherence, Transport, and Admissibility Geometry",physics/processing/univalent-photonics.tex,981,13784,1,0.07,27,"Nevertheless, the existence of the homotopy truncation hierarchy strongly suggests that measurement coarseness itself admits a type-theoretic classification in…"
uncited_works,calculus,baseline/computing_as_flow.tex,"Flow Computing [0.4em] Wavefronts, Invocation, and the Logically Determined Workflow",baseline/computing_as_flow.tex,2200,16664,0,0.0,0,"Reporting on the nascent field of thermodynamic computing, Ball (2026) describes two architectures that map, at the level of mathematical structure if not moti…"
uncited_works,research-projects,active-inference/monograph.tex,"Simulated Agency as Active Control: A Unified Framework Integrating Choice Theory, Perceptual Contr…",active-inference/monograph.tex,1876,12011,104,8.66,53,"The goal is to unify sparse coding (Olshausen \& Field 1996; Donoho 2006; Elad 2010), active inference (Friston 2009, 2010; Bogacz 2017), and perceptual contro…"
uncited_works,research-projects,active-inference/monograph.tex,"Simulated Agency as Active Control: A Unified Framework Integrating Choice Theory, Perceptual Contr…",active-inference/monograph.tex,1878,12011,104,8.66,53,"The result is a complete geometric–variational interpretation of cognitive heuristics, grounded in thermodynamic efficiency, manifold geometry, and biological …"
uncited_works,research-projects,active-inference/monograph.tex,"Simulated Agency as Active Control: A Unified Framework Integrating Choice Theory, Perceptual Contr…",active-inference/monograph.tex,1896,12011,104,8.66,53,"Sparse recognition thus implements a variational density $q(a)$ approximating a generative posterior, but with inductive biases derived from metabolic and ther…"
uncited_works,research-projects,active-inference/monograph.tex,"Simulated Agency as Active Control: A Unified Framework Integrating Choice Theory, Perceptual Contr…",active-inference/monograph.tex,1900,12011,104,8.66,53,"Each dictionary atom $w_j$ represents a learned direction in this manifold, obtained through optimisation (Mairal et al."
uncited_works,research-projects,active-inference/monograph.tex,"Simulated Agency as Active Control: A Unified Framework Integrating Choice Theory, Perceptual Contr…",active-inference/monograph.tex,1900,12011,104,8.66,53,"\ 2009, 2010; Gribonval et al."
uncited_works,research-projects,active-inference/monograph.tex,"Simulated Agency as Active Control: A Unified Framework Integrating Choice Theory, Perceptual Contr…",active-inference/monograph.tex,2026,12011,104,8.66,53,The combined system forms a closed-loop sparse controller equivalent to a reduced variational optimal control system (Friston et al.
uncited_works,research-projects,active-inference/monograph.tex,"Simulated Agency as Active Control: A Unified Framework Integrating Choice Theory, Perceptual Contr…",active-inference/monograph.tex,2030,12011,104,8.66,53,"Sparse structures conserve metabolic energy: \[ E(a) \propto \|a\|_0, \] and the $\ell_1$ relaxation $\|a\|_1$ approximates the true cost of spiking, neurotran…"
uncited_works,research-projects,active-inference/monograph.tex,"Simulated Agency as Active Control: A Unified Framework Integrating Choice Theory, Perceptual Contr…",active-inference/monograph.tex,2042,12011,104,8.66,53,"\begin{itemize} \item sparse coding (Olshausen \& Field 1996; Donoho 2006; Elad 2010), \item perceptual control (Powers 1973), \item variational optimisation (…"
uncited_works,research-projects,active-inference/monograph.tex,"Simulated Agency as Active Control: A Unified Framework Integrating Choice Theory, Perceptual Contr…",active-inference/monograph.tex,2055,12011,104,8.66,53,"Building on the classical treatment in Bredon (1997), and modern applications in cognitive modelling and signal processing (Curry et al."
uncited_works,research-projects,active-inference/monograph.tex,"Simulated Agency as Active Control: A Unified Framework Integrating Choice Theory, Perceptual Contr…",active-inference/monograph.tex,3379,12011,104,8.66,53,"In parallel with Powers, William Glasser developed Reality Therapy (1965), later re-articulated as Control Theory (1984) and finally as Choice Theory (1998)."
uncited_claims,calculus,baseline/admissibility-essay.tex,admissibility-essay.tex,baseline/admissibility-essay.tex,163,9418,0,0.0,40,"Third, the cytokine stimulation experiments demonstrate the homeostatic-to-pathological inversion directly."
uncited_claims,calculus,baseline/admissibility-essay.tex,admissibility-essay.tex,baseline/admissibility-essay.tex,307,9418,0,0.0,40,The empirical evidence suggests three conditions are associated with threshold surfaces: constraint accumulation is approximately irreversible on the accumulat…
uncited_works,calculus,baseline/admissibility-essay.tex,admissibility-essay.tex,baseline/admissibility-essay.tex,117,9418,0,0.0,40,"In the cortical domain, the bipartite decomposition $\mathcal{A} = \mathcal{A}_H \cup \mathcal{A}_F$ is grounded by the 67\%/33\% split of homeostatically regu…"
uncited_works,calculus,baseline/admissibility-essay.tex,admissibility-essay.tex,baseline/admissibility-essay.tex,117,9418,0,0.0,40,"In the reinforcement learning domain, the minimum planning depth $D \geq 2$ is proven mathematically by Okitsu and Sakai (2026) and is not a continuous paramet…"
uncited_works,calculus,baseline/admissibility-essay.tex,admissibility-essay.tex,baseline/admissibility-essay.tex,119,9418,0,0.0,40,68\% utilization rates in Tian et al.
uncited_works,calculus,baseline/admissibility-essay.tex,admissibility-essay.tex,baseline/admissibility-essay.tex,135,9418,0,0.0,40,The halorhodopsin control in Driessen et al.
uncited_works,calculus,baseline/admissibility-essay.tex,admissibility-essay.tex,baseline/admissibility-essay.tex,145,9418,0,0.0,40,The arthritis data from Davidson et al.
uncited_works,calculus,baseline/admissibility-essay.tex,admissibility-essay.tex,baseline/admissibility-essay.tex,163,9418,0,0.0,40,"First, the embryonic single-cell RNA sequencing data in Davidson et al."
uncited_works,calculus,baseline/admissibility-essay.tex,admissibility-essay.tex,baseline/admissibility-essay.tex,169,9418,0,0.0,40,"In the cortical domain, the threshold maintainer is identified as the SOM+ interneuron network, through the established role of somatostatin interneurons as ma…"
uncited_works,calculus,baseline/admissibility-essay.tex,admissibility-essay.tex,baseline/admissibility-essay.tex,169,9418,0,0.0,40,\ (2017) and through the chloride homeostasis mechanism characterized in Alfonsa et al.
uncited_works,calculus,baseline/admissibility-essay.tex,admissibility-essay.tex,baseline/admissibility-essay.tex,183,9418,0,0.0,40,The unification claim of Okitsu and Sakai (2026)---that habits and Pavlovian responses arise from a single computational substrate---is interpreted as the clai…
uncited_works,calculus,baseline/admissibility-essay.tex,admissibility-essay.tex,baseline/admissibility-essay.tex,203,9418,0,0.0,40,This is exactly what Driessen et al.
uncited_works,calculus,baseline/admissibility-essay.tex,admissibility-essay.tex,baseline/admissibility-essay.tex,221,9418,0,0.0,40,The arthritis paper provides a particularly clean instance: the embryonic fibroblast signature is recoverable from adult tissue transcriptomics (Davidson et al.
uncited_works,calculus,baseline/admissibility-essay.tex,admissibility-essay.tex,baseline/admissibility-essay.tex,233,9418,0,0.0,40,The matching of embryonic and adult signatures in Davidson et al.
uncited_works,calculus,baseline/admissibility-essay.tex,admissibility-essay.tex,baseline/admissibility-essay.tex,237,9418,0,0.0,40,The spatial distribution of end-of-life batteries in 2030 is the residual of EV adoption diffusion from 2016 to 2030 (Tian et al.
uncited_works,calculus,baseline/admissibility-essay.tex,admissibility-essay.tex,baseline/admissibility-essay.tex,277,9418,0,0.0,40,"In the quasar accretion system, the light-speed kernel is a consequence of the causal structure of spacetime: corona perturbations propagate at $c$ through the…"
uncited_works,calculus,baseline/admissibility-essay.tex,admissibility-essay.tex,baseline/admissibility-essay.tex,355,9418,0,0.0,40,In the quasar data from Leung et al.
uncited_works,calculus,baseline/admissibility-essay.tex,admissibility-essay.tex,baseline/admissibility-essay.tex,355,9418,0,0.0,40,The derivative slide deck connects this explicitly to the bipartite decomposition: the corona's compactness is the astrophysical instance of the $\mathcal{A}_H…
uncited_works,calculus,baseline/admissibility-essay.tex,admissibility-essay.tex,baseline/admissibility-essay.tex,388,9418,0,0.0,40,The clinical synthesis in the derivative materials develops an observation from Davidson et al.
uncited_claims,cognition-research,cosmological-memory.tex,Primordial Distinctions and Cosmological Memory: Galactic Spin as Persistence Under Transformation,cosmological-memory.tex,240,6339,0,0.0,16,"Where the empirical evidence warrants it, as in the case examined here, a galaxy is better represented not as a state, $G = X(t_0)$, but as an equivalence clas…"
uncited_works,cognition-research,cosmological-memory.tex,Primordial Distinctions and Cosmological Memory: Galactic Spin as Persistence Under Transformation,cosmological-memory.tex,23,6339,0,0.0,16,Using the tidal-torque theory (TTT) reconstruction of Sheng et al.
uncited_works,cognition-research,cosmological-memory.tex,Primordial Distinctions and Cosmological Memory: Galactic Spin as Persistence Under Transformation,cosmological-memory.tex,23,6339,0,0.0,16,The empirical asymmetry between gas and stellar spin tracers in Sheng et al.
uncited_works,cognition-research,cosmological-memory.tex,Primordial Distinctions and Cosmological Memory: Galactic Spin as Persistence Under Transformation,cosmological-memory.tex,56,6339,0,0.0,16,"A correlation between the second and third objects is evidence bearing on the first, but it is not identical to it, and the strength of that evidential bearing…"
uncited_works,cognition-research,cosmological-memory.tex,Primordial Distinctions and Cosmological Memory: Galactic Spin as Persistence Under Transformation,cosmological-memory.tex,84,6339,0,0.0,16,"And yet, if the Sheng et al."
uncited_works,cognition-research,cosmological-memory.tex,Primordial Distinctions and Cosmological Memory: Galactic Spin as Persistence Under Transformation,cosmological-memory.tex,123,6339,0,0.0,16,"Within the plenum reading, the conventional tidal tensor is recovered as $T_{ij} = \partial_i \partial_j \Phi$, consistent with the actual reconstruction proce…"
uncited_works,cognition-research,cosmological-memory.tex,Primordial Distinctions and Cosmological Memory: Galactic Spin as Persistence Under Transformation,cosmological-memory.tex,142,6339,0,0.0,16,"The gas-versus-stellar, elliptical-versus-spiral, and scale-dependent structure reported by Sheng et al."
uncited_works,cognition-research,cosmological-memory.tex,Primordial Distinctions and Cosmological Memory: Galactic Spin as Persistence Under Transformation,cosmological-memory.tex,148,6339,0,0.0,16,"Collapsing these into one threshold, as an earlier formulation of this argument did, obscures exactly the layer at which most real disagreements about a result…"
uncited_works,cognition-research,cosmological-memory.tex,Primordial Distinctions and Cosmological Memory: Galactic Spin as Persistence Under Transformation,cosmological-memory.tex,171,6339,0,0.0,16,"4\,h^{-1}\,\mathrm{Mpc}$ at which Sheng et al."
uncited_works,cognition-research,cosmological-memory.tex,Primordial Distinctions and Cosmological Memory: Galactic Spin as Persistence Under Transformation,cosmological-memory.tex,236,6339,0,0.0,16,"First, finite-time persistence, a positive correlation or mutual information observed over some fixed, finite baseline such as the one measured by Sheng et al."
uncited_works,cognition-research,cosmological-memory.tex,Primordial Distinctions and Cosmological Memory: Galactic Spin as Persistence Under Transformation,cosmological-memory.tex,244,6339,0,0.0,16,"It is equally clearly not a channel of total erasure, since a chain of distinctions, \begin{equation} D_{\mathrm{prim}} \to D_1 \to D_2 \to \cdots \to D_{\math…"
uncited_works,cognition-research,cosmological-memory.tex,Primordial Distinctions and Cosmological Memory: Galactic Spin as Persistence Under Transformation,cosmological-memory.tex,252,6339,0,0.0,16,The deepest content of the Sheng et al.
uncited_works,cognition-research,cosmological-memory.tex,Primordial Distinctions and Cosmological Memory: Galactic Spin as Persistence Under Transformation,cosmological-memory.tex,257,6339,0,0.0,16,"} All observational and simulation results discussed above, including the sample sizes, correlation amplitudes, significance figures, and the identification of…"
uncited_claims,alphabet,roadmap/states_without_histories.tex,States Without Histories: Latent Reasoning as Admissibility-Field Traversal,roadmap/states_without_histories.tex,139,4438,0,0.0,17,"This is not necessarily wrong---the state ontology remains viable, and H2 in Section~\ref{sec:hypo} is its strongest remaining form---but it is one possible on…"
uncited_works,alphabet,roadmap/states_without_histories.tex,States Without Histories: Latent Reasoning as Admissibility-Field Traversal,roadmap/states_without_histories.tex,27,4438,0,0.0,17,\begin{abstract} Seddik and Fard (2026) demonstrate that latent thought representations in large language models preserve task-level identity while collapsing …
uncited_works,alphabet,roadmap/states_without_histories.tex,States Without Histories: Latent Reasoning as Admissibility-Field Traversal,roadmap/states_without_histories.tex,40,4438,0,0.0,17,Independent cross-domain context comes from Griffin et al.
uncited_works,alphabet,roadmap/states_without_histories.tex,States Without Histories: Latent Reasoning as Admissibility-Field Traversal,roadmap/states_without_histories.tex,412,4438,0,0.0,17,"Using multivariate pattern analysis on high-density EEG from 399 children aged 6--11, Griffin et al."
uncited_works,alphabet,roadmap/states_without_histories.tex,States Without Histories: Latent Reasoning as Admissibility-Field Traversal,roadmap/states_without_histories.tex,424,4438,0,0.0,17,The relevance of Griffin et al.
uncited_works,alphabet,roadmap/states_without_histories.tex,States Without Histories: Latent Reasoning as Admissibility-Field Traversal,roadmap/states_without_histories.tex,444,4438,0,0.0,17,} The temporal generalization matrices in Griffin et al.
uncited_works,alphabet,roadmap/states_without_histories.tex,States Without Histories: Latent Reasoning as Admissibility-Field Traversal,roadmap/states_without_histories.tex,467,4438,0,0.0,17,The two-level hierarchy appears in language model latent representations (Seddik and Fard) and in cortical face representations in autism (Griffin et al.
uncited_works,alphabet,roadmap/states_without_histories.tex,States Without Histories: Latent Reasoning as Admissibility-Field Traversal,roadmap/states_without_histories.tex,536,4438,0,0.0,17,The cross-domain parallel with Griffin et al.
uncited_works,alphabet,roadmap/states_without_histories.tex,States Without Histories: Latent Reasoning as Admissibility-Field Traversal,roadmap/states_without_histories.tex,537,4438,0,0.0,17,Seddik and Fard provide the LLM evidence; Griffin et al.
uncited_works,research-projects,photonics/bayesian-photonics.tex,bayesian-photonics.tex,photonics/bayesian-photonics.tex,1360,9166,0,0.0,22,It draws on the work of Lu et al.
uncited_works,research-projects,photonics/bayesian-photonics.tex,bayesian-photonics.tex,photonics/bayesian-photonics.tex,1559,9166,0,0.0,22,The full defense framework of Lu et al.
uncited_works,research-projects,photonics/bayesian-photonics.tex,bayesian-photonics.tex,photonics/bayesian-photonics.tex,1662,9166,0,0.0,22,"\begin{epistbox} The formal identification of TCU encoding with engineering the RSVP entropy field $\Sfield_W$, and of weight locking with a $\Refuse$ operatio…"
uncited_works,research-projects,photonics/bayesian-photonics.tex,bayesian-photonics.tex,photonics/bayesian-photonics.tex,1667,9166,0,0.0,22,"Theorem~\ref{thm:security_duality} is a bound derived within the RSVP framework under assumptions (TCU encoding, first-order loss approximation) that are valid…"
uncited_claims,alphabet,physics/Inflation without Expansion.tex,Inflation without Expansion,physics/Inflation without Expansion.tex,60,3260,13,3.99,20,"However, discrepancies such as the Hubble tension (varying measurements of $H_0$ from early and late universe probes) and anomalies in CMB polarization data su…"
uncited_claims,research-projects,framework/mechanical_inheritance.tex,"Mechanical Inheritance [0.4em] Collagen, Prenatal Movement, Maternal Matrix, and the Extracellular …",framework/mechanical_inheritance.tex,79,6881,18,2.62,18,It is established that movement participates in constructing skeletal form.
uncited_claims,research-projects,framework/mechanical_inheritance.tex,"Mechanical Inheritance [0.4em] Collagen, Prenatal Movement, Maternal Matrix, and the Extracellular …",framework/mechanical_inheritance.tex,79,6881,18,2.62,18,It is established that extracellular matrix is not inert packing.
uncited_claims,research-projects,framework/mechanical_inheritance.tex,"Mechanical Inheritance [0.4em] Collagen, Prenatal Movement, Maternal Matrix, and the Extracellular …",framework/mechanical_inheritance.tex,85,6881,18,2.62,18,"\begin{enumerate}[label=(\roman*),itemsep=2pt] \item that collagen peptide sequences constitute a general genetic ``grammar'' of body plans or of sexual dimorp…"
uncited_claims,research-projects,framework/mechanical_inheritance.tex,"Mechanical Inheritance [0.4em] Collagen, Prenatal Movement, Maternal Matrix, and the Extracellular …",framework/mechanical_inheritance.tex,117,6881,18,2.62,18,"No systematic review, risk-of-bias assessment, or meta-analysis has been performed."
uncited_claims,research-projects,framework/mechanical_inheritance.tex,"Mechanical Inheritance [0.4em] Collagen, Prenatal Movement, Maternal Matrix, and the Extracellular …",framework/mechanical_inheritance.tex,391,6881,18,2.62,18,Experimental collagen overexpression has been reported to extend lifespan in some contexts.
uncited_claims,research-projects,framework/mechanical_inheritance.tex,"Mechanical Inheritance [0.4em] Collagen, Prenatal Movement, Maternal Matrix, and the Extracellular …",framework/mechanical_inheritance.tex,579,6881,18,2.62,18,\item No systematic search of the literature was performed; relevant contrary evidence may exist and may be decisive.
uncited_claims,library,pipeline/monograph - draft 02.tex,Extrapolated Riemannian Curvature of Semantic Manifolds,pipeline/monograph - draft 02.tex,34,7534,67,8.89,0,"We map empirical findings from embedding connectors to an RSVP field theory, where scalar capacity, vector flows, and entropy govern semantic fidelity."
uncited_works,library,pipeline/monograph - draft 02.tex,Extrapolated Riemannian Curvature of Semantic Manifolds,pipeline/monograph - draft 02.tex,1109,7534,67,8.89,0,\begin{table}[H] \centering \caption{Illustrative edge-weight ranges and implications for hyperscanning modalities under task and resting conditions (adapted f…
uncited_works,library,pipeline/monograph - draft 02.tex,Extrapolated Riemannian Curvature of Semantic Manifolds,pipeline/monograph - draft 02.tex,1164,7534,67,8.89,0,} Avena-Koenigsberger et al.
uncited_works,library,pipeline/monograph - draft 02.tex,Extrapolated Riemannian Curvature of Semantic Manifolds,pipeline/monograph - draft 02.tex,1645,7534,67,8.89,0,\begin{table}[H] \centering \caption{Illustrative edge-weight ranges and implications for hyperscanning modalities under task and resting conditions (adapted f…
uncited_claims,antivenom,Induced Homogeneity.tex,Induced Homogeneity Aspirational Pages and the Collapse of Meaning Under Engagement Optimization,Induced Homogeneity.tex,29,6602,0,0.0,17,"A decay law is derived for unsupported identity claims, and it is shown that downstream moderation cannot compensate for misordered onboarding."
uncited_claims,kitbash,research/working/draft-02/essay.tex,From Frailty and Waste to Informational Security: RSVP as a Foundation for Idea Routing and Civic C…,research/working/draft-02/essay.tex,158,10264,30,2.92,16,"To override consensus, an adversary must control more than 50\% of the network’s computational power."
uncited_claims,kitbash,Ecphoric Synthesis.tex,"Ecphoric Synthesis and Event-Historical Algebra A Formal Framework for Persistent Knowledge, Memory…",Ecphoric Synthesis.tex,170,9542,0,0.0,24,"On the cognitive side, empirical studies could test predictions about recall difficulty, context dependence, and reconstruction latency as functions of relatio…"
uncited_claims,TARTAN,tartan.tex,TARTAN: Trajectory-Aware Recursive Tiling with Annotated Noise [0.5em] A Sheaf--Variational Archite…,tartan.tex,1038,10246,8,0.78,19,"The numerical experiment demonstrates that the core mechanisms of TARTAN---local reconstruction, overlap consistency, staged repair, and trajectory summarizati…"
uncited_claims,research-projects,epistemology/Spherepop-OS-extended.tex,"Spherepop OS: A Deterministic Semantic Operating System Formal Specification, Architectural Rationa…",epistemology/Spherepop-OS-extended.tex,1149,7338,0,0.0,2,"While these terms are often used interchangeably in the literature, they correspond to distinct structural transformations in Spherepop OS."
uncited_claims,alphabet,Counterfactual Explanation as Perceptual Control.tex,Counterfactual Explanation as Perceptual Control,Counterfactual Explanation as Perceptual Control.tex,487,15067,2,0.13,0,"Addressing this question will allow us to connect the present framework to empirical work on acquisition, breakdown, and variation."
uncited_claims,kitbash,cognitive-dynamics/fusion-without-recovery.tex,Fusion Without Recovery [0.3em] Genome Architecture as Distinction Holonomy [0.3em] An Interpretive…,cognitive-dynamics/fusion-without-recovery.tex,131,8463,0,0.0,1,"Distinguishing functional protection from undisturbed neutrality requires evidence beyond persistence itself, and the transcription-factor-binding data the pap…"
uncited_works,kitbash,cognitive-dynamics/fusion-without-recovery.tex,Fusion Without Recovery [0.3em] Genome Architecture as Distinction Holonomy [0.3em] An Interpretive…,cognitive-dynamics/fusion-without-recovery.tex,26,8463,0,0.0,1,"\chapter*{Abstract} \noindent Schultz, Bl\""umel, Destanovi\'c, Sarigol, and Simakov (2026) show that chromosome fusion in animal genomes, once followed by intr…"
uncited_works,kitbash,cognitive-dynamics/fusion-without-recovery.tex,Fusion Without Recovery [0.3em] Genome Architecture as Distinction Holonomy [0.3em] An Interpretive…,cognitive-dynamics/fusion-without-recovery.tex,27,8463,0,0.0,1,"It introduces no new biological mechanism, and it separates carefully, and at each stage, what Schultz et al."
uncited_works,kitbash,cognitive-dynamics/fusion-without-recovery.tex,Fusion Without Recovery [0.3em] Genome Architecture as Distinction Holonomy [0.3em] An Interpretive…,cognitive-dynamics/fusion-without-recovery.tex,36,8463,0,0.0,1,"Schultz, Bl\""umel, Destanovi\'c, Sarigol, and Simakov's 2026 study of animal chromosome evolution documents this pattern across a large comparative dataset and…"
uncited_works,kitbash,cognitive-dynamics/fusion-without-recovery.tex,Fusion Without Recovery [0.3em] Genome Architecture as Distinction Holonomy [0.3em] An Interpretive…,cognitive-dynamics/fusion-without-recovery.tex,44,8463,0,0.0,1,This book does not evaluate Schultz et al.
uncited_works,kitbash,cognitive-dynamics/fusion-without-recovery.tex,Fusion Without Recovery [0.3em] Genome Architecture as Distinction Holonomy [0.3em] An Interpretive…,cognitive-dynamics/fusion-without-recovery.tex,48,8463,0,0.0,1,"Turning that constraint into a claim about a specific ancestral fusion event, at a specific point in a phylogeny, requires an inferential method, and Evolution…"
uncited_works,kitbash,cognitive-dynamics/fusion-without-recovery.tex,Fusion Without Recovery [0.3em] Genome Architecture as Distinction Holonomy [0.3em] An Interpretive…,cognitive-dynamics/fusion-without-recovery.tex,56,8463,0,0.0,1,Fusions of this kind are not the subject of Schultz et al.
uncited_works,kitbash,cognitive-dynamics/fusion-without-recovery.tex,Fusion Without Recovery [0.3em] Genome Architecture as Distinction Holonomy [0.3em] An Interpretive…,cognitive-dynamics/fusion-without-recovery.tex,111,8463,0,0.0,1,"The comparative method underlying both layers of the irreversibility claim is Evolutionary Genome Topology, the analytical framework Schultz et al."
uncited_works,kitbash,cognitive-dynamics/fusion-without-recovery.tex,Fusion Without Recovery [0.3em] Genome Architecture as Distinction Holonomy [0.3em] An Interpretive…,cognitive-dynamics/fusion-without-recovery.tex,125,8463,0,0.0,1,Everything from Chapter 4 onward redescribes a result already established by Schultz et al.
uncited_works,kitbash,cognitive-dynamics/fusion-without-recovery.tex,Fusion Without Recovery [0.3em] Genome Architecture as Distinction Holonomy [0.3em] An Interpretive…,cognitive-dynamics/fusion-without-recovery.tex,143,8463,0,0.0,1,The most consequential gap between what Schultz et al.
uncited_works,kitbash,cognitive-dynamics/fusion-without-recovery.tex,Fusion Without Recovery [0.3em] Genome Architecture as Distinction Holonomy [0.3em] An Interpretive…,cognitive-dynamics/fusion-without-recovery.tex,214,8463,0,0.0,1,"If intrachromosomal mixing did occur, and Schultz et al."
uncited_works,kitbash,cognitive-dynamics/fusion-without-recovery.tex,Fusion Without Recovery [0.3em] Genome Architecture as Distinction Holonomy [0.3em] An Interpretive…,cognitive-dynamics/fusion-without-recovery.tex,218,8463,0,0.0,1,"This chapter has established a general pattern, coarse recurrence without fine recovery, using an example with no biological content, and has then shown that a…"
uncited_works,kitbash,cognitive-dynamics/fusion-without-recovery.tex,Fusion Without Recovery [0.3em] Genome Architecture as Distinction Holonomy [0.3em] An Interpretive…,cognitive-dynamics/fusion-without-recovery.tex,270,8463,0,0.0,1,"The holonomy described here is a property of the relationship between chromosome count and ancestral locus assignment, established directly from Schultz et al."
uncited_works,kitbash,cognitive-dynamics/fusion-without-recovery.tex,Fusion Without Recovery [0.3em] Genome Architecture as Distinction Holonomy [0.3em] An Interpretive…,cognitive-dynamics/fusion-without-recovery.tex,332,8463,0,0.0,1,"The name is distinction holonomy, applied in the restricted sense defined in Chapter 5, for the specific pattern of coarse recurrence alongside fine-grained no…"
uncited_works,kitbash,cognitive-dynamics/fusion-without-recovery.tex,Fusion Without Recovery [0.3em] Genome Architecture as Distinction Holonomy [0.3em] An Interpretive…,cognitive-dynamics/fusion-without-recovery.tex,336,8463,0,0.0,1,"Every causal claim in this book, that intrachromosomal mixing degrades recoverable ancestral partition information, that this degradation is measurable through…"
uncited_works,kitbash,cognitive-dynamics/fusion-without-recovery.tex,Fusion Without Recovery [0.3em] Genome Architecture as Distinction Holonomy [0.3em] An Interpretive…,cognitive-dynamics/fusion-without-recovery.tex,338,8463,0,0.0,1,A reader convinced by this book's interpretive material should be no more confident that regulatory entanglement explains long-term architectural persistence t…
uncited_works,kitbash,cognitive-dynamics/fusion-without-recovery.tex,Fusion Without Recovery [0.3em] Genome Architecture as Distinction Holonomy [0.3em] An Interpretive…,cognitive-dynamics/fusion-without-recovery.tex,348,8463,0,0.0,1,A reader who accepts every claim in Chapters 4 through 7 believes exactly what a careful reader of Schultz et al.
uncited_works,kitbash,cognitive-dynamics/fusion-without-recovery.tex,Fusion Without Recovery [0.3em] Genome Architecture as Distinction Holonomy [0.3em] An Interpretive…,cognitive-dynamics/fusion-without-recovery.tex,356,8463,0,0.0,1,"Some resulting architectures persist across hundreds of millions of years, and Schultz, Bl\""umel, Destanovi\'c, Sarigol, and Simakov's 2026 study supplies a la…"
missing bib keys,kitbash,processing/essay/main.tex,From Gossip to Chokepoint Capitalism: Cycles of Semantic Constraint,processing/essay/main.tex,,1878,43,22.9,26,weller2025limit
uncited_claims,alphabet,document/the-witness-plane.tex,"The Witness Plane [5pt] Admissibility, Verification, and Commitment in Event Systems",document/the-witness-plane.tex,379,27865,11,0.39,11,"\(\mathrm{Ep}\land\neg\mathrm{Op}\): the scientific claim from Chapter 1, retained in the literature but never adopted into settled guidance, assuming the doma…"
uncited_claims,alphabet,document/the-witness-plane.tex,"The Witness Plane [5pt] Admissibility, Verification, and Commitment in Event Systems",document/the-witness-plane.tex,1941,27865,11,0.39,11,\(\Pass\) holds when every obligation whose policy status is \(\Required\) has been demonstrated \(\mathsf{SAT}\) under its declared method and witness class.
uncited_claims,alphabet,document/the-witness-plane.tex,"The Witness Plane [5pt] Admissibility, Verification, and Commitment in Event Systems",document/the-witness-plane.tex,2371,27865,11,0.39,11,"If later evidence shows the earlier run itself was faulty, that finding is appended as a new judgment about the preserved result rather than used to edit the o…"
uncited_claims,alphabet,document/the-witness-plane.tex,"The Witness Plane [5pt] Admissibility, Verification, and Commitment in Event Systems",document/the-witness-plane.tex,3578,27865,11,0.39,11,"Science as a whole has no linearizable global head, so History Never Forks does not apply to the literature."
uncited_claims,alphabet,document/the-witness-plane.tex,"The Witness Plane [5pt] Admissibility, Verification, and Commitment in Event Systems",document/the-witness-plane.tex,3827,27865,11,0.39,11,"They mark the boundary between the architecture's proved properties and the surrounding questions that require other theories, empirical evidence, or normative…"
uncited_works,kitbash,cosmology/essay/draft-01/essay.tex,"Roads Not Taken: Encoding Ratchets in Cinema, Computation, and Cosmology",cosmology/essay/draft-01/essay.tex,482,11086,20,1.8,225,"Giani, von Marttens, and Camilleri (2025) re-encode this effect in terms of two effective fluids: collapsing regions (\( \rho_c \)) and voids (\( \rho_v \)), w…"
uncited_works,kitbash,cosmology/essay/draft-01/essay.tex,"Roads Not Taken: Encoding Ratchets in Cinema, Computation, and Cosmology",cosmology/essay/draft-01/essay.tex,544,11086,20,1.8,225,Effective fluid models (Giani et al.
uncited_works,kitbash,cosmology/essay/draft-01/essay.tex,"Roads Not Taken: Encoding Ratchets in Cinema, Computation, and Cosmology",cosmology/essay/draft-01/essay.tex,1020,11086,20,1.8,225,"\subsection{Giani–von Marttens Effective Fluids} Instead of directly averaging Einstein’s equations, Giani et al."
uncited_claims,Centerfuge,framework/Irreversibility as Structure.tex,Irreversibility as Structure: A Scalar--Vector--Entropy Framework for Physical Law,framework/Irreversibility as Structure.tex,347,7107,0,0.0,20,"What has been demonstrated, however, is that irreversibility need not be relegated to the margins of physical law."
uncited_claims,alphabet,cosmology/main.tex,main.tex,cosmology/part1/ch04-memory.tex,108,26130,33,1.26,41,Bartlett's original experiments showed that memory tends to preserve: \begin{itemize}[leftmargin=2em] \item overall structure and narrative; \item emotionally …
uncited_claims,alphabet,cosmology/main.tex,main.tex,cosmology/part7/ch36-cluster-formation.tex,68,26130,33,1.26,41,\begin{Falsifiability} If cross-correlation between lensing maps and spectroscopic surveys shows that $\theta$ traces the matter distribution with no residual …
uncited_works,alphabet,cosmology/main.tex,main.tex,cosmology/part3/ch13-phase-transitions.tex,317,26130,33,1.26,41,\begin{CitationAnchor} The Landau free-energy expansion~\eqref{def:landau} follows the phenomenological framework introduced by Landau (1937).
uncited_works,alphabet,cosmology/main.tex,main.tex,cosmology/part3/ch13-phase-transitions.tex,334,26130,33,1.26,41,Renormalisation-group methods and universality classes are developed in Wilson \& Kogut (1974) and the monograph by Cardy (1996).
uncited_works,alphabet,cosmology/main.tex,main.tex,cosmology/part3/ch14-domain-formation.tex,302,26130,33,1.26,41,The Lifshitz--Slyozov scaling $\ell \sim t^{1/3}$ originates in Lifshitz \& Slyozov (1961).
uncited_works,alphabet,cosmology/main.tex,main.tex,cosmology/part3/ch14-domain-formation.tex,310,26130,33,1.26,41,\begin{FurtherReading} Bray (1994) is the essential reference for coarsening dynamics.
uncited_works,alphabet,cosmology/main.tex,main.tex,cosmology/part5/ch26-coupled-functional.tex,332,26130,33,1.26,41,The Hessian stability criterion follows the calculus of variations as in Zeidler (1985).
uncited_works,alphabet,cosmology/main.tex,main.tex,cosmology/part5/ch26-coupled-functional.tex,340,26130,33,1.26,41,"For the specific analysis of Allen--Cahn and Cahn--Hilliard as gradient flows, see the review by Fife (2000)."
uncited_works,alphabet,cosmology/main.tex,main.tex,cosmology/part5/ch29-analysis-synthesis.tex,290,26130,33,1.26,41,Riehl (2016) provides a comprehensive modern account.
uncited_works,alphabet,cosmology/main.tex,main.tex,cosmology/part5/ch29-analysis-synthesis.tex,301,26130,33,1.26,41,"For applications of category theory to physics and information, see Spivak (2014) and Baez \& Stay (2011)."
uncited_works,alphabet,cosmology/main.tex,main.tex,cosmology/part5/ch29b-entropy-causality.tex,427,26130,33,1.26,41,"The gradient-flow perspective is developed systematically in Jordan, Kinderlehrer \& Otto (1998), who showed that diffusion equations are Wasserstein gradient …"
uncited_works,alphabet,cosmology/main.tex,main.tex,cosmology/part5/ch29b-entropy-causality.tex,433,26130,33,1.26,41,The LaSalle invariance principle used in Corollary~\ref{cor:attractor} is standard; see Khalil (2002).
uncited_works,alphabet,cosmology/main.tex,main.tex,cosmology/part5/ch29b-entropy-causality.tex,442,26130,33,1.26,41,The connection between free-energy descent and temporal asymmetry in statistical mechanics is surveyed in Lebowitz (1993) and Zeh (2007).
uncited_works,alphabet,cosmology/main.tex,main.tex,cosmology/part5/ch29c-mso-interlude.tex,260,26130,33,1.26,41,"For a modern categorical perspective on part-whole relations, see Baez \& Stay (2011) and Spivak (2014)."
uncited_works,alphabet,cosmology/main.tex,main.tex,cosmology/part5/ch30-observer-horizons.tex,331,26130,33,1.26,41,The Mayer--Vietoris sequence for sheaf cohomology is a standard tool; see Tennison (1975) or Mac Lane \& Moerdijk (1992) for an accessible treatment.
uncited_works,alphabet,cosmology/main.tex,main.tex,cosmology/part5/ch30-observer-horizons.tex,345,26130,33,1.26,41,"For sheaves in physics, see the survey by Baez \& Lauda (2011)."
uncited_works,alphabet,cosmology/main.tex,main.tex,cosmology/part5/ch32-agency.tex,227,26130,33,1.26,41,"For the mathematical treatment of reconstruction as Bayesian inference, see Tenenbaum et al."
uncited_claims,kitbash,operations/essay-02/draft-03.tex,The Role of Silence in Knowledge Systems,operations/essay-02/draft-03.tex,407,2785,15,5.39,24,"2$ in the empirical range, about 20\% of agents control $\sim$80\% of the resource."
uncited_works,syllabus,03_structural_thinking.tex,Structural Thinking [6pt] A History of Computation and the Geometry of Ideas,03_structural_thinking.tex,2081,15690,1,0.06,0,Claude Shannon's 1948 paper founding information theory showed that the compressibility of a message is determined not by its content but by its structure---sp…
uncited_works,syllabus,03_structural_thinking.tex,Structural Thinking [6pt] A History of Computation and the Geometry of Ideas,03_structural_thinking.tex,2588,15690,1,0.06,0,Stephen Cook's 1971 proof that satisfiability is NP-complete\index[topics]{NP-completeness} revealed that the shape of the constraint space determines the diff…
uncited_works,syllabus,03_structural_thinking.tex,Structural Thinking [6pt] A History of Computation and the Geometry of Ideas,03_structural_thinking.tex,3064,15690,1,0.06,0,\begin{paradigmtimeline} 1936: Turing's paper on computable numbers; Church's lambda calculus.
uncited_claims,alphabet,research/dynamics-of-learning.tex,"The Dynamics of Learning: Excess Capacity, Interpolation, and Cognitive Structure",research/dynamics-of-learning.tex,94,30295,30,0.99,29,Increasing evidence suggests that systems with excess representational capacity can simultaneously memorize detailed experiences while maintaining robust gener…
uncited_claims,alphabet,research/dynamics-of-learning.tex,"The Dynamics of Learning: Excess Capacity, Interpolation, and Cognitive Structure",research/dynamics-of-learning.tex,1292,30295,30,0.99,29,One of the most important empirical findings in modern learning theory is that optimization procedures frequently converge toward low-complexity interpolants e…
uncited_claims,alphabet,research/dynamics-of-learning.tex,"The Dynamics of Learning: Excess Capacity, Interpolation, and Cognitive Structure",research/dynamics-of-learning.tex,4418,30295,30,0.99,29,"Second, empirical studies must identify behavioral signatures capable of tracking regime transitions dynamically across developmental, clinical, and artificial…"
uncited_claims,alphabet,research/dynamics-of-learning.tex,"The Dynamics of Learning: Excess Capacity, Interpolation, and Cognitive Structure",research/dynamics-of-learning.tex,6046,30295,30,0.99,29,Recent work on neural collapse suggests that trained deep systems frequently converge toward symmetric representational configurations.
uncited_works,spherepop,Operational-Mereology.tex,From Sets to Parts: Operational Mereology via Event--Sourced Semantics,Operational-Mereology.tex,88,6284,0,0.0,14,"This operationalization aligns mereology with computational practice, where structure emerges from execution rather than from axiomatic closure (Fowler 2005; S…"
uncited_works,spherepop,Operational-Mereology.tex,From Sets to Parts: Operational Mereology via Event--Sourced Semantics,Operational-Mereology.tex,187,6284,0,0.0,14,"This approach aligns with established practice in databases, version control systems, and distributed data types, all of which treat logs rather than static co…"
uncited_works,spherepop,Operational-Mereology.tex,From Sets to Parts: Operational Mereology via Event--Sourced Semantics,Operational-Mereology.tex,260,6284,0,0.0,14,"This approach aligns with established practice in databases, version control systems, and distributed data types, all of which treat logs rather than static co…"
uncited_claims,kitbash,paperbot/paperbot-parliament.tex,Paperbot Parliament: A Multi-Agent Framework for Distinction-Centered Document Analysis [0.6em] Con…,paperbot/paperbot-parliament.tex,1055,5113,0,0.0,13,"The Skeptic output was organized around epistemic vulnerability: it challenged the sufficiency of the RSVP triple, requested empirical evidence for the traject…"
uncited_claims,antivenom,persistence/proxy_permanence_failure.tex,"Proxy Permanence Failure [0.4em] Carbon Governance, Biodiversity, and the Collapse of Admissibility…",persistence/proxy_permanence_failure.tex,58,13011,48,3.69,41,"\begin{abstract} Three recent empirical studies expose structurally distinct failure modes in nature-based climate solution governance, each corresponding to a…"
uncited_claims,antivenom,persistence/proxy_permanence_failure.tex,"Proxy Permanence Failure [0.4em] Carbon Governance, Biodiversity, and the Collapse of Admissibility…",persistence/proxy_permanence_failure.tex,111,13011,48,3.69,41,"Three recent studies sharpen this critique with unusual precision, each exposing a different dimension of the same underlying failure."
uncited_claims,antivenom,persistence/proxy_permanence_failure.tex,"Proxy Permanence Failure [0.4em] Carbon Governance, Biodiversity, and the Collapse of Admissibility…",persistence/proxy_permanence_failure.tex,115,13011,48,3.69,41,"Climate change roughly triples wildfire-driven reversal probabilities over 100 years, and 41\% of currently active projects face reversal probabilities exceedi…"
uncited_claims,antivenom,persistence/proxy_permanence_failure.tex,"Proxy Permanence Failure [0.4em] Carbon Governance, Biodiversity, and the Collapse of Admissibility…",persistence/proxy_permanence_failure.tex,503,13011,48,3.69,41,That 41\% of enrolled projects already show reversal probabilities exceeding 50\% under SSP2-4.
uncited_claims,antivenom,persistence/proxy_permanence_failure.tex,"Proxy Permanence Failure [0.4em] Carbon Governance, Biodiversity, and the Collapse of Admissibility…",persistence/proxy_permanence_failure.tex,595,13011,48,3.69,41,"Mean recalcitrant fractions over 100 years are 25\% (95\% CrI: 17--34\%) for seagrasses and 14\% (95\% CrI: 11--16\%) for macroalgae, corresponding to approxim…"
uncited_claims,antivenom,persistence/proxy_permanence_failure.tex,"Proxy Permanence Failure [0.4em] Carbon Governance, Biodiversity, and the Collapse of Admissibility…",persistence/proxy_permanence_failure.tex,1155,13011,48,3.69,41,The empirical finding that 41\% of enrolled CARB projects face reversal probabilities exceeding 50\% under a moderate emissions scenario represents the observa…
uncited_claims,antivenom,persistence/proxy_permanence_failure.tex,"Proxy Permanence Failure [0.4em] Carbon Governance, Biodiversity, and the Collapse of Admissibility…",persistence/proxy_permanence_failure.tex,1842,13011,48,3.69,41,"The damping formulation~\eqref{eq:premium-damped} addresses this partially, but calibration of $\rho$ and the sensitivity coefficients $\lambda_i$ requires emp…"
uncited_works,antivenom,persistence/proxy_permanence_failure.tex,"Proxy Permanence Failure [0.4em] Carbon Governance, Biodiversity, and the Collapse of Admissibility…",persistence/proxy_permanence_failure.tex,345,13011,48,3.69,41,"\ paper primarily concerns $D(\theta,t)$; Weiskopf et al."
uncited_works,antivenom,persistence/proxy_permanence_failure.tex,"Proxy Permanence Failure [0.4em] Carbon Governance, Biodiversity, and the Collapse of Admissibility…",persistence/proxy_permanence_failure.tex,345,13011,48,3.69,41,\ concern the $B$-dependence of $G$ and $\mu$; Watanabe et al.
uncited_works,antivenom,persistence/proxy_permanence_failure.tex,"Proxy Permanence Failure [0.4em] Carbon Governance, Biodiversity, and the Collapse of Admissibility…",persistence/proxy_permanence_failure.tex,454,13011,48,3.69,41,"The fourth term is new relative to the previous draft, integrating the Watanabe et al."
uncited_works,antivenom,persistence/proxy_permanence_failure.tex,"Proxy Permanence Failure [0.4em] Carbon Governance, Biodiversity, and the Collapse of Admissibility…",persistence/proxy_permanence_failure.tex,585,13011,48,3.69,41,This interpretation aligns with the Weiskopf et al.
uncited_works,antivenom,persistence/proxy_permanence_failure.tex,"Proxy Permanence Failure [0.4em] Carbon Governance, Biodiversity, and the Collapse of Admissibility…",persistence/proxy_permanence_failure.tex,661,13011,48,3.69,41,}] \item \textbf{Disturbance entropy expansion} (Wu et al.
uncited_works,antivenom,persistence/proxy_permanence_failure.tex,"Proxy Permanence Failure [0.4em] Carbon Governance, Biodiversity, and the Collapse of Admissibility…",persistence/proxy_permanence_failure.tex,666,13011,48,3.69,41,\item \textbf{Constraint dimensionality reduction} (Weiskopf et al.
uncited_works,antivenom,persistence/proxy_permanence_failure.tex,"Proxy Permanence Failure [0.4em] Carbon Governance, Biodiversity, and the Collapse of Admissibility…",persistence/proxy_permanence_failure.tex,670,13011,48,3.69,41,\item \textbf{Transformation accessibility contraction} (Watanabe et al.
uncited_works,antivenom,persistence/proxy_permanence_failure.tex,"Proxy Permanence Failure [0.4em] Carbon Governance, Biodiversity, and the Collapse of Admissibility…",persistence/proxy_permanence_failure.tex,1080,13011,48,3.69,41,4\times$ token inefficiency & 7--146~PgC carbon loss (Weiskopf et al.
uncited_works,antivenom,persistence/proxy_permanence_failure.tex,"Proxy Permanence Failure [0.4em] Carbon Governance, Biodiversity, and the Collapse of Admissibility…",persistence/proxy_permanence_failure.tex,1089,13011,48,3.69,41,"Together, the Wang et al."
uncited_works,antivenom,persistence/proxy_permanence_failure.tex,"Proxy Permanence Failure [0.4em] Carbon Governance, Biodiversity, and the Collapse of Admissibility…",persistence/proxy_permanence_failure.tex,1461,13011,48,3.69,41,This operationalizes the Weiskopf et al.
uncited_works,antivenom,persistence/proxy_permanence_failure.tex,"Proxy Permanence Failure [0.4em] Carbon Governance, Biodiversity, and the Collapse of Admissibility…",persistence/proxy_permanence_failure.tex,1596,13011,48,3.69,41,Whether $\tau_\text{institution} > \tau_c$ for currently enrolled projects is an empirical question that the Wu et al.
uncited_claims,HYDRA,hydra_architecture.tex,hydra_architecture.tex,hydra_architecture.tex,711,5045,77,15.26,27,"The mappings are structural: they provide mathematical language for phenomena already described in the literature, not new empirical predictions."
uncited_claims,library,Worldline Selection Under Constraint.tex,Worldline Selection Under Constraint: Equilibrium Pruning in an Event-Historical Framework,Worldline Selection Under Constraint.tex,61,6394,0,0.0,1,\begin{abstract} Recent work on equilibrium-driven pruning reframes neural network sparsification as an emergent outcome of strategic interaction rather than a…
uncited_works,library,Worldline Selection Under Constraint.tex,Worldline Selection Under Constraint: Equilibrium Pruning in an Event-Historical Framework,Worldline Selection Under Constraint.tex,71,6394,0,0.0,1,"Parameters are trained under a dense regime, evaluated using magnitude, sensitivity, or second-order approximations, and subsequently removed according to exte…"
uncited_works,library,Worldline Selection Under Constraint.tex,Worldline Selection Under Constraint: Equilibrium Pruning in an Event-Historical Framework,Worldline Selection Under Constraint.tex,73,6394,0,0.0,1,The equilibrium-driven pruning framework introduced by Shah and Khan (2025) departs from this paradigm by eliminating external ranking altogether.
uncited_works,library,Worldline Selection Under Constraint.tex,Worldline Selection Under Constraint: Equilibrium Pruning in an Event-Historical Framework,Worldline Selection Under Constraint.tex,79,6394,0,0.0,1,This property distinguishes equilibrium-driven pruning from regularization-based sparsity and from dynamic rewiring schemes (Louizos et al.
uncited_works,library,Worldline Selection Under Constraint.tex,Worldline Selection Under Constraint: Equilibrium Pruning in an Event-Historical Framework,Worldline Selection Under Constraint.tex,221,6394,0,0.0,1,"Even in computational settings, agency is often equated with policy execution under reward signals (Littman 1994; Lowe et al."
uncited_works,library,Worldline Selection Under Constraint.tex,Worldline Selection Under Constraint: Equilibrium Pruning in an Event-Historical Framework,Worldline Selection Under Constraint.tex,233,6394,0,0.0,1,"This perspective aligns with broader critiques of state-based agency in cognitive science, where agency is increasingly understood as a property of temporally …"
uncited_works,library,Worldline Selection Under Constraint.tex,Worldline Selection Under Constraint: Equilibrium Pruning in an Event-Historical Framework,Worldline Selection Under Constraint.tex,281,6394,0,0.0,1,"In free energy formulations, learning dynamics are derived from the minimization of a scalar functional defined over states, beliefs, or approximate posteriors…"
uncited_works,library,Worldline Selection Under Constraint.tex,Worldline Selection Under Constraint: Equilibrium Pruning in an Event-Historical Framework,Worldline Selection Under Constraint.tex,708,6394,0,0.0,1,We summarize the gradient-based update used in equilibrium-driven pruning following Shah and Khan (2025).
uncited_claims,alphabet,manuscripts/cognitive-action/essay.tex,The Cognitive Action: Reinforcement as Field,manuscripts/cognitive-action/essay.tex,680,6317,0,0.0,14,Analysis of the simulation and existing RL data suggests two central scaling relations:
uncited_claims,library,projects/Distributed Centrality.tex,Distributed Centrality [0.4em] Symmetry Preservation in Nonequilibrium Semantic Substrates,projects/Distributed Centrality.tex,440,5592,0,0.0,14,"This operator represents the ""Middleman"" strategy identified in the literature (e."
uncited_claims,kitbash,cognitive-dynamics/rain-on-the-parade.tex,Rain on the Parade [0.3em] Why Wanting Affection Is Not the Same as Craving Oxytocin,cognitive-dynamics/rain-on-the-parade.tex,18,3212,7,2.18,5,This essay examines the conceptual error underlying the idea of an oxytocin craving and the empirical evidence that makes the simple model difficult to sustain.
uncited_claims,kitbash,cognitive-dynamics/rain-on-the-parade.tex,Rain on the Parade [0.3em] Why Wanting Affection Is Not the Same as Craving Oxytocin,cognitive-dynamics/rain-on-the-parade.tex,89,3212,7,2.18,5,The literature is considerably less orderly.
uncited_claims,kitbash,cognitive-dynamics/rain-on-the-parade.tex,Rain on the Parade [0.3em] Why Wanting Affection Is Not the Same as Craving Oxytocin,cognitive-dynamics/rain-on-the-parade.tex,91,3212,7,2.18,5,A systematic review and meta-analysis by Burenkova et al.
uncited_claims,kitbash,cognitive-dynamics/rain-on-the-parade.tex,Rain on the Parade [0.3em] Why Wanting Affection Is Not the Same as Craving Oxytocin,cognitive-dynamics/rain-on-the-parade.tex,91,3212,7,2.18,5,"Correlational designs did show a small positive association, but the literature exhibited substantial heterogeneity across paradigms, populations, forms of int…"
uncited_claims,kitbash,cognitive-dynamics/rain-on-the-parade.tex,Rain on the Parade [0.3em] Why Wanting Affection Is Not the Same as Craving Oxytocin,cognitive-dynamics/rain-on-the-parade.tex,97,3212,7,2.18,5,"Instead, increases, decreases, null effects, individual variation, contextual variation, and substantial methodological difficulties coexist in the literature."
missing bib keys,kitbash,economics/essay.tex,Recursive Futarchy,economics/essay.tex,,8826,12,1.36,20,"achiam2017constrained, caicoya2024constrained, skinner1953science, ueda2024entropy"
uncited_claims,calculus,processing/restoration-before-explanation.tex,Restoration Before Explanation [0.3em] Why Systems Can Be Repaired Before They Are Understood,processing/restoration-before-explanation.tex,90,3521,0,0.0,8,"Recent work training large language models with reinforcement learning has shown that updating a single transformer layer, chosen from the middle of the networ…"
uncited_claims,calculus,processing/restoration-before-explanation.tex,Restoration Before Explanation [0.3em] Why Systems Can Be Repaired Before They Are Understood,processing/restoration-before-explanation.tex,102,3521,0,0.0,8,This test requires no access to the model's internals and settles nothing about architectural transparency; a model that passes it convincingly has been shown …
uncited_works,calculus,processing/restoration-before-explanation.tex,Restoration Before Explanation [0.3em] Why Systems Can Be Repaired Before They Are Understood,processing/restoration-before-explanation.tex,90,3521,0,0.0,8,"\ 2018), and separate work on reading intermediate representations through the model's own output vocabulary shows that these running estimates evolve progress…"
uncited_works,calculus,processing/restoration-before-explanation.tex,Restoration Before Explanation [0.3em] Why Systems Can Be Repaired Before They Are Understood,processing/restoration-before-explanation.tex,98,3521,0,0.0,8,"Joseph Murray's 1954 kidney transplant between identical twins succeeded, and kept its recipient alive for eight years, at a time when the immunological mechan…"
uncited_claims,alphabet,example/hidden-files/procedural-ontology.tex,Procedural Ontology: The Metaphysics of Code Generation A Relativistic Scalar--Vector Plenum (RSVP)…,example/hidden-files/procedural-ontology.tex,1095,13378,0,0.0,11,"What the literature does not license is the further, stronger claim that any such history is automatically recoverable by an arbitrary external party down to w…"
uncited_claims,spherepop,Active Geodesic Inference.tex,"Active Geodesic Inference Reasoning as Field Dynamics, Synchronization, and Semantic Folding",Active Geodesic Inference.tex,122,13932,0,0.0,20,"This explains why distilled reasoning traces are difficult to imitate despite producing correct outputs, as observed in recent work on reasoning privacy and co…"
uncited_claims,spherepop,Active Geodesic Inference.tex,"Active Geodesic Inference Reasoning as Field Dynamics, Synchronization, and Semantic Folding",Active Geodesic Inference.tex,164,13932,0,0.0,20,The connection between entropy geometry and uncertainty quantification becomes explicit through recent results linking conformal prediction to imprecise probab…
uncited_works,spherepop,Active Geodesic Inference.tex,"Active Geodesic Inference Reasoning as Field Dynamics, Synchronization, and Semantic Folding",Active Geodesic Inference.tex,84,13932,0,0.0,20,"This observation motivates what has been termed the \emph{molecular structure of thought} hypothesis, according to which effective long chain-of-thought (Long …"
uncited_works,spherepop,Active Geodesic Inference.tex,"Active Geodesic Inference Reasoning as Field Dynamics, Synchronization, and Semantic Folding",Active Geodesic Inference.tex,108,13932,0,0.0,20,"This manifests empirically as degraded reasoning performance when mixing strong teacher models with mismatched internal logic, an effect observed across reinfo…"
uncited_works,spherepop,Active Geodesic Inference.tex,"Active Geodesic Inference Reasoning as Field Dynamics, Synchronization, and Semantic Folding",Active Geodesic Inference.tex,138,13932,0,0.0,20,"This tripartite structure mirrors empirical observations in reinforcement-trained reasoning systems, where successful trajectories alternate between phases of …"
uncited_works,spherepop,Active Geodesic Inference.tex,"Active Geodesic Inference Reasoning as Field Dynamics, Synchronization, and Semantic Folding",Active Geodesic Inference.tex,142,13932,0,0.0,20,"In contrastive domain adaptation for question answering, the goal is not to memorize target-domain data, but to align the latent distributions of source and ta…"
uncited_works,spherepop,Active Geodesic Inference.tex,"Active Geodesic Inference Reasoning as Field Dynamics, Synchronization, and Semantic Folding",Active Geodesic Inference.tex,146,13932,0,0.0,20,"In single-cell foundation models, inter-cellular attention plays an analogous role by aligning representations across heterogeneous biological contexts, thereb…"
uncited_works,spherepop,Active Geodesic Inference.tex,"Active Geodesic Inference Reasoning as Field Dynamics, Synchronization, and Semantic Folding",Active Geodesic Inference.tex,160,13932,0,0.0,20,"As a result, distilled traces lack the mutual information profile necessary to reconstruct the original reasoning process, explaining the empirical difficulty …"
uncited_works,spherepop,Active Geodesic Inference.tex,"Active Geodesic Inference Reasoning as Field Dynamics, Synchronization, and Semantic Folding",Active Geodesic Inference.tex,164,13932,0,0.0,20,Conformal prediction regions may be understood as level sets of a plausibility function whose induced credal set defines a family of admissible probability mea…
uncited_works,spherepop,Active Geodesic Inference.tex,"Active Geodesic Inference Reasoning as Field Dynamics, Synchronization, and Semantic Folding",Active Geodesic Inference.tex,166,13932,0,0.0,20,This interpretation aligns naturally with the neighborhood-based robustness strategies observed in recommender systems and contrastive reasoning frameworks (Yu…
uncited_works,spherepop,Active Geodesic Inference.tex,"Active Geodesic Inference Reasoning as Field Dynamics, Synchronization, and Semantic Folding",Active Geodesic Inference.tex,237,13932,0,0.0,20,"Reinforcement learning methods such as SEARCH-R1 effectively anneal the system by adjusting external fields $h_k$ and reducing effective temperature, guiding t…"
uncited_works,spherepop,Active Geodesic Inference.tex,"Active Geodesic Inference Reasoning as Field Dynamics, Synchronization, and Semantic Folding",Active Geodesic Inference.tex,237,13932,0,0.0,20,"Contrastive adaptation reshapes the coupling constants $J_k$, aligning semantic neighborhoods across domains and stabilizing synchronization under distribution…"
uncited_works,spherepop,Active Geodesic Inference.tex,"Active Geodesic Inference Reasoning as Field Dynamics, Synchronization, and Semantic Folding",Active Geodesic Inference.tex,247,13932,0,0.0,20,"Exploratory associations act as weak, van der Waals–like interactions that transiently bridge distant semantic regions, enabling the system to sample alternati…"
uncited_works,spherepop,Active Geodesic Inference.tex,"Active Geodesic Inference Reasoning as Field Dynamics, Synchronization, and Semantic Folding",Active Geodesic Inference.tex,261,13932,0,0.0,20,"Reinforcement learning methods such as SEARCH-R1 can be interpreted as annealing schedules over this geometry, gradually lowering the effective temperature and…"
uncited_works,spherepop,Active Geodesic Inference.tex,"Active Geodesic Inference Reasoning as Field Dynamics, Synchronization, and Semantic Folding",Active Geodesic Inference.tex,261,13932,0,0.0,20,"Contrastive adaptation reshapes the manifold itself, aligning geodesic structure across domains so that similar reasoning paths remain low-action even under di…"
uncited_works,spherepop,Active Geodesic Inference.tex,"Active Geodesic Inference Reasoning as Field Dynamics, Synchronization, and Semantic Folding",Active Geodesic Inference.tex,261,13932,0,0.0,20,"Conformal prediction and imprecise probability methods define bounded semantic volumes within which geodesics may fluctuate without loss of validity, providing…"
uncited_works,spherepop,Active Geodesic Inference.tex,"Active Geodesic Inference Reasoning as Field Dynamics, Synchronization, and Semantic Folding",Active Geodesic Inference.tex,892,13932,0,0.0,20,The Free Energy Principle asserts that adaptive systems minimize a variational free energy functional that upper-bounds surprise under a generative model (Fris…
uncited_works,spherepop,Active Geodesic Inference.tex,"Active Geodesic Inference Reasoning as Field Dynamics, Synchronization, and Semantic Folding",Active Geodesic Inference.tex,908,13932,0,0.0,20,"Integrated Information Theory characterizes consciousness in terms of the irreducibility of a system’s causal structure, quantified by measures such as $\Phi$ …"
uncited_claims,kitbash,cosmology/rsvp_cosmology_v2-1.tex,"Cosmological Observables Without Expansion: A Scalar--Vector--Entropy Field Theory of Redshift, Lum…",cosmology/rsvp_cosmology_v2-1.tex,240,8476,9,1.06,9,"The nested structure~\eqref{eq:hierarchy} clarifies why the observational data show a consistent pattern: each richer truncation better captures the signal, bu…"
uncited_works,kitbash,cosmology/rsvp_cosmology_v2-1.tex,"Cosmological Observables Without Expansion: A Scalar--Vector--Entropy Field Theory of Redshift, Lum…",cosmology/rsvp_cosmology_v2-1.tex,212,8476,9,1.06,9,The five-model hierarchy of Zhang et al.
uncited_works,kitbash,cosmology/rsvp_cosmology_v2-1.tex,"Cosmological Observables Without Expansion: A Scalar--Vector--Entropy Field Theory of Redshift, Lum…",cosmology/rsvp_cosmology_v2-1.tex,236,8476,9,1.06,9,\end{equation} The finding of Zhang et al.
uncited_works,kitbash,cosmology/rsvp_cosmology_v2-1.tex,"Cosmological Observables Without Expansion: A Scalar--Vector--Entropy Field Theory of Redshift, Lum…",cosmology/rsvp_cosmology_v2-1.tex,1129,8476,9,1.06,9,This provides a KES interpretation of the dynamical dark energy evidence reported by Zhang et al.
uncited_works,kitbash,cosmology/rsvp_cosmology_v2-1.tex,"Cosmological Observables Without Expansion: A Scalar--Vector--Entropy Field Theory of Redshift, Lum…",cosmology/rsvp_cosmology_v2-1.tex,1188,8476,9,1.06,9,"Fourth, the KES framework of Section~\ref{sec:kes} connects cosmological redshift to possibility contraction $\dot{\mathcal{V}}_\Omega$; the phantom-to-quintes…"
uncited_works,kitbash,cosmology/rsvp_cosmology_v2-1.tex,"Cosmological Observables Without Expansion: A Scalar--Vector--Entropy Field Theory of Redshift, Lum…",cosmology/rsvp_cosmology_v2-1.tex,1190,8476,9,1.06,9,The observational data reviewed by Zhang et al.
uncited_works,kitbash,cosmology/rsvp_cosmology_v2-1.tex,"Cosmological Observables Without Expansion: A Scalar--Vector--Entropy Field Theory of Redshift, Lum…",cosmology/rsvp_cosmology_v2-1.tex,1335,8476,9,1.06,9,This parameter set (7 quantities) is comparable in size to the extended dark-energy models tested by Zhang et al.
uncited_claims,calculus,experiments/restorability-boundaries.tex,Restorability Boundaries,experiments/restorability-boundaries.tex,763,28500,0,0.0,15,What can be said without overreach is that $S$ belongs to the family of quantities \cref{claim:conservation-noninjective} concerns --- built to be shared acros…
uncited_claims,calculus,experiments/restorability-boundaries.tex,Restorability Boundaries,experiments/restorability-boundaries.tex,776,28500,0,0.0,15,"Physics's own unresolved \emph{problem of time} in general relativity is, in substance, the question of whether a distinction collapsed by a gauge constraint c…"
uncited_claims,calculus,experiments/restorability-boundaries.tex,Restorability Boundaries,experiments/restorability-boundaries.tex,1750,28500,0,0.0,15,"A structure that persists over time is easy to mistake for a static fact, something that simply continues to be the case once it has been established."
uncited_claims,calculus,experiments/restorability-boundaries.tex,Restorability Boundaries,experiments/restorability-boundaries.tex,2639,28500,0,0.0,15,"Nothing comparable has been shown for the Banik reconstruction: its noise floor reflects $\widehat{P}_t$ for one specific reconstruction procedure, with no arg…"
uncited_works,calculus,experiments/restorability-boundaries.tex,Restorability Boundaries,experiments/restorability-boundaries.tex,1522,28500,0,0.0,15,"\begin{remark}[Decorrelated dimensionality, not operator count] \label{rem:posani-participation} A useful comparison, and a useful caution, is provided by Posa…"
uncited_works,calculus,experiments/restorability-boundaries.tex,Restorability Boundaries,experiments/restorability-boundaries.tex,1962,28500,0,0.0,15,"Chapter 5 flags, via a comparison to Posani et al."
uncited_works,calculus,experiments/restorability-boundaries.tex,Restorability Boundaries,experiments/restorability-boundaries.tex,2781,28500,0,0.0,15,\begin{example}[The oldest star as a diagnostic-collapse boundary] \label{ex:banik} Banik et al.
uncited_works,calculus,experiments/restorability-boundaries.tex,Restorability Boundaries,experiments/restorability-boundaries.tex,3142,28500,0,0.0,15,\begin{example}[Scale-dependent neural organization] \label{ex:posani-scale} Posani et al.
uncited_works,calculus,experiments/restorability-boundaries.tex,Restorability Boundaries,experiments/restorability-boundaries.tex,3176,28500,0,0.0,15,"A system does not need to sort its states into clean, labeled categories to support restoration --- Posani et al."
uncited_claims,research-projects,The Narrow Path.tex,"The Narrow Path Between Domination and Chaos: Consent, Coordination, and Structural Control in the …",The Narrow Path.tex,43,15477,0,0.0,24,Recent work by Nora Ammann has articulated this situation as a “narrow path” between two civilizational attractors: domination and chaos.
uncited_claims,research-projects,The Narrow Path.tex,"The Narrow Path Between Domination and Chaos: Consent, Coordination, and Structural Control in the …",The Narrow Path.tex,49,15477,0,0.0,24,"Subsequent sections examine empirical evidence of systemic failure, analyze the technical mechanisms that generate these outcomes, and situate generative AI as…"
uncited_claims,research-projects,The Narrow Path.tex,"The Narrow Path Between Domination and Chaos: Consent, Coordination, and Structural Control in the …",The Narrow Path.tex,73,15477,0,0.0,24,"They are supported by a growing body of empirical evidence drawn from user surveys, platform transparency reports, academic studies, and longitudinal analyses …"
uncited_claims,research-projects,The Narrow Path.tex,"The Narrow Path Between Domination and Chaos: Consent, Coordination, and Structural Control in the …",The Narrow Path.tex,75,15477,0,0.0,24,Large-scale surveys conducted across North America and Europe between 2018 and 2024 consistently report that between 55\% and 72\% of users encounter content t…
uncited_claims,research-projects,The Narrow Path.tex,"The Narrow Path Between Domination and Chaos: Consent, Coordination, and Structural Control in the …",The Narrow Path.tex,113,15477,0,0.0,24,"Empirical evidence shows that \( E(c,u,t) \) correlates more strongly with \( F(c) \) than with \( R(c) \) when measurement is immediate."
uncited_claims,research-projects,The Narrow Path.tex,"The Narrow Path Between Domination and Chaos: Consent, Coordination, and Structural Control in the …",The Narrow Path.tex,119,15477,0,0.0,24,"Empirical studies demonstrate such overlap for curiosity, outrage, and aversion."
uncited_claims,antivenom,diatribe.tex,"Facebook and the Structural Degradation of Social Reality: Advertising, Attention, and Civilization…",diatribe.tex,181,9023,0,0.0,24,Available evidence suggests that the majority of small advertisers on such platforms do not achieve positive returns on investment.
uncited_claims,antivenom,diatribe.tex,"Facebook and the Structural Degradation of Social Reality: Advertising, Attention, and Civilization…",diatribe.tex,301,9023,0,0.0,24,Longitudinal evidence suggests that heavy exposure to fragmented media environments correlates with reduced sustained attention and diminished tolerance for co…
uncited_claims,antivenom,diatribe.tex,"Facebook and the Structural Degradation of Social Reality: Advertising, Attention, and Civilization…",diatribe.tex,421,9023,0,0.0,24,"Evidence suggests declining enrollment in skilled trades, erosion of vocational training, and growing reliance on opaque technical systems maintained by shrink…"
uncited_claims,research-projects,epistemology/Epistemic-Tooling.tex,"Instrumented Illegibility: Epistemic Tooling, Semantic Impedance, and the Design of Non-Didactic In…",epistemology/Epistemic-Tooling.tex,32,1155,2,1.73,6,"Rather, they instantiate a set of structural claims about abstraction, agency, refusal, and semantic compression developed in recent work on didactic interface…"
uncited_claims,alphabet,cognition-research/unreachable-futures.tex,"The Sociology of Unreachable Futures [0.6em] Aniara, Repair, and the Problem of Continuation",cognition-research/unreachable-futures.tex,4016,98686,0,0.0,305,If repeated evidence shows
uncited_works,alphabet,cognition-research/unreachable-futures.tex,"The Sociology of Unreachable Futures [0.6em] Aniara, Repair, and the Problem of Continuation",cognition-research/unreachable-futures.tex,128,98686,0,0.0,305,Harry Martinson's 1956 epic poem \emph{Aniara} imagines a spacecraft carrying thousands of human refugees from a devastated Earth toward Mars.
uncited_works,cosmology,diagnosis-before-inference.tex,Diagnosis Before Inference: The Initial Power Spectrum as an Admissibility Certificate in Cosmologi…,diagnosis-before-inference.tex,88,2809,2,0.71,2,"Hoellinger and Leclercq's paper is useful here precisely because it is not abstract: it is a working pipeline, with published numbers, that independently arriv…"
uncited_claims,antivenom,monograph/blockchain-critique.tex,"The Useless Work Problem in Blockchain Economies: Thermodynamics, Semantic Structure, and Cognitive…",monograph/blockchain-critique.tex,89,9597,145,15.11,24,Empirical studies of decentralization offer a more critical view.
uncited_claims,antivenom,monograph/blockchain-critique.tex,"The Useless Work Problem in Blockchain Economies: Thermodynamics, Semantic Structure, and Cognitive…",monograph/blockchain-critique.tex,110,9597,145,15.11,24,"The literature on mining incentives, fee markets, and the microstructure of cryptocurrency exchanges shows that token-based economies often behave like highly …"
uncited_works,antivenom,monograph/blockchain-critique.tex,"The Useless Work Problem in Blockchain Economies: Thermodynamics, Semantic Structure, and Cognitive…",monograph/blockchain-critique.tex,81,9597,145,15.11,24,"From the cryptographic and systems perspective, introductory surveys and monographs such as Narayanan et al."
uncited_works,antivenom,monograph/blockchain-critique.tex,"The Useless Work Problem in Blockchain Economies: Thermodynamics, Semantic Structure, and Cognitive…",monograph/blockchain-critique.tex,216,9597,145,15.11,24,A central issue identified by Tong et al.
uncited_claims,library,research/constraint-closure-v1.tex,constraint-closure-v1.tex,research/constraint-closure-v1.tex,192,11081,0,0.0,30,The rapid emergence of working replicas following the incident constitutes empirical evidence for this proposition.
uncited_claims,kitbash,paperbot/orientation-monograph.tex,orientation-monograph.tex,paperbot/body_preface.tex,97,19043,9,0.47,26,Results are added to the literature and rarely removed.
uncited_claims,kitbash,paperbot/orientation-monograph.tex,orientation-monograph.tex,paperbot/body_preface.tex,116,19043,9,0.47,26,The literature stores survivors.
uncited_claims,kitbash,paperbot/orientation-monograph.tex,orientation-monograph.tex,paperbot/body_preface.tex,204,19043,9,0.47,26,3em] Orientation and Knowledge & The literature stores survivors.
uncited_claims,kitbash,paperbot/orientation-monograph.tex,orientation-monograph.tex,paperbot/orientation-monograph.tex,169,19043,9,0.47,26,Knowledge accumulates monotonically: results are added to the literature and rarely removed.
uncited_claims,kitbash,paperbot/orientation-monograph.tex,orientation-monograph.tex,paperbot/orientation-monograph.tex,185,19043,9,0.47,26,The literature stores survivors.
uncited_claims,kitbash,paperbot/orientation-monograph.tex,orientation-monograph.tex,paperbot/body_knowledge.tex,35,19043,9,0.47,26,A result that has been validated enters the literature and is rarely removed.
uncited_claims,kitbash,paperbot/orientation-monograph.tex,orientation-monograph.tex,paperbot/body_knowledge.tex,47,19043,9,0.47,26,"That construction requires someone to do it, and doing it does not scale with the literature it must integrate."
uncited_claims,kitbash,paperbot/orientation-monograph.tex,orientation-monograph.tex,paperbot/body_knowledge.tex,48,19043,9,0.47,26,"As the literature grows, the work of integration grows at least proportionally."
uncited_claims,kitbash,paperbot/orientation-monograph.tex,orientation-monograph.tex,paperbot/body_knowledge.tex,49,19043,9,0.47,26,"As the literature fragments into increasingly specialized subfields, the work of integration grows faster than the literature itself, because each act of synth…"
uncited_claims,kitbash,paperbot/orientation-monograph.tex,orientation-monograph.tex,paperbot/body_knowledge.tex,120,19043,9,0.47,26,The literature records the survivor.
uncited_claims,kitbash,paperbot/orientation-monograph.tex,orientation-monograph.tex,paperbot/body_knowledge.tex,129,19043,9,0.47,26,\begin{principle}[Selection History] The literature stores survivors.
uncited_claims,kitbash,paperbot/orientation-monograph.tex,orientation-monograph.tex,paperbot/body_knowledge.tex,393,19043,9,0.47,26,"In transmitting that engagement, synthesis makes the selection history accessible to a new generation of researchers in a form they could not have reconstructe…"
uncited_claims,kitbash,paperbot/orientation-monograph.tex,orientation-monograph.tex,paperbot/body_knowledge.tex,688,19043,9,0.47,26,The literature stores survivors.
uncited_claims,alphabet,processing/geometry_of_closure.tex,geometry_of_closure.tex,processing/geometry_of_closure.tex,1739,6983,16,2.29,0,"It provides a formal model for the structural claims, not empirical evidence but a proof of conceptual coherence."
uncited_claims,alphabet,processing/Constraint Before Reference.tex,"Constraint Before Reference: Operator Semantics, Reification, and Symbolic Conflict",processing/Constraint Before Reference.tex,180,12105,17,1.4,45,"More recent work in institutional design and governance confirms that symbolic stability depends on enforceable procedural limits, not metaphysical agreement."
uncited_claims,research-projects,Homotopy and Identity.tex,Homotopy and Identity A Dynamical Foundation for Upper-Level Ontology,Homotopy and Identity.tex,40,7799,0,0.0,19,"Finally, it is shown how traditional upper ontologies may be embedded within this broader dynamical architecture, preserving realist discipline while extending…"
uncited_claims,antivenom,economics/participation_without_guarantee.tex,Participation Without Guarantee: A Field-Theoretic Critique of Upwork as a Probabilistic Marketplace,economics/participation_without_guarantee.tex,84,3484,0,0.0,7,"A solicitor contacts a developer via a public repository with a proposal to use their Upwork account via remote desktop software, bidding on jobs as that perso…"
uncited_claims,calculus,processing/repair-not-reconstruction.tex,"Repair, Not Reconstruction: On the Structure of Reinforcement-Learning Adaptation in Transformers",processing/repair-not-reconstruction.tex,68,5507,5,0.91,4,"It does not measure the dimension, curvature, or volume of the sets containing those directions, and adopting more specific geometric language would claim more…"
uncited_claims,calculus,processing/repair-not-reconstruction.tex,"Repair, Not Reconstruction: On the Structure of Reinforcement-Learning Adaptation in Transformers",processing/repair-not-reconstruction.tex,110,5507,5,0.91,4,The present hypothesis combines these observations with the empirical findings of the reinforcement-learning study under discussion to propose --- not derive -…
uncited_claims,calculus,processing/repair-not-reconstruction.tex,"Repair, Not Reconstruction: On the Structure of Reinforcement-Learning Adaptation in Transformers",processing/repair-not-reconstruction.tex,138,5507,5,0.91,4,"Once stated this way, the finding is not primarily a fact about transformers, layer depth, or reinforcement learning specifically, though it is established her…"
uncited_works,calculus,processing/repair-not-reconstruction.tex,"Repair, Not Reconstruction: On the Structure of Reinforcement-Learning Adaptation in Transformers",processing/repair-not-reconstruction.tex,54,5507,5,0.91,4,"Let the full parameter space of a transformer with $L$ decoder layers be decomposed into layer-indexed blocks, \[ \Theta = \Theta_0 \times \Theta_1 \times \cdo…"
uncited_claims,spherepop,Joy-of-Spherepop-draft-01.tex,The Joy of Spherepop: An Event--History Calculus for a Finite World,Joy-of-Spherepop-draft-01.tex,547,10532,0,0.0,28,"Recent work in film theory and psychoanalytic criticism has emphasized the centrality of temporal structure, absence, and retroactive meaning-making in human c…"
uncited_works,laboratory,vim-philosophy/beyond-optimal-foraging.tex,Beyond Optimal Foraging: Representation Repair and the Structural Consequences of AI-Augmented Rese…,vim-philosophy/beyond-optimal-foraging.tex,30,5721,0,0.0,10,\subsection{What Duede et al.
uncited_works,laboratory,vim-philosophy/beyond-optimal-foraging.tex,Beyond Optimal Foraging: Representation Repair and the Structural Consequences of AI-Augmented Rese…,vim-philosophy/beyond-optimal-foraging.tex,56,5721,0,0.0,10,Proposition 1 in Duede et al.
uncited_works,laboratory,vim-philosophy/beyond-optimal-foraging.tex,Beyond Optimal Foraging: Representation Repair and the Structural Consequences of AI-Augmented Rese…,vim-philosophy/beyond-optimal-foraging.tex,162,5721,0,0.0,10,The remaining question is therefore straightforward: if Duede et al.
uncited_works,laboratory,vim-philosophy/beyond-optimal-foraging.tex,Beyond Optimal Foraging: Representation Repair and the Structural Consequences of AI-Augmented Rese…,vim-philosophy/beyond-optimal-foraging.tex,166,5721,0,0.0,10,"If that claim is correct, it should be possible to return to Duede et al."
uncited_works,laboratory,vim-philosophy/beyond-optimal-foraging.tex,Beyond Optimal Foraging: Representation Repair and the Structural Consequences of AI-Augmented Rese…,vim-philosophy/beyond-optimal-foraging.tex,182,5721,0,0.0,10,"Integration and repair become the limiting resource in its place, and nothing in Duede et al."
uncited_works,laboratory,vim-philosophy/beyond-optimal-foraging.tex,Beyond Optimal Foraging: Representation Repair and the Structural Consequences of AI-Augmented Rese…,vim-philosophy/beyond-optimal-foraging.tex,203,5721,0,0.0,10,This essay has not argued that Duede et al.
uncited_works,laboratory,vim-philosophy/beyond-optimal-foraging.tex,Beyond Optimal Foraging: Representation Repair and the Structural Consequences of AI-Augmented Rese…,vim-philosophy/beyond-optimal-foraging.tex,213,5721,0,0.0,10,"Artificial intelligence, seen this way, is not merely a labor-augmenting technology in the sense Duede et al."
uncited_claims,alphabet,processing/distributed_industrial_cloud.tex,"Toward a Distributed Industrial Cloud [0.5em] Peer-to-Peer Infrastructure for Material Production, …",processing/distributed_industrial_cloud.tex,272,12487,0,0.0,37,The economic consequences of this consolidation have been widely discussed within the literature on platform capitalism.
uncited_claims,alphabet,processing/distributed_industrial_cloud.tex,"Toward a Distributed Industrial Cloud [0.5em] Peer-to-Peer Infrastructure for Material Production, …",processing/distributed_industrial_cloud.tex,335,12487,0,0.0,37,"This dynamic has been observed across social media platforms, app stores, advertising networks, and, increasingly, cloud infrastructure and AI services."
uncited_claims,alphabet,processing/distributed_industrial_cloud.tex,"Toward a Distributed Industrial Cloud [0.5em] Peer-to-Peer Infrastructure for Material Production, …",processing/distributed_industrial_cloud.tex,902,12487,0,0.0,37,"The industrial ecology framework connects the distributed industrial cloud to a substantial body of empirical work on industrial symbiosis, most famously exemp…"
uncited_works,library,processing/lower-vertebrates.tex,"Lower Vertebrates: Structure, Constraint, and the Material Basis of Form",processing/lower-vertebrates.tex,615,25993,0,0.0,28,"Neural systems operate through coupled dynamical processes spanning multiple scales, from cellular activity to distributed network behavior (Kandel et al."
uncited_works,research-projects,philosophy/astrophysics_after_uniform_object.tex,"Astrophysics After the Uniform Object [0.5em] Stratification, Burst Cycles, Reservoirs, and Reachab…",philosophy/astrophysics_after_uniform_object.tex,55,4264,14,3.28,5,\begin{center} \begin{tabular}{>{\itshape}l l l} \toprule Paper & Astrophysical scale & Conceptual role foregrounded \\ \midrule Nouh et al.
uncited_works,research-projects,philosophy/astrophysics_after_uniform_object.tex,"Astrophysics After the Uniform Object [0.5em] Stratification, Burst Cycles, Reservoirs, and Reachab…",philosophy/astrophysics_after_uniform_object.tex,122,4264,14,3.28,5,"Just as the CTOV framework replaces a single global equation of state with a structured field of local equations of state varying in radius, Roberts-Borsani et…"
uncited_works,research-projects,philosophy/astrophysics_after_uniform_object.tex,"Astrophysics After the Uniform Object [0.5em] Stratification, Burst Cycles, Reservoirs, and Reachab…",philosophy/astrophysics_after_uniform_object.tex,236,4264,14,3.28,5,"Depending on the system, $\mathcal{D}$ may be spatial, temporal, or parameter-space valued: \[ \mathcal{D} = \begin{cases} \mathbb{R}_r, & \text{stellar radial…"
uncited_works,research-projects,philosophy/astrophysics_after_uniform_object.tex,"Astrophysics After the Uniform Object [0.5em] Stratification, Burst Cycles, Reservoirs, and Reachab…",philosophy/astrophysics_after_uniform_object.tex,239,4264,14,3.28,5,")}, \\ \mathbb{R}_t, & \text{galaxy burst/lull cycles (Roberts-Borsani et al."
uncited_works,research-projects,philosophy/astrophysics_after_uniform_object.tex,"Astrophysics After the Uniform Object [0.5em] Stratification, Burst Cycles, Reservoirs, and Reachab…",philosophy/astrophysics_after_uniform_object.tex,301,4264,14,3.28,5,In Roberts-Borsani et al.
uncited_works,research-projects,philosophy/astrophysics_after_uniform_object.tex,"Astrophysics After the Uniform Object [0.5em] Stratification, Burst Cycles, Reservoirs, and Reachab…",philosophy/astrophysics_after_uniform_object.tex,303,4264,14,3.28,5,} The four stability conditions of Nouh et al.
uncited_works,research-projects,philosophy/astrophysics_after_uniform_object.tex,"Astrophysics After the Uniform Object [0.5em] Stratification, Burst Cycles, Reservoirs, and Reachab…",philosophy/astrophysics_after_uniform_object.tex,305,4264,14,3.28,5,Galaxies in Roberts-Borsani et al.
uncited_works,research-projects,philosophy/astrophysics_after_uniform_object.tex,"Astrophysics After the Uniform Object [0.5em] Stratification, Burst Cycles, Reservoirs, and Reachab…",philosophy/astrophysics_after_uniform_object.tex,307,4264,14,3.28,5,Whether the star formation activity of galaxies is modulated by their position within the percolating cosmic structure --- whether galaxies in percolating fila…
uncited_works,research-projects,philosophy/astrophysics_after_uniform_object.tex,"Astrophysics After the Uniform Object [0.5em] Stratification, Burst Cycles, Reservoirs, and Reachab…",philosophy/astrophysics_after_uniform_object.tex,309,4264,14,3.28,5,The 21 neutron stars of Nouh et al.
uncited_works,research-projects,philosophy/astrophysics_after_uniform_object.tex,"Astrophysics After the Uniform Object [0.5em] Stratification, Burst Cycles, Reservoirs, and Reachab…",philosophy/astrophysics_after_uniform_object.tex,309,4264,14,3.28,5,"'s Table~5, the 41 galaxies of Roberts-Borsani et al."
uncited_claims,kitbash,cognitive-dynamics/binding-before-revision.tex,Binding Before Revision: Symbolic Structure and the Admissibility Boundary in Neural Representations,cognitive-dynamics/binding-before-revision.tex,16,1721,0,0.0,1,"\begin{abstract} Neural networks frequently develop approximately symbolic internal representations, according to a recent paper by McCoy, Soulos, Linzen, and …"
uncited_claims,alphabet,roadmap/representation-without-faithfulness.tex,"Representation Without Faithfulness\[1em] Projection Failure, Distinction Preservation,\ and the Ge…",roadmap/representation-without-faithfulness.tex,3156,57084,0,0.0,36,"Yet recent research has revealed surprising failures of invariance, consistency, and robustness within these reasoning traces."
uncited_claims,alphabet,roadmap/representation-without-faithfulness.tex,"Representation Without Faithfulness\[1em] Projection Failure, Distinction Preservation,\ and the Ge…",roadmap/representation-without-faithfulness.tex,4425,57084,0,0.0,36,Yet empirical evidence suggests a more complicated picture.
uncited_claims,alphabet,roadmap/representation-without-faithfulness.tex,"Representation Without Faithfulness\[1em] Projection Failure, Distinction Preservation,\ and the Ge…",roadmap/representation-without-faithfulness.tex,4631,57084,0,0.0,36,This observation helps explain a variety of empirical findings.
uncited_claims,alphabet,roadmap/representation-without-faithfulness.tex,"Representation Without Faithfulness\[1em] Projection Failure, Distinction Preservation,\ and the Ge…",roadmap/representation-without-faithfulness.tex,8087,57084,0,0.0,36,"It navigates a space of possible revisions constrained by history, admissibility, computational cost, institutional inertia, and empirical evidence."
uncited_claims,alphabet,roadmap/representation-without-faithfulness.tex,"Representation Without Faithfulness\[1em] Projection Failure, Distinction Preservation,\ and the Ge…",roadmap/representation-without-faithfulness.tex,8499,57084,0,0.0,36,This perspective preserves the importance of empirical evidence while emphasizing a different aspect of scientific activity.
uncited_claims,computation,moon-not-computer.tex,The Moon Should Not Be a Computer,moon-not-computer.tex,303,11253,102,9.06,53,A dimension of the literature that formal treatments typically omit is the body of informal engineering reasoning that circulates in technical communities and …
uncited_claims,computation,moon-not-computer.tex,The Moon Should Not Be a Computer,moon-not-computer.tex,610,11253,102,9.06,53,"With standard thermal coupling, approximately 80\% of entropy was captured and redirected, reducing exogenous heating demand by 800~kW\@."
uncited_claims,userspace,futurism/labor_singularity.tex,labor_singularity.tex,futurism/labor_singularity.tex,115,12829,0,0.0,13,"What makes the present moment different---and what Cassidy's most recent work, \emph{Capitalism and Its Critics}, reaches toward without quite formalizing---is…"
uncited_claims,research-projects,RSVP-Monograph/Volume-I-Foundations/main-vol1.tex,: Mathematical Foundations of Lamphrodynamic Field Theory,RSVP-Monograph/Volume-I-Foundations/appendices/appE-technical-lemmas.tex,8,15652,56,3.58,3,"Where possible, we refer to standard theorems in the literature (for example, PTVV for shifted symplectic structures or Hovey for model categories)."
uncited_claims,alphabet,monograph/essay.tex,"Consciousness as Gait: The RSVP--CPG Framework for Cyclical Cognition, Memory, and Sleep",monograph/essay.tex,63,14431,57,3.95,31,"This lineage not only historical but also conceptual, linking ancient intuitions to modern empirical findings."
uncited_works,alphabet,monograph/essay.tex,"Consciousness as Gait: The RSVP--CPG Framework for Cyclical Cognition, Memory, and Sleep",monograph/essay.tex,30,14431,57,3.95,31,"\begin{abstract} Recent magnetoencephalography studies have revealed that large-scale cortical networks activate in robust cyclical sequences, with asymmetric …"
uncited_works,alphabet,monograph/essay.tex,"Consciousness as Gait: The RSVP--CPG Framework for Cyclical Cognition, Memory, and Sleep",monograph/essay.tex,874,14431,57,3.95,31,The cortical cycles identified by Van Es et al.
uncited_works,alphabet,monograph/essay.tex,"Consciousness as Gait: The RSVP--CPG Framework for Cyclical Cognition, Memory, and Sleep",monograph/essay.tex,1079,14431,57,3.95,31,Our Bayesian reformulation of the Van Es et al.
uncited_claims,research-projects,Constraints-without-Commitment.tex,Constraints Without Commitment: On the Limits of Algebraic Unification in Contemporary Deep Learning,Constraints-without-Commitment.tex,37,6986,0,0.0,16,"Recent work in Categorical Deep Learning (CDL) proposes a unifying mathematical language for neural network design, capable of bridging the long-standing divid…"
uncited_claims,library,Intelligence Is a Trajectory.tex,Intelligence Is a Trajectory,Intelligence Is a Trajectory.tex,688,13398,0,0.0,23,These effects can be tested through randomized controlled trials in which only relational language varies.
uncited_claims,research-projects,textbook/draft/The_Ecology_of_Distinctions.tex,The_Ecology_of_Distinctions.tex,textbook/draft/The_Ecology_of_Distinctions.tex,4955,24692,60,2.43,0,The Multiscale Recoverability Theorem predicts that finer-grained cortical maps support richer reconstructive capacity — consistent with empirical findings tha…
uncited_claims,research-projects,textbook/draft/The_Ecology_of_Distinctions.tex,The_Ecology_of_Distinctions.tex,textbook/draft/The_Ecology_of_Distinctions.tex,5767,24692,60,2.43,0,"The repair algebra $\mathcal{R}_S$ includes peer review, replication, meta-analysis, theoretical revision, and paradigm shift."
uncited_works,calculus,constraint_v2.tex,constraint_v2.tex,constraint_v2.tex,3310,25434,22,0.86,0,\begin{history}[Payne-Gaposchkin: hydrogen and helium in stars] Payne-Gaposchkin's 1925 discovery that stars are overwhelmingly hydrogen and helium was resiste…
uncited_works,calculus,constraint_v2.tex,constraint_v2.tex,constraint_v2.tex,4264,25434,22,0.86,0,\begin{myexample}[Hazen: mineral evolution] Hazen et al.
uncited_works,standardgalactic,rsvp-jepa.tex,Joint Embedding Predictive Architectures as Amortized Constraint Satisfaction in the Relativistic S…,rsvp-jepa.tex,702,5454,4,0.73,5,4} \begin{tabular}{@{} l l l @{}} \toprule \textbf{Method} & \textbf{Transport $\mathcal{T}$} & \textbf{Regularizer $\widetilde{\mathcal{R}}$} \\ \midrule JEPA…
uncited_works,standardgalactic,rsvp-jepa.tex,Joint Embedding Predictive Architectures as Amortized Constraint Satisfaction in the Relativistic S…,rsvp-jepa.tex,722,5454,4,0.73,5,3 of Schmidhuber and Prelinger's 1992 PMAX paper respectively.
uncited_works,standardgalactic,rsvp-jepa.tex,Joint Embedding Predictive Architectures as Amortized Constraint Satisfaction in the Relativistic S…,rsvp-jepa.tex,726,5454,4,0.73,5,"Third, PMAX (1992) is visible in this taxonomy as an early instance of the same functional family, with auto-encoder encoders and variance-based regularization."
uncited_works,standardgalactic,rsvp-jepa.tex,Joint Embedding Predictive Architectures as Amortized Constraint Satisfaction in the Relativistic S…,rsvp-jepa.tex,802,5454,4,0.73,5,"The priority dispute surrounding JEPA---whether its origins lie with LeCun (2022), Schmidhuber and Prelinger (1992), or earlier work---is orthogonal to the pre…"
uncited_claims,research-projects,framework/replottable-not-rerunnable.tex,"Replottable, Not Rerunnable [4pt] What a Figure Repository Lets a Reader Check",framework/replottable-not-rerunnable.tex,82,2643,15,5.68,8,"~4f, which report optimal solutions in over 95\% of runs beyond $10^4$ iterations, cannot be checked either way, because the released spreadsheet records outco…"
uncited_claims,research-projects,framework/replottable-not-rerunnable.tex,"Replottable, Not Rerunnable [4pt] What a Figure Repository Lets a Reader Check",framework/replottable-not-rerunnable.tex,96,2643,15,5.68,8,5\% of the best energy on one scale and 0.
uncited_claims,research-projects,framework/replottable-not-rerunnable.tex,"Replottable, Not Rerunnable [4pt] What a Figure Repository Lets a Reader Check",framework/replottable-not-rerunnable.tex,108,2643,15,5.68,8,"A study of 1,792 articles whose data availability statements promised sharing found that 93\% of authors either did not respond or declined, and only 6."
uncited_claims,alphabet,manuscripts/normalization_without_convergence.tex,"Normalization Without Convergence: [6pt] Large Language Models, Linguistic Entropy, and the Myth of…",manuscripts/normalization_without_convergence.tex,1732,16503,7,0.42,14,"None of these conventions has been shown to have constrained the diversity of scientific ideas expressed within them; on the contrary, they facilitated the com…"
uncited_claims,alphabet,manuscripts/normalization_without_convergence.tex,"Normalization Without Convergence: [6pt] Large Language Models, Linguistic Entropy, and the Myth of…",manuscripts/normalization_without_convergence.tex,1794,16503,7,0.42,14,"Existing empirical studies of homogenization have not, in general, adequately controlled for the difference between these modes."
uncited_claims,alphabet,manuscripts/normalization_without_convergence.tex,"Normalization Without Convergence: [6pt] Large Language Models, Linguistic Entropy, and the Myth of…",manuscripts/normalization_without_convergence.tex,1801,16503,7,0.42,14,The empirical studies cited in support of homogenization typically employ short-term experimental designs: participants interact with model outputs during a si…
uncited_claims,antivenom,futurology/xylomorphic-premise.tex,"-1.2cm The Xylomorphic Premise [0.5em] Waste Heat, Physical Co-Computation, and the Architecture of…",futurology/xylomorphic-premise.tex,194,6646,0,0.0,7,Forty nodes at 400~W each produce 16~kW of continuous thermal output---approximately 2\% to 3\% of the neighborhood's total heating demand.
uncited_claims,antivenom,futurology/xylomorphic-premise.tex,"-1.2cm The Xylomorphic Premise [0.5em] Waste Heat, Physical Co-Computation, and the Architecture of…",futurology/xylomorphic-premise.tex,196,6646,0,0.0,7,If every home hosts a node capable of 2~kW output when dispatched---achievable with a small rack of purpose-built compute modules rather than a single consumer…
uncited_claims,antivenom,futurology/xylomorphic-premise.tex,"-1.2cm The Xylomorphic Premise [0.5em] Waste Heat, Physical Co-Computation, and the Architecture of…",futurology/xylomorphic-premise.tex,198,6646,0,0.0,7,"6 \;=\; 120~\text{kW}, \] which covers 15\% to 24\% of the neighborhood's thermal demand without any other heating source."
uncited_claims,computation,processing/diagnostic-coordinates.tex,Diagnostic Coordinates and the Time of Repair: A Correction to the Anti-Alignment Theorem,processing/diagnostic-coordinates.tex,353,6383,6,0.94,4,Three recent results clarify why these distinctions cannot be collapsed into one another.
uncited_claims,antivenom,processing/Monetization-of-Redundancy.tex,The Monetization of Redundancy: Tokenization and the Enclosure of Computation,processing/Monetization-of-Redundancy.tex,48,9912,0,0.0,19,"By examining the asymmetry between internal system optimizations and external pricing models, it is shown that modern AI infrastructures are collectively amort…"
uncited_claims,antivenom,processing/Monetization-of-Redundancy.tex,The Monetization of Redundancy: Tokenization and the Enclosure of Computation,processing/Monetization-of-Redundancy.tex,385,9912,0,0.0,19,"The token, introduced as a unit of measurement, has been shown to function as a unit of billing that decouples price from computation."
uncited_claims,alphabet,processing/SITH Theory - draft 02.tex,"Substrate Independent Thinking Hypothesis (SITH): Life, Meaning, and the Autocatalytic Closure of I…",processing/SITH Theory - draft 02.tex,52,7757,0,0.0,20,"\begin{abstract} Recent work in theoretical biology and complex systems has advanced a substrate-independent conception of life, grounded not in Earth-specific…"
uncited_claims,alphabet,processing/SITH Theory - draft 02.tex,"Substrate Independent Thinking Hypothesis (SITH): Life, Meaning, and the Autocatalytic Closure of I…",processing/SITH Theory - draft 02.tex,84,7757,0,0.0,20,"Recent work emphasizing scale, information, and thermodynamic efficiency in living systems further motivates the present approach."
uncited_claims,alphabet,processing/SITH Theory - draft 02.tex,"Substrate Independent Thinking Hypothesis (SITH): Life, Meaning, and the Autocatalytic Closure of I…",processing/SITH Theory - draft 02.tex,321,7757,0,0.0,20,"Empirical studies of software repositories, legal systems, or online communities can test for such thresholds by correlating rates of modification with measure…"
uncited_claims,robotics,continuation_geometry_of_circuits.tex,The Continuation Geometry of Circuits,continuation_geometry_of_circuits.tex,1025,27015,0,0.0,22,"The honest limitation --- that this correspondence holds in a weak-coupling, mean-field regime, and both assumptions fail in identifiable, named ways --- keeps…"
uncited_works,robotics,continuation_geometry_of_circuits.tex,The Continuation Geometry of Circuits,continuation_geometry_of_circuits.tex,965,27015,0,0.0,22,This correspondence is documented in the synchronization literature independent of this book (Adler's original 1946 result predates Kuramoto's 1975 model by th…
uncited_works,robotics,continuation_geometry_of_circuits.tex,The Continuation Geometry of Circuits,continuation_geometry_of_circuits.tex,1666,27015,0,0.0,22,"Real DRAM exhibits correlated, multi-cell disturbance effects, most notably row-hammer-style disturbance errors, in which repeatedly accessing one memory row c…"
uncited_claims,alphabet,Admissible Histories.tex,Admissible Histories: The Incongruent Neuron and the Ontological Structure of Error,Admissible Histories.tex,61,8808,0,0.0,14,\begin{abstract} We present a formal ontology of neural error based on recent empirical findings of incongruent neurons—units whose early activity reliably pre…
uncited_claims,alphabet,Admissible Histories.tex,Admissible Histories: The Incongruent Neuron and the Ontological Structure of Error,Admissible Histories.tex,215,8808,0,0.0,14,The intervention experiment demonstrates this principle explicitly.
uncited_claims,alphabet,Admissible Histories.tex,Admissible Histories: The Incongruent Neuron and the Ontological Structure of Error,Admissible Histories.tex,243,8808,0,0.0,14,"By shifting the explanatory focus from state-based correctness to trajectory-based admissibility, we gain a framework that accommodates empirical findings that…"
uncited_claims,library,Thermodynamic-Reachability.tex,Thermodynamic Reachability Geometric Bayesianism with Sparse Heuristics in Dynamically Constrained …,Thermodynamic-Reachability.tex,42,11896,0,0.0,38,"It is shown that thermodynamic limitations induce a time-dependent, reachability-limited hypothesis class, in which only functions constructible via energetica…"
uncited_works,spherepop,textbook/memory-before-representation.tex,memory-before-representation.tex,textbook/memory-before-representation.tex,2165,7668,7,0.91,56,"The set $(\mathcal{E}, \prec)$ with this property is a \emph{causal set} in the sense of Bombelli et al."
missing bib keys,spherepop,textbook/memory-before-representation.tex,memory-before-representation.tex,textbook/memory-before-representation.tex,,7668,7,0.91,56,Friston2023
uncited_claims,library,field-dynamics-essay.tex,Desire as Field Dynamics: [0.4em] The RSVP Interpretation of the Free Energy Principle,field-dynamics-essay.tex,590,10551,16,1.52,11,Recent work by Li and Li~(2025) demonstrates that Lacan’s Real–Symbolic–Imaginary (RSI) topology can be formalized as a message-passing network of Free-Energy …
uncited_works,library,field-dynamics-essay.tex,Desire as Field Dynamics: [0.4em] The RSVP Interpretation of the Free Energy Principle,field-dynamics-essay.tex,542,10551,16,1.52,11,"According to Landauer’s principle, deleting one bit of information requires at least \(kT\ln 2\) joules of energy."
uncited_works,library,field-dynamics-essay.tex,Desire as Field Dynamics: [0.4em] The RSVP Interpretation of the Free Energy Principle,field-dynamics-essay.tex,588,10551,16,1.52,11,Li and Li (2025): Formalization of RSI Dynamics}
uncited_works,library,field-dynamics-essay.tex,Desire as Field Dynamics: [0.4em] The RSVP Interpretation of the Free Energy Principle,field-dynamics-essay.tex,1133,10551,16,1.52,11,\section*{Appendix C: Relation to the FEP–RSI Model of Li and Li (2025)} \addcontentsline{toc}{section}{Appendix C: Relation to the FEP–RSI Model of Li and Li …
missing bib keys,library,field-dynamics-essay.tex,Desire as Field Dynamics: [0.4em] The RSVP Interpretation of the Free Energy Principle,field-dynamics-essay.tex,,10551,16,1.52,11,"baltieri2020william, friston2019free, rao1999predictive"
uncited_claims,calculus,identity_after_collapse.tex,identity_after_collapse.tex,identity_after_collapse.tex,1189,21221,2,0.09,21,Identity is not preserved through the process of reduction; it is established by that process.
uncited_claims,standardgalactic,epistemology/selection_without_design.tex,"-1cm Selection Without Design [0.5em] Constraint, Projection, and the Geometry of the Unseen",epistemology/selection_without_design.tex,313,21048,0,0.0,18,The claim that pumping blood is what the heart was ``selected for'' presupposes exactly what has been shown to be absent from the dynamics of selection: a grad…
uncited_claims,alphabet,pipeline/what-survives-reconstruction.tex,"What Survives Reconstruction [0.4em] Admissibility, Irreversibility, and the Architecture of Extern…",pipeline/what-survives-reconstruction.tex,2287,27813,0,0.0,13,"Its content, in the classification this monograph has tried to be honest about throughout, is a framework definition organizing future empirical work, not an e…"
uncited_claims,alphabet,pipeline/what-survives-reconstruction.tex,"What Survives Reconstruction [0.4em] Admissibility, Irreversibility, and the Architecture of Extern…",pipeline/what-survives-reconstruction.tex,3103,27813,0,0.0,13,"This is reported as an observation about one text, not a survey of the literature on classical mechanics, and no claim is made here that no treatment anywhere …"
uncited_claims,alphabet,pipeline/what-survives-reconstruction.tex,"What Survives Reconstruction [0.4em] Admissibility, Irreversibility, and the Architecture of Extern…",pipeline/what-survives-reconstruction.tex,3298,27813,0,0.0,13,The literature's response has not converged.
uncited_claims,alphabet,pipeline/what-survives-reconstruction.tex,"What Survives Reconstruction [0.4em] Admissibility, Irreversibility, and the Architecture of Extern…",pipeline/what-survives-reconstruction.tex,3340,27813,0,0.0,13,If \cref{def:admissibility-relevant}-style relevance is genuinely relative to a continuation family and has no context-independent fact of the matter in genera…
uncited_claims,alphabet,pipeline/what-survives-reconstruction.tex,"What Survives Reconstruction [0.4em] Admissibility, Irreversibility, and the Architecture of Extern…",pipeline/what-survives-reconstruction.tex,3598,27813,0,0.0,13,Collected from where they were first raised: whether real hypothesis spaces satisfy the descending chain condition (\cref{prop:stability}); whether HYDRA's rep…
uncited_works,alphabet,pipeline/what-survives-reconstruction.tex,"What Survives Reconstruction [0.4em] Admissibility, Irreversibility, and the Architecture of Extern…",pipeline/what-survives-reconstruction.tex,3100,27813,0,0.0,13,"A search of the complete extracted text of Mohallem's book --- all 152 pages --- for any of the terms \emph{irreversib-}, \emph{reversib-}, \emph{predecessor},…"
uncited_works,alphabet,pipeline/what-survives-reconstruction.tex,"What Survives Reconstruction [0.4em] Admissibility, Irreversibility, and the Architecture of Extern…",pipeline/what-survives-reconstruction.tex,3266,27813,0,0.0,13,Mohallem's book does not treat this case.
uncited_claims,research-projects,admissibility-lab/processing/copies-before-originals.tex,"Copies Before Originals [0.3em] Convergence, Admissibility, and the Explanatory Status of the First…",admissibility-lab/processing/copies-before-originals.tex,126,8147,0,0.0,13,"Across all three cases --- a biological body plan reached from more than five separate phylogenetic starting points, a scientific theory reached by two scienti…"
uncited_works,research-projects,admissibility-lab/processing/copies-before-originals.tex,"Copies Before Originals [0.3em] Convergence, Admissibility, and the Explanatory Status of the First…",admissibility-lab/processing/copies-before-originals.tex,100,8147,0,0.0,13,"Current phylogenetic work identifies at least five independent originations of the crab-like form within Decapoda, spanning both true crabs and several lineage…"
uncited_works,research-projects,admissibility-lab/processing/copies-before-originals.tex,"Copies Before Originals [0.3em] Convergence, Admissibility, and the Explanatory Status of the First…",admissibility-lab/processing/copies-before-originals.tex,114,8147,0,0.0,13,"Losos (2017) offers the fullest book-length treatment of this reframing, surveying the same experimental turn in evolutionary biology --- the Lenski population…"
uncited_works,research-projects,admissibility-lab/processing/copies-before-originals.tex,"Copies Before Originals [0.3em] Convergence, Admissibility, and the Explanatory Status of the First…",admissibility-lab/processing/copies-before-originals.tex,114,8147,0,0.0,13,"Blount, Lenski, and Losos (2018), reviewing several decades of subsequent experimental and observational work on the question, conclude neither that evolution …"
uncited_claims,alphabet,example/recursive-continuation.tex,"Recursive Continuation Autopoiesis, Sympoiesis, and the Compression of Self-Modification",example/recursive-continuation.tex,331,17578,0,0.0,18,\begin{remark}[Scope of the identification] \label{rem:what-is-k} Definition~\ref{def:capability-reachability} is offered as this essay's working answer to wha…
uncited_claims,alphabet,example/recursive-continuation.tex,"Recursive Continuation Autopoiesis, Sympoiesis, and the Compression of Self-Modification",example/recursive-continuation.tex,388,17578,0,0.0,18,Low $S_R$ means the symptoms narrow the space of possible faults to a small set — a stack trace pointing at one function is low-entropy diagnosis — while high …
uncited_claims,alphabet,example/recursive-continuation.tex,"Recursive Continuation Autopoiesis, Sympoiesis, and the Compression of Self-Modification",example/recursive-continuation.tex,715,17578,0,0.0,18,"The development of the randomized controlled trial, of blind and double-blind protocols, and of formal statistical inference were not discoveries \emph{within}…"
uncited_claims,alphabet,example/recursive-continuation.tex,"Recursive Continuation Autopoiesis, Sympoiesis, and the Compression of Self-Modification",example/recursive-continuation.tex,724,17578,0,0.0,18,"The result was exactly Corollary~\ref{cor:monoculture}'s prediction: when the shared methodological assumption turned out to be unreliable, it failed simultane…"
uncited_claims,alphabet,example/recursive-continuation.tex,"Recursive Continuation Autopoiesis, Sympoiesis, and the Compression of Self-Modification",example/recursive-continuation.tex,872,17578,0,0.0,18,This is not offered as a further pillar of the essay's argument — nothing in Parts~I--III has been shown to extend rigorously from viability manifolds to quest…
uncited_claims,library,Indivisibility-and-entropy.tex,Indivisibility and Entropy in Quantum Theory Wave Functions as Compression Artifacts of a Thermodyn…,Indivisibility-and-entropy.tex,32,9443,0,0.0,20,"Recent work on indivisible stochastic dynamics shows that the wave function need not be a fundamental physical object, but may instead arise as a representatio…"
uncited_claims,library,Indivisibility-and-entropy.tex,Indivisibility and Entropy in Quantum Theory Wave Functions as Compression Artifacts of a Thermodyn…,Indivisibility-and-entropy.tex,44,9443,0,0.0,20,Recent work by Jacob Barandes proposes a radical reframing of quantum mechanics: the wave function is not a fundamental physical object but a derived mathemati…
uncited_claims,kitbash,essay/draft-03/paper.tex,Entropic Paradoxes in Big Tech Critique: A Formal Analysis Through the RSVP Framework,essay/draft-03/paper.tex,113,2563,41,16.0,19,Algorithms amplified 20\% of posts ($\mu \approx 0.
missing bib keys,kitbash,essay/draft-03/paper.tex,Entropic Paradoxes in Big Tech Critique: A Formal Analysis Through the RSVP Framework,essay/draft-03/paper.tex,,2563,41,16.0,19,eu2025].
uncited_claims,kitbash,Everlasting Redshift.tex,Everlasting Redshift Apparent Expansion in a Relaxing Universe,Everlasting Redshift.tex,144,9145,0,0.0,29,"Recent studies have identified correlations between supernova absolute magnitude and properties of the host stellar population, particularly progenitor age (Ka…"
uncited_works,kitbash,Everlasting Redshift.tex,Everlasting Redshift Apparent Expansion in a Relaxing Universe,Everlasting Redshift.tex,38,9145,0,0.0,29,Statistical tensions and directional anomalies persist in large-scale datasets (Sarkar et al.
uncited_works,kitbash,Everlasting Redshift.tex,Everlasting Redshift Apparent Expansion in a Relaxing Universe,Everlasting Redshift.tex,64,9145,0,0.0,29,"Several analyses have identified statistically significant directional dependencies in supernova data, suggesting that inferred acceleration is not uniform acr…"
uncited_works,kitbash,Everlasting Redshift.tex,Everlasting Redshift Apparent Expansion in a Relaxing Universe,Everlasting Redshift.tex,110,9145,0,0.0,29,"In several re-analyses of supernova datasets, results initially reported as exceeding five standard deviations were found to fall closer to three standard devi…"
uncited_claims,alphabet,manuscripts/hidden_manifolds.tex,"Hidden Manifolds [0.5em] Optimal Transport, Accessibility Landscapes, and the Reconstruction of Con…",manuscripts/hidden_manifolds.tex,72,13761,37,2.69,31,The empirical findings of Gaskin et al.
uncited_claims,alphabet,manuscripts/hidden_manifolds.tex,"Hidden Manifolds [0.5em] Optimal Transport, Accessibility Landscapes, and the Reconstruction of Con…",manuscripts/hidden_manifolds.tex,424,13761,37,2.69,31,The RSVP framework is one attempt to provide the governing equations that would explain the dynamics of the recovered cost field; additional empirical work is …
uncited_claims,alphabet,manuscripts/hidden_manifolds.tex,"Hidden Manifolds [0.5em] Optimal Transport, Accessibility Landscapes, and the Reconstruction of Con…",manuscripts/hidden_manifolds.tex,437,13761,37,2.69,31,The key empirical findings deserve careful attention because they reveal what the cost matrix carries that trade volumes do not.
uncited_claims,alphabet,manuscripts/hidden_manifolds.tex,"Hidden Manifolds [0.5em] Optimal Transport, Accessibility Landscapes, and the Reconstruction of Con…",manuscripts/hidden_manifolds.tex,692,13761,37,2.69,31,\section{Reinterpreting the Empirical Findings}
uncited_claims,alphabet,manuscripts/hidden_manifolds.tex,"Hidden Manifolds [0.5em] Optimal Transport, Accessibility Landscapes, and the Reconstruction of Con…",manuscripts/hidden_manifolds.tex,696,13761,37,2.69,31,The empirical case studies show that the RSVP language is adequate for describing the observed cost field deformations; they do not show that the RSVP field eq…
uncited_claims,alphabet,manuscripts/hidden_manifolds.tex,"Hidden Manifolds [0.5em] Optimal Transport, Accessibility Landscapes, and the Reconstruction of Con…",manuscripts/hidden_manifolds.tex,950,13761,37,2.69,31,The empirical findings of Gaskin et al.
uncited_works,alphabet,manuscripts/hidden_manifolds.tex,"Hidden Manifolds [0.5em] Optimal Transport, Accessibility Landscapes, and the Reconstruction of Con…",manuscripts/hidden_manifolds.tex,353,13761,37,2.69,31,This approach has several structural limitations identified by Gaskin et al.
uncited_works,alphabet,manuscripts/hidden_manifolds.tex,"Hidden Manifolds [0.5em] Optimal Transport, Accessibility Landscapes, and the Reconstruction of Con…",manuscripts/hidden_manifolds.tex,696,13761,37,2.69,31,The reinterpretations below should therefore be understood primarily as demonstrations of consistency between the RSVP framework and the Gaskin et al.
uncited_works,alphabet,manuscripts/hidden_manifolds.tex,"Hidden Manifolds [0.5em] Optimal Transport, Accessibility Landscapes, and the Reconstruction of Con…",manuscripts/hidden_manifolds.tex,700,13761,37,2.69,31,"The Ukraine war shock, as documented by Gaskin et al."
uncited_works,alphabet,manuscripts/hidden_manifolds.tex,"Hidden Manifolds [0.5em] Optimal Transport, Accessibility Landscapes, and the Reconstruction of Con…",manuscripts/hidden_manifolds.tex,706,13761,37,2.69,31,These predictions can be tested against the Gaskin et al.
uncited_works,alphabet,manuscripts/hidden_manifolds.tex,"Hidden Manifolds [0.5em] Optimal Transport, Accessibility Landscapes, and the Reconstruction of Con…",manuscripts/hidden_manifolds.tex,714,13761,37,2.69,31,"Interestingly, the Gaskin et al."
uncited_works,alphabet,manuscripts/hidden_manifolds.tex,"Hidden Manifolds [0.5em] Optimal Transport, Accessibility Landscapes, and the Reconstruction of Con…",manuscripts/hidden_manifolds.tex,718,13761,37,2.69,31,"\ finding that ChAFTA (2015) had little measured effect on Australian trade costs with China, because costs had already fallen substantially between 2000 and 2…"
uncited_works,alphabet,manuscripts/hidden_manifolds.tex,"Hidden Manifolds [0.5em] Optimal Transport, Accessibility Landscapes, and the Reconstruction of Con…",manuscripts/hidden_manifolds.tex,728,13761,37,2.69,31,Both the Stuart-Wolfram and Gaskin et al.
uncited_works,alphabet,manuscripts/hidden_manifolds.tex,"Hidden Manifolds [0.5em] Optimal Transport, Accessibility Landscapes, and the Reconstruction of Con…",manuscripts/hidden_manifolds.tex,743,13761,37,2.69,31,This inverse problem is more constrained than the neural IOT approach of Gaskin et al.
uncited_works,alphabet,manuscripts/hidden_manifolds.tex,"Hidden Manifolds [0.5em] Optimal Transport, Accessibility Landscapes, and the Reconstruction of Con…",manuscripts/hidden_manifolds.tex,762,13761,37,2.69,31,The temporal dimension in Gaskin et al.
uncited_works,alphabet,manuscripts/hidden_manifolds.tex,"Hidden Manifolds [0.5em] Optimal Transport, Accessibility Landscapes, and the Reconstruction of Con…",manuscripts/hidden_manifolds.tex,778,13761,37,2.69,31,Testing whether the learned $\eps$ in Gaskin et al.
uncited_works,alphabet,manuscripts/hidden_manifolds.tex,"Hidden Manifolds [0.5em] Optimal Transport, Accessibility Landscapes, and the Reconstruction of Con…",manuscripts/hidden_manifolds.tex,912,13761,37,2.69,31,"If yes, this would provide an independent check on the ansatz: the estimated $S_{ij}(t)$ should predict the optimal $\eps_{ij}(t)$ in the Gaskin et al."
uncited_works,alphabet,manuscripts/hidden_manifolds.tex,"Hidden Manifolds [0.5em] Optimal Transport, Accessibility Landscapes, and the Reconstruction of Con…",manuscripts/hidden_manifolds.tex,916,13761,37,2.69,31,Both the Stuart-Wolfram and Gaskin et al.
uncited_works,alphabet,manuscripts/hidden_manifolds.tex,"Hidden Manifolds [0.5em] Optimal Transport, Accessibility Landscapes, and the Reconstruction of Con…",manuscripts/hidden_manifolds.tex,930,13761,37,2.69,31,The entropy regularization parameter $\eps_{ij}(t)$ inferred by Gaskin et al.
uncited_claims,library,geology/draft-03/paper.tex,"Planetary Autocatalysis: Hierarchical Selection, Entropy Fields, and the Emergence of Complexity",geology/draft-03/paper.tex,104,6374,152,23.85,0,"In contrast, geological, chemical, and planetary evidence suggests that prebiotic chemistry was structured, heterogeneous, and energy-driven."
uncited_works,library,geology/draft-03/paper.tex,"Planetary Autocatalysis: Hierarchical Selection, Entropy Fields, and the Emergence of Complexity",geology/draft-03/paper.tex,369,6374,152,23.85,0,"\section{Critique of Endres (2025)} Endres (2025) proposes that life’s emergence is an extreme informational improbability, requiring algorithmic compression e…"
uncited_claims,human,projects/textbot.tex,Constraint Before Image [0.5em] A Text Physics Engine for Semantic Analysis and Multi-Modal Project…,projects/textbot.tex,61,7088,0,0.0,48,"It is consistent with the central findings of psycholinguistics, from the classic work on garden-path sentences, which demonstrate incremental parse-and-revise…"
uncited_claims,spherepop,Computation After Storage.tex,Computation After Storage: Toward an Entropic Theory of Semantic Infrastructure,Computation After Storage.tex,795,7272,0,0.0,19,"While it has been shown that perfect merge is impossible in general, the structure of approximate merge remains poorly understood."
uncited_claims,cosmology,working/admissibility-interface.tex,"Quadratic Gravity as a Derived Interface Theory: Admissibility Manifolds, Projection Geometry, and …",working/admissibility-interface.tex,184,12691,8,0.63,35,Turok has described this inference as appearing ``everywhere in the literature''---and then argued that it is wrong.
uncited_works,cosmology,working/admissibility-interface.tex,"Quadratic Gravity as a Derived Interface Theory: Admissibility Manifolds, Projection Geometry, and …",working/admissibility-interface.tex,591,12691,8,0.63,35,Ostrogradsky's 1850 theorem establishes that a Lagrangian with irreducible dependence on derivatives of order higher than the first possesses a Hamiltonian unb…
uncited_works,cosmology,working/admissibility-interface.tex,"Quadratic Gravity as a Derived Interface Theory: Admissibility Manifolds, Projection Geometry, and …",working/admissibility-interface.tex,1651,12691,8,0.63,35,"However, as Bogoliubov et al."
uncited_works,cosmology,working/admissibility-interface.tex,"Quadratic Gravity as a Derived Interface Theory: Admissibility Manifolds, Projection Geometry, and …",working/admissibility-interface.tex,1826,12691,8,0.63,35,The criticism of Cline and Hell (2025) targets the dimension-zero scalar programme directly.
uncited_claims,antivenom,framework/fragility-metacrisis.tex,"Broken Tools for a Breaking World: AI Fragility, the Four Races, and the Metacrisis",framework/fragility-metacrisis.tex,486,11022,6,0.54,39,Medicines fail clinical trials.
uncited_claims,antivenom,typology-of-failure.tex,A Typology of Theoretical Failure: How Mathematical Formalism Decouples from Physical Meaning,typology-of-failure.tex,757,11775,78,6.62,20,"\begin{enumerate}[label=(\alph*)] \item Jacobian test: Sample \( N = 100 \) points in \( M_\mathcal{R} \), compute \( J \), verify \( \det(J^\top J) > 0 \) in …"
uncited_works,antivenom,typology-of-failure.tex,A Typology of Theoretical Failure: How Mathematical Formalism Decouples from Physical Meaning,typology-of-failure.tex,32,11775,78,6.62,20,"By comparing three case studies—CIITR (Comprehension as Thermodynamic Persistence), Nikolaou et al."
uncited_works,antivenom,typology-of-failure.tex,A Typology of Theoretical Failure: How Mathematical Formalism Decouples from Physical Meaning,typology-of-failure.tex,159,11775,78,6.62,20,\subsection{Case B — Nikolaou et al.
uncited_works,antivenom,typology-of-failure.tex,A Typology of Theoretical Failure: How Mathematical Formalism Decouples from Physical Meaning,typology-of-failure.tex,171,11775,78,6.62,20,"Crucially, Nikolaou et al."
uncited_works,antivenom,typology-of-failure.tex,A Typology of Theoretical Failure: How Mathematical Formalism Decouples from Physical Meaning,typology-of-failure.tex,194,11775,78,6.62,20,\begin{table}[htbp] \centering \begin{tabular}{lcccc} \toprule Criterion & CIITR & Nikolaou et al.
uncited_claims,research-projects,admissibility-lab/eight_letter_keyboard.tex,"The Eight-Letter Keyboard: Motor Compression, Finger Identity, and Hierarchical Symbolic Access",admissibility-lab/eight_letter_keyboard.tex,158,4958,0,0.0,17,This has been demonstrated through disruption experiments showing that interrupting a chunk mid-execution is more disruptive than interrupting the inter-chunk …
uncited_works,kitbash,cosmology/dynamics_of_theory_space.tex,dynamics_of_theory_space.tex,cosmology/dynamics_of_theory_space.tex,4017,25029,0,0.0,42,"The renormalization group equations of Gell-Mann and Low (1954), and their extension by Callan and Symanzik, were known but were regarded as technical tools fo…"
uncited_works,kitbash,cosmology/dynamics_of_theory_space.tex,dynamics_of_theory_space.tex,cosmology/dynamics_of_theory_space.tex,4139,25029,0,0.0,42,"Reuter's 1998 paper, applying the functional renormalization group to the Einstein--Hilbert action and finding evidence for a nontrivial ultraviolet fixed poin…"
uncited_works,calculus,computational_worlds.tex,computational_worlds.tex,computational_worlds.tex,3840,14852,33,2.22,32,"\item Implement \texttt{AutopoiesisCheck}: detect when an empire has reorganized itself without external input, following Varela et al."
uncited_works,alphabet,document/autoregression.tex,"Constraint, Continuity, and Cognitive Structure: A Unified Framework Linking Autoregressive Minds, …",document/autoregression.tex,875,6006,73,12.15,111,This aligns with the free energy principle of Friston et al.
missing bib keys,alphabet,document/autoregression.tex,"Constraint, Continuity, and Cognitive Structure: A Unified Framework Linking Autoregressive Minds, …",document/autoregression.tex,,6006,73,12.15,111,*
uncited_claims,research-projects,epistemology/spherepop/Replayable-Memory.tex,Replayable Memory and the Cognitive Basis of Abstraction,epistemology/spherepop/Replayable-Memory.tex,45,1164,0,0.0,0,"At the same time, empirical evidence challenges this picture."
uncited_claims,kitbash,Metric Interface Dynamics.tex,From Irreversible Constraint to Metric Interface Dynamics,Metric Interface Dynamics.tex,379,8720,0,0.0,14,This action is precisely the one known in the literature as Quadratic Gravity.
uncited_claims,computation,abstraction/distributed-agency.tex,"When Systems Change Their Minds [0.4em] Distributed Agency, Institutional Attractors, and the Recon…",abstraction/distributed-agency.tex,101,5915,63,10.65,37,The economic history serves as empirical evidence for a broader claim: that large-scale systems change principally by reconfiguring which futures remain reacha…
uncited_claims,antivenom,resources/plenumhub-polyxan.tex,PlenumHub / Polyxan Toward a Source-First Publishing Substrate,resources/plenumhub-polyxan.tex,614,18781,11,0.59,11,"A comparable staging choice, made for unrelated engineering reasons, is visible in recent work compiling natural-language task specifications into lightweight …"
uncited_works,antivenom,resources/plenumhub-polyxan.tex,PlenumHub / Polyxan Toward a Source-First Publishing Substrate,resources/plenumhub-polyxan.tex,541,18781,11,0.59,11,Consider a citation of the form: ``Villalobos et al.
uncited_claims,kitbash,philosophy/thinking-like-rust.tex,Thinking Like Rust,philosophy/thinking-like-rust.tex,1105,53547,19,0.35,11,"3, that every value of the type lies in $\Sigma_{T_1} \times \Sigma_{T_2}$, does not need to be checked anywhere else in the program; it is established once, a…"
uncited_claims,kitbash,philosophy/thinking-like-rust.tex,Thinking Like Rust,philosophy/thinking-like-rust.tex,2280,53547,19,0.35,11,"A function that never panics is not a function that got lucky; it is, in the vocabulary this chapter has built, a function whose entire claimed domain has been…"
uncited_claims,kitbash,philosophy/thinking-like-rust.tex,Thinking Like Rust,philosophy/thinking-like-rust.tex,3223,53547,19,0.35,11,"A chemist's structural analysis establishes, from first principles of molecular interaction, what the compound should do; a clinical trial then establishes, em…"
uncited_claims,kitbash,philosophy/thinking-like-rust.tex,Thinking Like Rust,philosophy/thinking-like-rust.tex,3223,53547,19,0.35,11,"This final chapter asks what corresponds, in this book's own vocabulary, to the load test and the clinical trial: verification of exactly the claims the compil…"
uncited_works,kitbash,philosophy/thinking-like-rust.tex,Thinking Like Rust,philosophy/thinking-like-rust.tex,515,53547,19,0.35,11,"Chapter 8 examines Apple's 2014 TLS verification bug as a failure of pattern-matching discipline; the same bug is worth a second look here, from the compositio…"
uncited_claims,computation,abstraction/creative-obstinacy.tex,"Too Coherent to Be Real [0.4em] Szukalski, Creative Obstinacy, Documentary Unreality, and the Probl…",abstraction/creative-obstinacy.tex,209,5873,0,0.0,23,"The DiCaprio circle's preservation effort is, in the framework developed in recent work on institutional memory, an attempt at approximate repair under conditi…"
uncited_claims,alphabet,ecology/geometry_of_rewiring.tex,"The Geometry of Rewiring: Ecological Networks, Admissible Trajectories, and the Conservation of Tra…",ecology/geometry_of_rewiring.tex,115,18109,3,0.17,32,"Recent work on ecological network ``rewiring'' demonstrates that ecosystems persist not by preserving fixed interaction topologies, but by continuously reorgan…"
uncited_claims,alphabet,ecology/geometry_of_rewiring.tex,"The Geometry of Rewiring: Ecological Networks, Admissible Trajectories, and the Conservation of Tra…",ecology/geometry_of_rewiring.tex,135,18109,3,0.17,32,"Empirical studies across terrestrial, freshwater, and marine systems have repeatedly demonstrated that ecological interactions are highly dynamic across spatia…"
uncited_claims,alphabet,ecology/geometry_of_rewiring.tex,"The Geometry of Rewiring: Ecological Networks, Admissible Trajectories, and the Conservation of Tra…",ecology/geometry_of_rewiring.tex,137,18109,3,0.17,32,Recent work on ecological network rewiring has formalized this observation by emphasizing that ecological networks are inherently dynamic systems whose topolog…
uncited_claims,research-projects,admissibility-lab/continuations_before_objects.tex,Continuations Before Objects [0.6em] A Geometric Theory of Intelligent Persistence,admissibility-lab/continuations_before_objects.tex,127,31079,1,0.03,55,"The question most theories of intelligence set out to answer is: given what has been observed, what is most likely to be true, and what action does that make o…"
uncited_claims,spherepop,textbook/repairing-futures.tex,"Repairing Futures [0.6em] Admissible Continuation, Historical Reconstruction, and Diffusion-Based P…",textbook/repairing-futures.tex,497,7061,1,0.14,13,"The PHYSIFORMER experiments demonstrate that initial vertex positions and velocities constitute a sufficient witness for a wide range of mechanical scenes, inc…"
uncited_claims,alphabet,soup/book-latex-source/main.tex,Contradiction and Continuation: [0.3em] A Constraint-Theoretic Derivation of Non-Classical Logic,soup/book-latex-source/parts/part-iv-chapters-13-15.tex,112,20502,12,0.59,8,"7\), on its own, carries no built-in commitment to surviving 70\% of some refinement process --- depending on the system, intermediate values play quite differ…"
uncited_claims,antivenom,essay/structural-honesty.tex,Structural Honesty: The Preservation of Recoverable Warrant Across Transformations,essay/structural-honesty.tex,170,8409,1,0.12,19,"Formal derivation is powerful precisely because validity is transitive: once a conclusion has been shown to follow from its premises, that inferential link is …"
uncited_works,research-projects,working/capital_order_rsvp.tex,capital_order_rsvp.tex,working/capital_order_rsvp.tex,1865,15275,0,0.0,28,Richard Goodwin's 1967 contribution to formal political economy represents one of the most elegant attempts to model the cyclical dynamics of capitalism with m…
uncited_claims,alphabet,working/function_survives_collapse.tex,"Function Survives Collapse [0.4em] Admissibility, Entropy Flow, and the Geometry of Persistent Comp…",working/function_survives_collapse.tex,367,25398,18,0.71,4,The pipeline from sender to receiver does not merely disappear; it is shown to have been unnecessary.
uncited_works,research-projects,Physics After Spacetime.tex,Physics After Spacetime Deriving Physical Law from Irreversible Entropy Flow,Physics After Spacetime.tex,146,7387,0,0.0,13,"Thermodynamic approaches to gravity have sought to bridge this divide by reinterpreting gravitational dynamics as emergent consequences of entropy, information…"
uncited_works,standardgalactic.github.io,critique/Identity Collapse - draft 02.tex,Identity Collapse and the Platforming of Fraud: Structural Trust Degradation in Facebook's Design,critique/Identity Collapse - draft 02.tex,124,4554,0,0.0,20,"As studies of critical transitions suggest, systems that allow unchecked entropy accumulation eventually undergo irreversible phase shifts (Scheffer et al."
uncited_claims,research-projects,paper/entropic-decimation.tex,"Constraint Closure and Entropic Decimation: Toward a Unified Field Theory of Computation, Cognition…",paper/entropic-decimation.tex,153,6495,25,3.85,26,"Section~5 presents empirical evidence for convergence and formulates the convergence conjecture, relating it to the renormalization group."
uncited_claims,research-projects,paper/entropic-decimation.tex,"Constraint Closure and Entropic Decimation: Toward a Unified Field Theory of Computation, Cognition…",paper/entropic-decimation.tex,806,6495,25,3.85,26,The empirical evidence supports the conjecture across all tested parameter regimes.
uncited_works,calculus,processing/compression-fallacy.tex,The Compression Fallacy [0.3em] Why Shorter Is Not the Same as Better Understood,processing/compression-fallacy.tex,200,11174,0,0.0,11,"The beta-VAE architecture increases a single compression pressure---a weighting term on the model's latent-code cost, pushed higher than in an ordinary variati…"
uncited_works,calculus,processing/compression-fallacy.tex,The Compression Fallacy [0.3em] Why Shorter Is Not the Same as Better Understood,processing/compression-fallacy.tex,200,11174,0,0.0,11,"Sparse-autoencoder interpretability work on language models motivates the move to sparse, low-dimensional dictionaries of features in comparable terms: individ…"
uncited_claims,research-projects,admissibility-lab/processing/autobiographical-erasure.tex,"Autobiographical Erasure in Scientific Writing [0.3em] Interpretive Drift, Compression, and the Sea…",admissibility-lab/processing/autobiographical-erasure.tex,101,21871,14,0.64,11,"As a consequence, the literature records the destination while obscuring the path that made the destination necessary."
uncited_claims,research-projects,admissibility-lab/processing/autobiographical-erasure.tex,"Autobiographical Erasure in Scientific Writing [0.3em] Interpretive Drift, Compression, and the Sea…",admissibility-lab/processing/autobiographical-erasure.tex,431,21871,14,0.64,11,Recent work in autobiography studies arrives at a strikingly similar conclusion from an entirely different direction.
uncited_claims,laboratory,vim-philosophy/essays/modal-editing.tex,Modal Editing: Compositional Constraint in Text Interaction,vim-philosophy/essays/modal-editing.tex,370,12899,0,0.0,6,"If a similar directory tree has been constructed before, one may recall the most recent working command and modify it incrementally."
uncited_claims,alphabet,epistemology/collapse-of-epistemic-coherence.tex,"The Collapse of Epistemic Coherence [8pt] Language Models, Synthetic Formalism, and the Industriali…",epistemology/collapse-of-epistemic-coherence.tex,1262,55413,0,0.0,50,"Atmospheric discourse (right) preserves low $d_S$ while $d_I$ grows without bound, driven by hidden type coercions (exponential distribution, $\approx$20\% of …"
uncited_claims,alphabet,epistemology/collapse-of-epistemic-coherence.tex,"The Collapse of Epistemic Coherence [8pt] Language Models, Synthetic Formalism, and the Industriali…",epistemology/collapse-of-epistemic-coherence.tex,2181,55413,0,0.0,50,"Frameworks that synthesize empirical findings under organizing concepts, that identify patterns across studies, that propose mechanisms connecting observations…"
uncited_claims,alphabet,epistemology/collapse-of-epistemic-coherence.tex,"The Collapse of Epistemic Coherence [8pt] Language Models, Synthetic Formalism, and the Industriali…",epistemology/collapse-of-epistemic-coherence.tex,6192,55413,0,0.0,50,"Peer review processes that explicitly require reviewers to engage with the audit protocols of Chapter~18 --- to assess operational grounding, constraint propag…"
uncited_claims,alphabet,epistemology/collapse-of-epistemic-coherence.tex,"The Collapse of Epistemic Coherence [8pt] Language Models, Synthetic Formalism, and the Industriali…",epistemology/collapse-of-epistemic-coherence.tex,6225,55413,0,0.0,50,"The current conventions of academic writing provide some resources for this --- the distinction between ``we demonstrate'' and ``we suggest,'' between ``the da…"
uncited_claims,alphabet,working/constraint-propagation.tex,Propagating Constraint Fields and Dynamic Structural Redistribution: Toward a Field-Theoretic Inter…,working/constraint-propagation.tex,41,13633,25,1.83,31,"\begin{abstract} Two recently published empirical studies, one investigating structural brain aging in generalized anxiety disorder and the other characterizin…"
uncited_claims,alphabet,working/constraint-propagation.tex,Propagating Constraint Fields and Dynamic Structural Redistribution: Toward a Field-Theoretic Inter…,working/constraint-propagation.tex,1137,13633,25,1.83,31,Whether this cross-scale applicability is a theoretical virtue or a liability (by sacrificing mechanistic specificity) is a legitimate methodological question …
uncited_works,alphabet,working/constraint-propagation.tex,Propagating Constraint Fields and Dynamic Structural Redistribution: Toward a Field-Theoretic Inter…,working/constraint-propagation.tex,211,13633,25,1.83,31,This is precisely what Richier et al.
uncited_works,alphabet,working/constraint-propagation.tex,Propagating Constraint Fields and Dynamic Structural Redistribution: Toward a Field-Theoretic Inter…,working/constraint-propagation.tex,263,13633,25,1.83,31,The exploratory analyses reported by Richier et al.
uncited_works,alphabet,working/constraint-propagation.tex,Propagating Constraint Fields and Dynamic Structural Redistribution: Toward a Field-Theoretic Inter…,working/constraint-propagation.tex,270,13633,25,1.83,31,A secondary finding of Richier et al.
uncited_works,alphabet,working/constraint-propagation.tex,Propagating Constraint Fields and Dynamic Structural Redistribution: Toward a Field-Theoretic Inter…,working/constraint-propagation.tex,396,13633,25,1.83,31,The coupled system~(\ref{eq:erk_wave})--(\ref{eq:zo1}) produces the qualitative behavior observed by Hirano et al.
uncited_works,alphabet,working/constraint-propagation.tex,Propagating Constraint Fields and Dynamic Structural Redistribution: Toward a Field-Theoretic Inter…,working/constraint-propagation.tex,447,13633,25,1.83,31,The molecular requirements identified by Hirano et al.
uncited_works,alphabet,working/constraint-propagation.tex,Propagating Constraint Fields and Dynamic Structural Redistribution: Toward a Field-Theoretic Inter…,working/constraint-propagation.tex,835,13633,25,1.83,31,\begin{proposition}[RSVP Variance Amplification] If GAD increases the variance of the coupling parameter $\gamma$ across individuals without strongly shifting …
uncited_works,alphabet,working/constraint-propagation.tex,Propagating Constraint Fields and Dynamic Structural Redistribution: Toward a Field-Theoretic Inter…,working/constraint-propagation.tex,875,13633,25,1.83,31,The RSVP framework thus captures the key qualitative features of the Hirano et al.
uncited_works,alphabet,working/constraint-propagation.tex,Propagating Constraint Fields and Dynamic Structural Redistribution: Toward a Field-Theoretic Inter…,working/constraint-propagation.tex,920,13633,25,1.83,31,The optical-flow wave propagation analysis in the Wang et al.
uncited_works,alphabet,working/constraint-propagation.tex,Propagating Constraint Fields and Dynamic Structural Redistribution: Toward a Field-Theoretic Inter…,working/constraint-propagation.tex,1021,13633,25,1.83,31,The CNN approach used by Richier et al.
uncited_works,alphabet,working/constraint-propagation.tex,Propagating Constraint Fields and Dynamic Structural Redistribution: Toward a Field-Theoretic Inter…,working/constraint-propagation.tex,1075,13633,25,1.83,31,A further implication of the Hirano et al.
uncited_works,alphabet,working/constraint-propagation.tex,Propagating Constraint Fields and Dynamic Structural Redistribution: Toward a Field-Theoretic Inter…,working/constraint-propagation.tex,1477,13633,25,1.83,31,The cortical reconstruction problem examined by Wang et al.
uncited_works,alphabet,working/constraint-propagation.tex,Propagating Constraint Fields and Dynamic Structural Redistribution: Toward a Field-Theoretic Inter…,working/constraint-propagation.tex,1572,13633,25,1.83,31,The interpretations developed in preceding sections are retrospective; they show that RSVP-style concepts fit the Richier et al.
uncited_claims,antivenom,rhetoric/reversibility-gate.tex,"The Reversibility Gate [4pt] Evidence, Delay, and Action Under Unsettled Claims",rhetoric/reversibility-gate.tex,128,4797,9,1.88,11,"Smoke has been observed; thermal confirmation is scheduled in ninety seconds, so $c_f$'s maturity condition $\tau_f$ has not yet been satisfied and $\sigma_f =…"
uncited_claims,antivenom,rhetoric/reversibility-gate.tex,"The Reversibility Gate [4pt] Evidence, Delay, and Action Under Unsettled Claims",rhetoric/reversibility-gate.tex,159,4797,9,1.88,11,"Ordinary language, and much of the literature on belief revision, uses a single verb, ``updating,'' for what are in fact four distinguishable operations on a c…"
uncited_claims,antivenom,rhetoric/reversibility-gate.tex,"The Reversibility Gate [4pt] Evidence, Delay, and Action Under Unsettled Claims",rhetoric/reversibility-gate.tex,178,4797,9,1.88,11,"A concrete instance of these distinctions, and of their present limits, appears in recent work on causal audiovisual streaming under the name Omni-Streaming Th…"
uncited_works,antivenom,rhetoric/reversibility-gate.tex,"The Reversibility Gate [4pt] Evidence, Delay, and Action Under Unsettled Claims",rhetoric/reversibility-gate.tex,188,4797,9,1.88,11,\footnote{Enjun Du et al.
uncited_works,antivenom,essay/paracosms-of-the-strange.tex,paracosms-of-the-strange.tex,essay/paracosms-of-the-strange.tex,67,11909,6,0.5,29,"Nothing in what follows depends on adjudicating whether Swedenborg genuinely conversed with the dead, whether Dick's 1974 experience was contact, illness, or s…"
uncited_claims,alphabet,processing/Bootstrapping Utopia.tex,Bootstrapping Utopia 0.5em A Constraint-First Blueprint for Civilizational Persistence,processing/Bootstrapping Utopia.tex,140,31718,0,0.0,26,"This historical analysis will serve not as a source of nostalgia, but as empirical evidence that constraint-first design is not only feasible but already prece…"
uncited_claims,research-projects,framework/the-comparison-table.tex,"The Comparison Table [4pt] Boundaries, Estimates, and the Revision of a Benchmark",framework/the-comparison-table.tex,24,2932,14,4.77,6,"The revision is a substantial improvement, and it retains one assumption, that iterations-to-solution are independent of platform, which the paper's own data s…"
uncited_claims,research-projects,framework/the-comparison-table.tex,"The Comparison Table [4pt] Boundaries, Estimates, and the Revision of a Benchmark",framework/the-comparison-table.tex,141,2932,14,4.77,6,The appropriate statement is therefore narrower than the paper's and more useful: iteration counts transfer between platforms whose kernels match in the respec…
uncited_claims,research-projects,policy-selection/draft-03/monograph.tex,"Policy Selection in the Latent Action Space: A Unifying Theory of Thought, Inference, and Sparse Ag…",policy-selection/draft-03/monograph.tex,659,4952,39,7.88,0,"\item \textbf{Critical ($\gamma = \gamma^*$)}: $\mathcal{B}_{\text{self}}$ grows into a scale-free, filamentary structure spanning 60\% of atoms; binding clust…"
uncited_works,alphabet,manuscripts/introduction/essay.tex,essay.tex,manuscripts/introduction/essay.tex,52,809,0,0.0,0,"Less known but equally formative are the non-geometric approaches to gravitation by Jacobson (1995), Verlinde (2011), and Padmanabhan (2015), who interpreted E…"
uncited_claims,antivenom,The Assumption of Surplus.tex,"The Assumption of Surplus: Startup Culture, Advertising Economies, and the Boundary Conditions of G…",The Assumption of Surplus.tex,194,9780,93,9.51,60,"Empirical data suggests $P_s = f(W_0, E, N)$ where $E$ represents education and $N$ network access."
uncited_claims,alphabet,constraint-geometry/field-space.tex,field-space.tex,constraint-geometry/field-space.tex,117,18299,23,1.26,33,"} Two recent papers, arriving from entirely different empirical domains, independently converge on a shared structural principle: stable physical organization …"
uncited_claims,alphabet,constraint-geometry/field-space.tex,field-space.tex,constraint-geometry/field-space.tex,717,18299,23,1.26,33,The spin--valley experiment demonstrates this directly.
uncited_claims,alphabet,constraint-geometry/field-space.tex,field-space.tex,constraint-geometry/field-space.tex,1006,18299,23,1.26,33,The \FSA\ latent space organization is empirical evidence that the training process has found such a compression.
uncited_claims,alphabet,constraint-geometry/field-space.tex,field-space.tex,constraint-geometry/field-space.tex,1298,18299,23,1.26,33,The \FSA\ zero-shot super-resolution result is empirical evidence that the training process has learned a representation in which this extension is approximate…
uncited_claims,alphabet,constraint-geometry/field-space.tex,field-space.tex,constraint-geometry/field-space.tex,1648,18299,23,1.26,33,The moiré experiment shows that measurement fails when it projects onto a surface that eliminates the physically significant degrees of freedom.
uncited_claims,alphabet,constraint-geometry/field-space.tex,field-space.tex,constraint-geometry/field-space.tex,1685,18299,23,1.26,33,Both papers provide empirical evidence for a claim that is stronger than the convergence thesis: that hidden dynamical manifolds may be more physically fundame…
uncited_claims,alphabet,constraint-geometry/field-space.tex,field-space.tex,constraint-geometry/field-space.tex,1690,18299,23,1.26,33,The moiré experiment demonstrates this in the clearest possible form.
uncited_claims,alphabet,constraint-geometry/field-space.tex,field-space.tex,constraint-geometry/field-space.tex,1972,18299,23,1.26,33,The moiré experiment demonstrates physically that effective understanding of collective dynamics requires sensitivity to hidden constraint manifolds that are i…
uncited_claims,alphabet,constraint-geometry/field-space.tex,field-space.tex,constraint-geometry/field-space.tex,2341,18299,23,1.26,33,This reframing dissolves an apparent tension in the literature.
uncited_works,alphabet,constraint-geometry/field-space.tex,field-space.tex,constraint-geometry/field-space.tex,2276,18299,23,1.26,33,The study by Sundstrom et al.
uncited_claims,kitbash,audio-analysis/main.tex,"Acoustic Occupation [0.6em] Salience, Recovery, and the Temporal Organization of Film Sound",audio-analysis/chapters/05-failures.tex,25,15349,35,2.28,28,"A candidate is accepted if the rise is at least 6~dB, at least 60\% of the bin-to-bin steps within the window are upward, the two largest steps together accoun…"
uncited_claims,kitbash,audio-analysis/main.tex,"Acoustic Occupation [0.6em] Salience, Recovery, and the Temporal Organization of Film Sound",audio-analysis/chapters/05-failures.tex,46,15349,35,2.28,28,"0\% of the running time, high-load regions 15."
uncited_claims,kitbash,audio-analysis/main.tex,"Acoustic Occupation [0.6em] Salience, Recovery, and the Temporal Organization of Film Sound",audio-analysis/chapters/05-failures.tex,46,15349,35,2.28,28,"High load is defined as the top 20\% of the burden score, so about 20\% of frames exceed the threshold by construction; the 15."
uncited_claims,kitbash,audio-analysis/main.tex,"Acoustic Occupation [0.6em] Salience, Recovery, and the Temporal Organization of Film Sound",audio-analysis/chapters/05-failures.tex,46,15349,35,2.28,28,"Barrage is the top 15\% of its score, of which 8."
uncited_claims,kitbash,audio-analysis/main.tex,"Acoustic Occupation [0.6em] Salience, Recovery, and the Temporal Organization of Film Sound",audio-analysis/chapters/07-case.tex,133,15349,35,2.28,28,"For the first hour, between 13\% and 40\% of each segment lies 10~dB or more above dialogue and between 30\% and 51\% at or below it."
uncited_claims,kitbash,audio-analysis/main.tex,"Acoustic Occupation [0.6em] Salience, Recovery, and the Temporal Organization of Film Sound",audio-analysis/chapters/11-conclusion.tex,1,15349,35,2.28,28,\chapter{What Has Been Shown} \label{ch:conclusion}
uncited_claims,calculus,baseline/preference_fields.tex,"Preference Fields on Semantic Manifolds Directional Constraints, Spectral Admissibility, and Random…",baseline/preference_fields.tex,110,4014,11,2.74,8,"The second is a random geometric graph characterization of the high-alignment sub-corpus, drawing on recent results in Ramsey theory to bound the coherent clus…"
uncited_claims,research-projects,epistemology/morphology-as-computation.tex,morphology-as-computation.tex,epistemology/morphology-as-computation.tex,153,14183,52,3.67,10,"Drawing on ten recent papers spanning neural dynamics, graph-based pathology analysis, stretchable neuromorphic electronics, nonlinear optomechanics, protein s…"
uncited_claims,research-projects,epistemology/morphology-as-computation.tex,morphology-as-computation.tex,epistemology/morphology-as-computation.tex,273,14183,52,3.67,10,} Results in this paper are marked with one of four designations: \ClaimR\ \textit{(rigorous)} for theorems derivable from the stated assumptions with standard…
uncited_works,research-projects,epistemology/morphology-as-computation.tex,morphology-as-computation.tex,epistemology/morphology-as-computation.tex,466,14183,52,3.67,10,The paper by Pachitariu et al.
uncited_works,research-projects,epistemology/morphology-as-computation.tex,morphology-as-computation.tex,epistemology/morphology-as-computation.tex,479,14183,52,3.67,10,The power-law eigenspectrum reported by Pachitariu et al.
uncited_works,research-projects,epistemology/morphology-as-computation.tex,morphology-as-computation.tex,epistemology/morphology-as-computation.tex,545,14183,52,3.67,10,This divergence of coherence length at criticality is the mathematical mechanism underlying the macroscopic coordination observed in large-scale neural recordi…
uncited_works,research-projects,epistemology/morphology-as-computation.tex,morphology-as-computation.tex,epistemology/morphology-as-computation.tex,1360,14183,52,3.67,10,The identification of neural criticality with vanishing spectral abscissa (Theorem~\ref{thm:clio-criticality}) makes a specific quantitative prediction---that …
uncited_works,research-projects,epistemology/morphology-as-computation.tex,morphology-as-computation.tex,epistemology/morphology-as-computation.tex,2315,14183,52,3.67,10,This is consistent with the sub-degree reconstruction accuracy reported by Li et al.
uncited_works,alphabet,projects/axioms-for-a-falling-universe.tex,axioms-for-a-falling-universe.tex,projects/axioms-for-a-falling-universe.tex,115,6169,27,4.38,28,"Fourth, we demonstrate that Jacobson's 1995 thermodynamic derivation of the Einstein equation, Verlinde's entropic gravity, and Friston's free energy principle…"
uncited_works,alphabet,projects/axioms-for-a-falling-universe.tex,axioms-for-a-falling-universe.tex,projects/axioms-for-a-falling-universe.tex,835,6169,27,4.38,28,\subsection{Jacobson's 1995 Derivation from RSVP}
uncited_claims,calculus,baseline/persistent_anomalies.tex,persistent_anomalies.tex,baseline/persistent_anomalies.tex,1105,12434,54,4.34,45,"\begin{remark} This reinterpretation connects the present framework to the literature on topological data analysis and geometric deep learning, where the homot…"
uncited_claims,calculus,baseline/persistent_anomalies.tex,persistent_anomalies.tex,baseline/persistent_anomalies.tex,1185,12434,54,4.34,45,The community's collective persistence monitor is the literature: the record of failed repair attempts.
uncited_claims,calculus,baseline/persistent_anomalies.tex,persistent_anomalies.tex,baseline/persistent_anomalies.tex,1187,12434,54,4.34,45,"The literature performs the memory function, but only when it is consulted."
uncited_claims,spherepop,throwing_the_game_v2.tex,"Throwing the Game: Refusal, Event-Driven Cognition, and the Survival of Value Beyond Autoregressive…",throwing_the_game_v2.tex,1800,11109,12,1.08,16,Clarifying this would require engagement with philosophy of mind and empirical work on self-control and commitment.
uncited_claims,kitbash,paperbot/reachability_systems.tex,"Civilizations as Reachability Systems [0.4em] A Geometric Reading of Turchin, McKee, and the Biolog…",paperbot/reachability_systems.tex,39,3474,21,6.04,28,"\begin{abstract} Three recent works---Peter Turchin's \textit{Ultrasociety} and \textit{Ages of Discord}, and Darren McKee's \textit{Uncontrollable}---are conv…"
uncited_claims,research-projects,framework/the-location-of-chance.tex,"The Location of Chance [4pt] Locality, Naming, and the Parts of a Hybrid Machine",framework/the-location-of-chance.tex,125,2172,16,7.37,9,1\% of iteration energy at the benchmark'' tells a reader how much of the system the name describes.
uncited_claims,library,workspace/from-verification-to-commitment.tex,"From Verification to Commitment: Histories, Repair Warrants, and Admissible Continuation in Agentic…",workspace/from-verification-to-commitment.tex,30,4478,9,2.01,5,"\begin{abstract} Recent work on agentic systems has begun to move beyond evaluating isolated model outputs toward reasoning about persistent operational state,…"
uncited_claims,library,workspace/from-verification-to-commitment.tex,"From Verification to Commitment: Histories, Repair Warrants, and Admissible Continuation in Agentic…",workspace/from-verification-to-commitment.tex,38,4478,9,2.01,5,Recent research reflects a corresponding movement from output-centered evaluation toward histories and transition systems.
uncited_claims,calculus,processing/admissibility-certificates.tex,Admissibility Certificates [0.3em] Trust as a Property of System Histories,processing/admissibility-certificates.tex,102,8320,9,1.08,9,"They are the empirical evidence by which $H_\Sigma$ --- an object that is not directly observable in full, since most of it lies in the past --- is reconstruct…"
uncited_claims,calculus,processing/admissibility-certificates.tex,Admissibility Certificates [0.3em] Trust as a Property of System Histories,processing/admissibility-certificates.tex,104,8320,9,1.08,9,"The answer is what we call an \emph{admissibility certificate}, introduced formally in Section~7 once its necessity has been demonstrated further."
uncited_claims,calculus,processing/admissibility-certificates.tex,Admissibility Certificates [0.3em] Trust as a Property of System Histories,processing/admissibility-certificates.tex,171,8320,9,1.08,9,"This is an attempt at what Section~5 distinguishes carefully as repair, though Cox's framework, like most of the literature it draws on, does not clearly disti…"
uncited_claims,alphabet,biology/closure_of_closures.tex,closure_of_closures.tex,biology/closure_of_closures.tex,74,5438,11,2.02,19,"Fourth, we show that the \CLIO\ operator is a gradient descent on cohomological obstruction, and connect it to recent results on recursive self-optimization un…"
uncited_claims,alphabet,biology/closure_of_closures.tex,closure_of_closures.tex,biology/closure_of_closures.tex,229,5438,11,2.02,19,This question has a surprising answer: recent work in recursive self-optimization provides an empirical proxy for closure stability that connects the present f…
uncited_claims,alphabet,document/civic_simulator.tex,"Civilizations as Hypotheses Simulation, Repair, and the Architecture of Admissible Futures",document/civic_simulator.tex,75,6476,8,1.24,16,"The closest analogs are wind tunnels, flight simulators, and clinical trial registries."
uncited_claims,alphabet,document/civic_simulator.tex,"Civilizations as Hypotheses Simulation, Repair, and the Architecture of Admissible Futures",document/civic_simulator.tex,390,6476,8,1.24,16,Clinical trial registries meet analogous conditions for medical research.
uncited_claims,kitbash,geometry-as-computational-infrastructure.tex,Orthodromic Infrastructure Blueprint [0.5em] A Long-Term Architectural Specification for Civil Conv…,geometry-as-computational-infrastructure.tex,827,25712,45,1.75,27,"What has been shown here is that, once a center is available, each of the functional's gradient-energy terms admits the split of Equation~\eqref{eq:gradsplit} …"
uncited_claims,kitbash,geometry-as-computational-infrastructure.tex,Orthodromic Infrastructure Blueprint [0.5em] A Long-Term Architectural Specification for Civil Conv…,geometry-as-computational-infrastructure.tex,842,25712,45,1.75,27,"It asks a narrower question, made available only now that a general operator has been supplied and RSVP's own functional has been shown to split under it: what…"
uncited_claims,kitbash,geometry-as-computational-infrastructure.tex,Orthodromic Infrastructure Blueprint [0.5em] A Long-Term Architectural Specification for Civil Conv…,geometry-as-computational-infrastructure.tex,989,25712,45,1.75,27,"It has been shown elsewhere in this book that an existing planetary blueprint, developed without the radial--angular vocabulary of this monograph, turns out to…"
uncited_claims,kitbash,geometry-as-computational-infrastructure.tex,Orthodromic Infrastructure Blueprint [0.5em] A Long-Term Architectural Specification for Civil Conv…,geometry-as-computational-infrastructure.tex,1188,25712,45,1.75,27,What has been shown here is that the vocabulary was already latent in the material: fixing the planetary radius is precisely the operation that turns the gener…
uncited_claims,kitbash,geometry-as-computational-infrastructure.tex,Orthodromic Infrastructure Blueprint [0.5em] A Long-Term Architectural Specification for Civil Conv…,geometry-as-computational-infrastructure.tex,1440,25712,45,1.75,27,"That was this book's working method from early on, and everything since has been an instance of following it: a boundary's type identified before its consequen…"
uncited_claims,research-projects,framework/the-easy-phase.tex,"The Easy Phase [4pt] Instance Hardness, Released Data, and a Photonic Ising Machine",framework/the-easy-phase.tex,24,2763,25,9.05,11,"2 \times 10^{75}$ ground-state spin configurations, roughly 1\% of all $2^{256}$; the 64- and 128-integer instances are at 2."
uncited_claims,8b-is:8b-public-documents,working/gesture_review.tex,From Classifier to Inverse Engine: Gesture Recognition as Latent Embodied Semantic Reconstruction,working/gesture_review.tex,279,16532,28,1.69,25,"5\% on 100 ISL words --- provides empirical evidence that the gluing condition is approximately satisfiable in the learned embedding space, at least for the ge…"
uncited_claims,8b-is:8b-public-documents,working/gesture_review.tex,From Classifier to Inverse Engine: Gesture Recognition as Latent Embodied Semantic Reconstruction,working/gesture_review.tex,328,16532,28,1.69,25,"Recent work across developmental biology, morphogenesis, cortical evolution, and systems neuroscience suggests the latter."
uncited_claims,8b-is:8b-public-documents,working/gesture_review.tex,From Classifier to Inverse Engine: Gesture Recognition as Latent Embodied Semantic Reconstruction,working/gesture_review.tex,336,16532,28,1.69,25,"Recent work in developmental biology, morphogenesis, cortical evolution, and systems neuroscience suggests the latter."
uncited_claims,8b-is:8b-public-documents,working/gesture_review.tex,From Classifier to Inverse Engine: Gesture Recognition as Latent Embodied Semantic Reconstruction,working/gesture_review.tex,344,16532,28,1.69,25,Optogenetic experiments demonstrated that artificially restoring the tissue's physical rigidity in mutant embryos unable to undergo the phase transition was su…
uncited_claims,8b-is:8b-public-documents,working/gesture_review.tex,From Classifier to Inverse Engine: Gesture Recognition as Latent Embodied Semantic Reconstruction,working/gesture_review.tex,375,16532,28,1.69,25,"The linguistic evidence suggests that sign languages share deep structural properties while differing in surface conventions, which in principle supports cross…"
uncited_works,8b-is:8b-public-documents,working/gesture_review.tex,From Classifier to Inverse Engine: Gesture Recognition as Latent Embodied Semantic Reconstruction,working/gesture_review.tex,173,16532,28,1.69,25,"According to Cox, musical understanding depends fundamentally on mimetic participation: listeners internally simulate or imaginatively approximate the bodily a…"
uncited_claims,antivenom,rhetoric/counterfactual-before-comparison.tex,Counterfactual Before Classification: Vaccine Injury and the False Partition of Beneficiaries and V…,rhetoric/counterfactual-before-comparison.tex,166,8588,35,4.08,23,"Randomized trials and observational causal methods can estimate differences between distributions under suitable assumptions, but they do not reconstruct both …"
uncited_claims,antivenom,rhetoric/counterfactual-before-comparison.tex,Counterfactual Before Classification: Vaccine Injury and the False Partition of Beneficiaries and V…,rhetoric/counterfactual-before-comparison.tex,236,8588,35,4.08,23,"In COVID-19 vaccine trials specifically, a systematic review and meta-analysis of twelve randomized, placebo-controlled trials found that 35."
uncited_claims,antivenom,rhetoric/counterfactual-before-comparison.tex,Counterfactual Before Classification: Vaccine Injury and the False Partition of Beneficiaries and V…,rhetoric/counterfactual-before-comparison.tex,236,8588,35,4.08,23,2 percent of placebo recipients reported at least one systemic adverse event after the first dose and 31.
uncited_claims,antivenom,boundaries/escape_velocity.tex,"Escape Velocity: Austerity, Field Dynamics, and the Endogenous Regulation of Transformation",boundaries/escape_velocity.tex,130,10216,23,2.25,16,"What has been shown is not merely that particular policy regimes raise the escape velocity of a system, but that certain classes of dynamical systems possess t…"
uncited_claims,kitbash,philosophy/structural-semantics.tex,Structural Semantics,philosophy/structural-semantics.tex,502,37889,160,4.22,58,"Before introducing scope geometry or category theory, it is necessary to distinguish several concepts that are frequently conflated in the literature: phenomen…"
uncited_claims,kitbash,philosophy/structural-semantics.tex,Structural Semantics,philosophy/structural-semantics.tex,889,37889,160,4.22,58,"A direct definition of meaning inherits every disagreement already present in the literature surveyed in Chapter~2: whether meaning requires reference, mental …"
uncited_claims,kitbash,philosophy/structural-semantics.tex,Structural Semantics,philosophy/structural-semantics.tex,1499,37889,160,4.22,58,"The objective of this chapter is therefore taxonomic rather than polemical: rather than arguing that one definition is correct and the others mistaken, we dist…"
uncited_claims,kitbash,philosophy/structural-semantics.tex,Structural Semantics,philosophy/structural-semantics.tex,2030,37889,160,4.22,58,"This observation concerns logical dependence rather than philosophical correctness; one may certainly choose such an axiom, but the resulting theory belongs to…"
uncited_claims,kitbash,philosophy/structural-semantics.tex,Structural Semantics,philosophy/structural-semantics.tex,3699,37889,160,4.22,58,Conflating them is a natural source of overclaiming in exactly the kind of empirical work Chapters~13 through~15 undertake.
uncited_claims,kitbash,philosophy/structural-semantics.tex,Structural Semantics,philosophy/structural-semantics.tex,5689,37889,160,4.22,58,"What has been shown, within the scope this monograph set for itself, is narrower and, on its own terms, complete: that admissible structural transformation adm…"
uncited_works,kitbash,philosophy/structural-semantics.tex,Structural Semantics,philosophy/structural-semantics.tex,1310,37889,160,4.22,58,"~Farrell's 1950 paper \emph{Experience}, and earlier still in Wittgenstein's remarks of 1946--47 and Russell's 1926 \emph{Encyclopaedia Britannica} entry on ps…"
uncited_works,kitbash,philosophy/structural-semantics.tex,Structural Semantics,philosophy/structural-semantics.tex,4080,37889,160,4.22,58,\\ \upshape --- Ashish Vaswani et al.
uncited_claims,research-projects,framework/the-spin-count.tex,"The Spin Count [4pt] Component, System, and Composed Capacity in a 96,000-Spin Ising Machine",framework/the-spin-count.tex,78,3165,18,5.69,6,47\% of the array; the largest dense instance uses 60.
uncited_works,library,workspace/erasure_is_deformation.tex,erasure_is_deformation.tex,workspace/erasure_is_deformation.tex,1135,6479,22,3.4,12,\begin{remark} Ray~Barman et al.
uncited_works,library,workspace/erasure_is_deformation.tex,erasure_is_deformation.tex,workspace/erasure_is_deformation.tex,1452,6479,22,3.4,12,The effective dimensionality concentration found by Ray~Barman et al.
uncited_claims,antivenom,resources/synthetic_sociality_v3-3.tex,synthetic_sociality_v3-3.tex,resources/synthetic_sociality_v3-3.tex,1219,13698,179,13.07,0,Recent work in flow-based generative modeling has addressed a computational problem whose formal structure bears a suggestive resemblance to the informational …
uncited_works,antivenom,resources/synthetic_sociality_v3-3.tex,synthetic_sociality_v3-3.tex,resources/synthetic_sociality_v3-3.tex,1497,13698,179,13.07,0,The risk identified by Jelinek et al.
uncited_claims,library,resources/comparison-draft-02/geometric-memory.tex,Geometric Memory as Trajectory Influence on a Generative Substrate,resources/comparison-draft-02/geometric-memory.tex,50,4414,54,12.23,0,"Empirical findings from cognitive psychology and neuroscience demonstrate that recall is not a simple replay of fixed traces but a generative act, where fragme…"
uncited_claims,research-projects,framework/liquid_light.tex,Liquid Light and the Unsupported Nucleus: A 2021 Private Cosmology as a Baseline for Generative Com…,framework/liquid_light.tex,32,4910,20,4.07,17,"None arrives with an equation, a citation to the literature it touches, or a response to an objection."
uncited_claims,research-projects,unsorted/arranged-conditions.tex,Arranged Conditions [0.4em] Two Accounts of the Same Fear,unsorted/arranged-conditions.tex,155,7670,8,1.04,8,"Each result is elementary and conditional: it states what follows from explicitly stated modeling assumptions, and those assumptions mark the places where empi…"
uncited_claims,research-projects,unsorted/arranged-conditions.tex,Arranged Conditions [0.4em] Two Accounts of the Same Fear,unsorted/arranged-conditions.tex,301,7670,8,1.04,8,"\begin{proposition}[Nested identification]\label{prop:B3} Let $\mathcal{J}\subseteq2^N$ be the coalitions for which $v$ has been observed by intervention, and …"
uncited_claims,calculus,experiments/empirical-paper.tex,"Capacity, Dissipation, and the Onset of Motility-Induced Phase Separation: An Empirical Test of RSV…",experiments/empirical-paper.tex,177,5226,13,2.49,13,"More broadly, the study illustrates that a principled empirical workflow can yield informative negative results: reconstruction, competing operationalizations,…"
uncited_claims,kitbash,projects/shape-of-search.tex,"The Shape of Search [4pt] Reachability, Measurement, and Attraction in Physical, Cognitive, and Con…",projects/shape-of-search.tex,43,11981,63,5.26,28,Each supplies empirical evidence for a distinct term that endpoint descriptions leave out.
uncited_claims,kitbash,projects/shape-of-search.tex,"The Shape of Search [4pt] Reachability, Measurement, and Attraction in Physical, Cognitive, and Con…",projects/shape-of-search.tex,486,11981,63,5.26,28,"The relation between entropy and subsequent shift variance, significant for four of the six models, is empirical evidence that the expected-opinion coordinate …"
uncited_claims,kitbash,projects/shape-of-search.tex,"The Shape of Search [4pt] Reachability, Measurement, and Attraction in Physical, Cognitive, and Con…",projects/shape-of-search.tex,517,11981,63,5.26,28,The emphasis here differs from the literature on abstraction.
uncited_claims,research-projects,rsvp-lab/trajectory_inference.tex,"Trajectory Inference, Emergent Structure, and the Return of Dynamical Thought: Contemporary Scienti…",rsvp-lab/trajectory_inference.tex,67,4128,14,3.39,13,This essay examines several recent research directions that exemplify this transition and argues that they collectively indicate a broader epistemic shift away…
uncited_claims,research-projects,working/constraint-first-topology.tex,"Constraint-First Topology: Foam Cobordisms, Nilpotent Transport, and Immersed Singularities as Admi…",working/constraint-first-topology.tex,92,6938,27,3.89,82,"\begin{abstract} Three recent papers in low-dimensional topology and homological algebra --- the foam cobordism theory of Im and Khovanov, the nilpotent pair c…"
uncited_works,research-projects,working/distributed_cognition.tex,"Distributed Minds and Generative Substrates: Threshold Diffusion, Causal Insulation, and the Archit…",working/distributed_cognition.tex,138,7729,17,2.2,27,Each agent receives signals from its neighbours and updates its belief according to Bayes' rule:
uncited_claims,calculus,processing/boundaries-computational-objects.tex,"Boundaries Are Computational Objects [0.3em] Screening, Pursuit, and Refusal as Three Theories of W…",processing/boundaries-computational-objects.tex,115,4212,8,1.9,8,"That shared failure of the passive picture, not a shared positive mechanism, is what unifies the literature this paper has reviewed."
uncited_claims,calculus,stone_piano.tex,The Stone Piano Hypothesis: Neanderthal Lithophones and the Acoustic Interpretation of the Brunique…,stone_piano.tex,184,13171,100,7.59,0,"Within Europe, the acoustic exploitation of cave formations has been documented at several sites."
uncited_claims,calculus,stone_piano.tex,The Stone Piano Hypothesis: Neanderthal Lithophones and the Acoustic Interpretation of the Brunique…,stone_piano.tex,258,13171,100,7.59,0,"This age places the Bruniquel construction approximately 140,000 years before the Upper Palaeolithic period in which similar acoustic exploitation of caves has…"
uncited_claims,calculus,stone_piano.tex,The Stone Piano Hypothesis: Neanderthal Lithophones and the Acoustic Interpretation of the Brunique…,stone_piano.tex,364,13171,100,7.59,0,"If the Bruniquel structures represent deliberate acoustic construction, they would provide empirical evidence that coordinated sound production—at minimum a co…"
uncited_claims,antivenom,essay/counterfactual.tex,"The Power to Choose the Counterfactual: Effective Demand, Intersubjectivity Collapse, and the Archi…",essay/counterfactual.tex,71,9998,11,1.1,18,"The randomized controlled trials pioneered in development economics by Abhijit Banerjee, Esther Duflo, and Michael Kremer, work recognized by the 2019 Nobel Me…"
uncited_claims,antivenom,essay/counterfactual.tex,"The Power to Choose the Counterfactual: Effective Demand, Intersubjectivity Collapse, and the Archi…",essay/counterfactual.tex,161,9998,11,1.1,18,What the loop actually calls for is intervention at the interface between the psychological and the structural: treating the causal chain from a specific sanct…
uncited_claims,antivenom,boundaries/synthetic_trajectories.tex,synthetic_trajectories.tex,boundaries/synthetic_trajectories.tex,74,10408,11,1.06,13,"Empirical work shows that imagined events can acquire perceptual detail through rehearsal, while genuine memories may degrade or fragment over time."
uncited_claims,antivenom,boundaries/synthetic_trajectories.tex,synthetic_trajectories.tex,boundaries/synthetic_trajectories.tex,94,10408,11,1.06,13,Empirical findings in reconsolidation research support this interpretation.
uncited_claims,alphabet,soup/consistency-constraints.tex,Consistency Constraints and the Geometry of Learned Representations,soup/consistency-constraints.tex,376,10477,24,2.29,25,"The literature below is organized by the mechanism each tradition posits for representational quality rather than by surface domain, and each subsection closes…"
uncited_works,alphabet,soup/consistency-constraints.tex,Consistency Constraints and the Geometry of Learned Representations,soup/consistency-constraints.tex,92,10477,24,2.29,25,"Papadimitriou and Jurafsky (2020) showed that pretraining on music, code, and nested symbolic sequences transfers measurable structural bias to subsequent lang…"
uncited_works,alphabet,soup/consistency-constraints.tex,Consistency Constraints and the Geometry of Learned Representations,soup/consistency-constraints.tex,310,10477,24,2.29,25,The Jacobian lens of Gurnee et al.
uncited_claims,antivenom,monograph/unfinishable-games.tex,Unfinishable Games: Real-Time Structure as a Distinct Mechanism of Extraction,monograph/unfinishable-games.tex,131,5575,16,2.87,12,"The more accurate statement of what this case study shows is therefore not that the full mechanism has been demonstrated, but that \emph{Last Shelter: Survival…"
uncited_claims,research-projects,intelligence/semantic-relaxation-networks.tex,semantic-relaxation-networks.tex,intelligence/semantic-relaxation-networks.tex,2882,15833,36,2.27,30,This aligns with psycholinguistic data showing that acceptability judgments form a continuum rather than a binary.
uncited_claims,alphabet,roadmap/procedural-attention.tex,Procedural Generation of Attention: Gaze Trajectories and the Grammar of Cinematic Space,roadmap/procedural-attention.tex,2180,14431,19,1.32,54,This is consistent with the literature on intrinsic motivation and flow.
uncited_claims,alphabet,roadmap/procedural-attention.tex,Procedural Generation of Attention: Gaze Trajectories and the Grammar of Cinematic Space,roadmap/procedural-attention.tex,2233,14431,19,1.32,54,"The empirical evidence is extensive: replay of games, films, music, proofs, and ritual demonstrates that $\reward(\traj) > \reward(\traj(T))$ for known traject…"
uncited_claims,research-projects,major_projects/CrystalEconomy/cinematic-reconstruction-v7.tex,"Cinematic Reconstruction [4pt] A Framework for Video Generation, Compression, and Diagnosis via Per…",major_projects/CrystalEconomy/cinematic-reconstruction-v7.tex,1811,20662,30,1.45,27,\textit{Success criterion}: The hierarchical strategy achieves at least 90\% of the precision and recall of exhaustive invocation while invoking full witnesses…
uncited_claims,cosmology,accessibility-relaxation.tex,Accessibility Relaxation and Friedmann Instability [6pt] An RSVP Reinterpretation of Cosmological S…,accessibility-relaxation.tex,124,8656,51,5.89,22,"The discovery that the critical Friedmann spacetime is an unstable saddle point within the solution space of Einstein's original field equations, without any c…"
uncited_works,haplopraxis,under-construction/developmental-opacity.tex,Developmental Opacity,under-construction/developmental-opacity.tex,88,3245,11,3.39,11,"This suggests the underlying institutional-legibility problem this essay is describing may be closer to universal, even where the cultural scripts for acknowle…"
uncited_claims,kitbash,asymptotic_safety.tex,Constraints of Asymptotically Safe Quantum Gravity on Scalar-Tensor Theories and Cosmic Strings,asymptotic_safety.tex,143,14922,332,22.25,73,The present essay synthesizes recent results establishing these constraints for two model classes of direct phenomenological relevance.
uncited_works,kitbash,projects/rerouted-observable.tex,"The Rerouted Observable [0.3em] Self-Interaction, Scalar Sirens, and the Inverse Probe of Invisible…",projects/rerouted-observable.tex,156,3866,14,3.62,10,"At sufficiently small $\alpha$, the $211$ and $322$ levels dominate and the two-level siren of Baryakhtar et al."
uncited_works,kitbash,processing/mundus_subterraneus.tex,mundus_subterraneus.tex,processing/mundus_subterraneus.tex,796,13521,25,1.85,21,Kircher's study --- 1652 --- Night \end{sceneheading}
uncited_claims,research-projects,unsorted/holocoordinate-systems-revised.tex,"Holocoordinate Systems: Multidifference Observation, Transition Structure, and Residual Growth in E…",unsorted/holocoordinate-systems-revised.tex,67,9018,11,1.22,10,"First, the results are theorems under stated assumptions and not empirical findings."
uncited_claims,spherepop,identity_as_event_history.tex,"Identity as Event History [0.4em] Irreversibility, Commitment, and the Ontology of Irreversible Pro…",identity_as_event_history.tex,975,22111,27,1.22,18,"The correspondence between these two representations is the subject of the normalization theory in Section~\ref{sec:normalization}, where it is shown that ever…"
uncited_works,alphabet,research/noise-becomes-structure.tex,"When Noise Becomes Structure: Microbiomes, Projection Failure, and the Recovery of Ecological Organ…",research/noise-becomes-structure.tex,79,5629,31,5.51,24,The expanded model proposed by Oyserman et al.
uncited_claims,abraxas,machine-intelligence/continuity-without-capability.tex,"Continuity Without Capability: Recurrent State, Exact Replay, and the Limits of a Proven Path",machine-intelligence/continuity-without-capability.tex,436,11977,29,2.42,24,"What remains genuinely open, and does require the empirical work below, is measuring where a given trained instance falls relative to these bounds, and whether…"
uncited_works,antivenom,opinion/quiet_battlefield.tex,The Quiet Battlefield: Algorithmic Governance and the Violence of the Mundane,opinion/quiet_battlefield.tex,126,6060,37,6.11,20,"Correcting the manifest outcome without addressing the structural determination is, in the precise technical sense illuminated by both Elad and Benita et al."
uncited_claims,kitbash,cognitive-dynamics/etiology-of-progress.tex,"The Etiology of Progress [0.3em] Admissibility Across Brains, Molecules, Energy, and Institutions",cognitive-dynamics/etiology-of-progress.tex,409,27729,52,1.88,49,It needs only the distinction the literature already supports: efficiency enlarging the admissible region and efficiency reducing total resource consumption ar…
uncited_claims,kitbash,cognitive-dynamics/etiology-of-progress.tex,"The Etiology of Progress [0.3em] Admissibility Across Brains, Molecules, Energy, and Institutions",cognitive-dynamics/etiology-of-progress.tex,547,27729,52,1.88,49,"The institutional lesson, generalizing Chapter 6's recursive closure ratio from a single manufacturing network to an entire civilization's retained capability,…"
uncited_works,kitbash,cognitive-dynamics/synthetic-testimony.tex,"Synthetic Testimony: Doctrine, Conditioning, and the Consciousness-Interview Genre",cognitive-dynamics/synthetic-testimony.tex,131,7779,10,1.29,9,"Legg and Hutter's 2007 survey of roughly seventy proposed definitions of intelligence is a useful contrast case for what has just been attempted with truth, be…"
uncited_claims,research-projects,delta-sigma-modulators/main.tex,"Delta--Sigma Modulators and Data Converters: [6pt] A Field-Theoretic Approach to Quantization, Nois…",delta-sigma-modulators/chapters/ch1.tex,23,92037,148,1.61,0,More recent work in manifold learning and generative modeling reveals another gap.
uncited_claims,research-projects,delta-sigma-modulators/main.tex,"Delta--Sigma Modulators and Data Converters: [6pt] A Field-Theoretic Approach to Quantization, Nois…",delta-sigma-modulators/chapters/ch7.tex,24,92037,148,1.61,0,"Classically, it is shown that the quantization error is spectrally shaped, with a noise transfer function [ \mathrm{NTF}(z) = 1 - z^{-1}."
uncited_claims,research-projects,delta-sigma-modulators/main.tex,"Delta--Sigma Modulators and Data Converters: [6pt] A Field-Theoretic Approach to Quantization, Nois…",delta-sigma-modulators/chapters/ch13.tex,138,92037,148,1.61,0,"This is the strongest known sufficient condition in the literature and unifies the treatment of multi-bit, vector-valued, and high-order systems."
uncited_works,research-projects,delta-sigma-modulators/main.tex,"Delta--Sigma Modulators and Data Converters: [6pt] A Field-Theoretic Approach to Quantization, Nois…",delta-sigma-modulators/chapters/ch6.tex,12,92037,148,1.61,0,"Let ( \mathcal{M} \subset \mathbb{R}^{n} ) be a smooth, connected, embedded manifold of dimension ( d \ll n ), as treated in classical geometric texts such as …"
uncited_works,antivenom,essay/contraction-of-the-possible.tex,"The Contraction of the Possible [0.5em] Enshittification, Artificial Scarcity, and the Manufacture …",essay/contraction-of-the-possible.tex,246,51997,54,1.04,46,"\ Fink's 1966 popular introduction to artificial intelligence, \emph{Computers and the Human Mind}, computation is explained through a sequence of explicit rep…"
