kind,repository,document,title,source_path,line,words,citations,citations_per_1k,bibliography_entries,finding
unproved,alphabet,economics/Scalar-Extraction-v02.tex,"Scalar Extraction in Platform Capitalism: A Field-Theoretic, Economic, and Algorithmic Theory of Ex…",economics/Scalar-Extraction-v02.tex,163,1651,0,0.0,6,lemma
unproved,alphabet,economics/Scalar-Extraction-v02.tex,"Scalar Extraction in Platform Capitalism: A Field-Theoretic, Economic, and Algorithmic Theory of Ex…",economics/Scalar-Extraction-v02.tex,192,1651,0,0.0,6,lemma
unproved,alphabet,economics/Scalar-Extraction-v02.tex,"Scalar Extraction in Platform Capitalism: A Field-Theoretic, Economic, and Algorithmic Theory of Ex…",economics/Scalar-Extraction-v02.tex,219,1651,0,0.0,6,theorem
unproved,alphabet,economics/Scalar-Extraction-v02.tex,"Scalar Extraction in Platform Capitalism: A Field-Theoretic, Economic, and Algorithmic Theory of Ex…",economics/Scalar-Extraction-v02.tex,236,1651,0,0.0,6,theorem
unproved,alphabet,economics/Scalar-Extraction-v02.tex,"Scalar Extraction in Platform Capitalism: A Field-Theoretic, Economic, and Algorithmic Theory of Ex…",economics/Scalar-Extraction-v02.tex,278,1651,0,0.0,6,theorem
unproved,alphabet,economics/Scalar-Extraction-v02.tex,"Scalar Extraction in Platform Capitalism: A Field-Theoretic, Economic, and Algorithmic Theory of Ex…",economics/Scalar-Extraction-v02.tex,298,1651,0,0.0,6,theorem
unproved,alphabet,economics/Scalar-Extraction-v02.tex,"Scalar Extraction in Platform Capitalism: A Field-Theoretic, Economic, and Algorithmic Theory of Ex…",economics/Scalar-Extraction-v02.tex,336,1651,0,0.0,6,corollary
unproved,alphabet,economics/Scalar-Extraction-v02.tex,"Scalar Extraction in Platform Capitalism: A Field-Theoretic, Economic, and Algorithmic Theory of Ex…",economics/Scalar-Extraction-v02.tex,431,1651,0,0.0,6,corollary
unproved,alphabet,economics/Scalar-Extraction-v02.tex,"Scalar Extraction in Platform Capitalism: A Field-Theoretic, Economic, and Algorithmic Theory of Ex…",economics/Scalar-Extraction-v02.tex,489,1651,0,0.0,6,theorem
unproved,alphabet,economics/Scalar-Extraction-v02.tex,"Scalar Extraction in Platform Capitalism: A Field-Theoretic, Economic, and Algorithmic Theory of Ex…",economics/Scalar-Extraction-v02.tex,500,1651,0,0.0,6,proposition
unproved,alphabet,economics/Scalar-Extraction-v02.tex,"Scalar Extraction in Platform Capitalism: A Field-Theoretic, Economic, and Algorithmic Theory of Ex…",economics/Scalar-Extraction-v02.tex,618,1651,0,0.0,6,theorem
unproved,spherepop,processing/essay.tex,Spherepop: A Language for Geometric Computation Unified Rigorous Specification,processing/essay.tex,133,1981,0,0.0,0,lemma
unproved,spherepop,processing/essay.tex,Spherepop: A Language for Geometric Computation Unified Rigorous Specification,processing/essay.tex,137,1981,0,0.0,0,lemma
unproved,spherepop,processing/essay.tex,Spherepop: A Language for Geometric Computation Unified Rigorous Specification,processing/essay.tex,421,1981,0,0.0,0,theorem
unproved,spherepop,processing/essay.tex,Spherepop: A Language for Geometric Computation Unified Rigorous Specification,processing/essay.tex,425,1981,0,0.0,0,theorem
unproved,spherepop,processing/essay.tex,Spherepop: A Language for Geometric Computation Unified Rigorous Specification,processing/essay.tex,429,1981,0,0.0,0,corollary
unproved,spherepop,processing/essay.tex,Spherepop: A Language for Geometric Computation Unified Rigorous Specification,processing/essay.tex,535,1981,0,0.0,0,theorem
unproved,spherepop,processing/essay.tex,Spherepop: A Language for Geometric Computation Unified Rigorous Specification,processing/essay.tex,539,1981,0,0.0,0,theorem
unproved,spherepop,processing/essay.tex,Spherepop: A Language for Geometric Computation Unified Rigorous Specification,processing/essay.tex,647,1981,0,0.0,0,theorem
unproved,spherepop,processing/essay.tex,Spherepop: A Language for Geometric Computation Unified Rigorous Specification,processing/essay.tex,923,1981,0,0.0,0,proposition
unproved,8b-is:8b-public-documents,working/kes-cheatsheet.tex,kes-cheatsheet.tex,working/kes-cheatsheet.tex,814,859,0,0.0,0,corollary
unproved,8b-is:8b-public-documents,working/kes-cheatsheet.tex,kes-cheatsheet.tex,working/kes-cheatsheet.tex,819,859,0,0.0,0,corollary
unproved,8b-is:8b-public-documents,working/kes-cheatsheet.tex,kes-cheatsheet.tex,working/kes-cheatsheet.tex,869,859,0,0.0,0,corollary
unproved,8b-is:8b-public-documents,working/kes-cheatsheet.tex,kes-cheatsheet.tex,working/kes-cheatsheet.tex,874,859,0,0.0,0,corollary
unproved,8b-is:8b-public-documents,working/kes-cheatsheet.tex,kes-cheatsheet.tex,working/kes-cheatsheet.tex,913,859,0,0.0,0,corollary
unproved,8b-is:8b-public-documents,working/kes-cheatsheet.tex,kes-cheatsheet.tex,working/kes-cheatsheet.tex,918,859,0,0.0,0,corollary
unproved,8b-is:8b-public-documents,working/kes-cheatsheet.tex,kes-cheatsheet.tex,working/kes-cheatsheet.tex,1003,859,0,0.0,0,corollary
unproved,8b-is:8b-public-documents,working/kes-cheatsheet.tex,kes-cheatsheet.tex,working/kes-cheatsheet.tex,1008,859,0,0.0,0,corollary
unproved,library,physics/monograph/incomplete.tex,Reflexive Field Dynamics: A Lagrangian Theory of Mind DOI: To be assigned upon publication,physics/monograph/incomplete.tex,252,1830,21,11.48,0,proposition
unproved,library,physics/monograph/incomplete.tex,Reflexive Field Dynamics: A Lagrangian Theory of Mind DOI: To be assigned upon publication,physics/monograph/incomplete.tex,428,1830,21,11.48,0,corollary
unproved,library,physics/monograph/incomplete.tex,Reflexive Field Dynamics: A Lagrangian Theory of Mind DOI: To be assigned upon publication,physics/monograph/incomplete.tex,432,1830,21,11.48,0,corollary
unproved,alphabet,The Ecology of Neoteny - draft 03.tex,The Ecology of Neoteny - draft 03.tex,The Ecology of Neoteny - draft 03.tex,466,10123,93,9.19,24,theorem
unproved,alphabet,The Ecology of Neoteny - draft 03.tex,The Ecology of Neoteny - draft 03.tex,The Ecology of Neoteny - draft 03.tex,668,10123,93,9.19,24,proposition
unproved,alphabet,The Ecology of Neoteny - draft 03.tex,The Ecology of Neoteny - draft 03.tex,The Ecology of Neoteny - draft 03.tex,773,10123,93,9.19,24,proposition
unproved,alphabet,The Ecology of Neoteny - draft 03.tex,The Ecology of Neoteny - draft 03.tex,The Ecology of Neoteny - draft 03.tex,807,10123,93,9.19,24,corollary
unproved,alphabet,The Ecology of Neoteny - draft 03.tex,The Ecology of Neoteny - draft 03.tex,The Ecology of Neoteny - draft 03.tex,834,10123,93,9.19,24,proposition
unproved,alphabet,The Ecology of Neoteny - draft 03.tex,The Ecology of Neoteny - draft 03.tex,The Ecology of Neoteny - draft 03.tex,1013,10123,93,9.19,24,proposition
unproved,alphabet,The Ecology of Neoteny - draft 03.tex,The Ecology of Neoteny - draft 03.tex,The Ecology of Neoteny - draft 03.tex,1104,10123,93,9.19,24,proposition
unproved,alphabet,The Ecology of Neoteny - draft 03.tex,The Ecology of Neoteny - draft 03.tex,The Ecology of Neoteny - draft 03.tex,1283,10123,93,9.19,24,proposition
unproved,alphabet,The Ecology of Neoteny - draft 03.tex,The Ecology of Neoteny - draft 03.tex,The Ecology of Neoteny - draft 03.tex,1492,10123,93,9.19,24,proposition
unproved,research-projects,PlenumHub/monograph.tex,PlenumHub: A Formal Semantic Compute Substrate for Modular Knowledge Systems,PlenumHub/monograph.tex,288,3229,4,1.24,0,lemma
unproved,research-projects,PlenumHub/monograph.tex,PlenumHub: A Formal Semantic Compute Substrate for Modular Knowledge Systems,PlenumHub/monograph.tex,321,3229,4,1.24,0,theorem
unproved,research-projects,PlenumHub/monograph.tex,PlenumHub: A Formal Semantic Compute Substrate for Modular Knowledge Systems,PlenumHub/monograph.tex,346,3229,4,1.24,0,theorem
unproved,research-projects,PlenumHub/monograph.tex,PlenumHub: A Formal Semantic Compute Substrate for Modular Knowledge Systems,PlenumHub/monograph.tex,825,3229,4,1.24,0,theorem
unproved,research-projects,PlenumHub/monograph.tex,PlenumHub: A Formal Semantic Compute Substrate for Modular Knowledge Systems,PlenumHub/monograph.tex,933,3229,4,1.24,0,corollary
unproved,research-projects,PlenumHub/monograph.tex,PlenumHub: A Formal Semantic Compute Substrate for Modular Knowledge Systems,PlenumHub/monograph.tex,1164,3229,4,1.24,0,theorem
unproved,research-projects,PlenumHub/monograph.tex,PlenumHub: A Formal Semantic Compute Substrate for Modular Knowledge Systems,PlenumHub/monograph.tex,1168,3229,4,1.24,0,theorem
unproved,research-projects,PlenumHub/monograph.tex,PlenumHub: A Formal Semantic Compute Substrate for Modular Knowledge Systems,PlenumHub/monograph.tex,1172,3229,4,1.24,0,theorem
unproved,antivenom,Culture-and-structural-power.tex,Culture and Structural Power: Mute Compulsion as a General Theory of Social Reproduction,Culture-and-structural-power.tex,150,4714,0,0.0,20,lemma
unproved,antivenom,Culture-and-structural-power.tex,Culture and Structural Power: Mute Compulsion as a General Theory of Social Reproduction,Culture-and-structural-power.tex,271,4714,0,0.0,20,proposition
unproved,antivenom,Culture-and-structural-power.tex,Culture and Structural Power: Mute Compulsion as a General Theory of Social Reproduction,Culture-and-structural-power.tex,307,4714,0,0.0,20,lemma
unproved,antivenom,Culture-and-structural-power.tex,Culture and Structural Power: Mute Compulsion as a General Theory of Social Reproduction,Culture-and-structural-power.tex,330,4714,0,0.0,20,proposition
unproved,antivenom,Culture-and-structural-power.tex,Culture and Structural Power: Mute Compulsion as a General Theory of Social Reproduction,Culture-and-structural-power.tex,394,4714,0,0.0,20,proposition
unproved,antivenom,Culture-and-structural-power.tex,Culture and Structural Power: Mute Compulsion as a General Theory of Social Reproduction,Culture-and-structural-power.tex,451,4714,0,0.0,20,lemma
unproved,antivenom,Culture-and-structural-power.tex,Culture and Structural Power: Mute Compulsion as a General Theory of Social Reproduction,Culture-and-structural-power.tex,490,4714,0,0.0,20,proposition
unproved,antivenom,Culture-and-structural-power.tex,Culture and Structural Power: Mute Compulsion as a General Theory of Social Reproduction,Culture-and-structural-power.tex,507,4714,0,0.0,20,lemma
unproved,antivenom,Culture-and-structural-power.tex,Culture and Structural Power: Mute Compulsion as a General Theory of Social Reproduction,Culture-and-structural-power.tex,689,4714,0,0.0,20,proposition
unproved,antivenom,Culture-and-structural-power.tex,Culture and Structural Power: Mute Compulsion as a General Theory of Social Reproduction,Culture-and-structural-power.tex,719,4714,0,0.0,20,proposition
unproved,antivenom,Culture-and-structural-power.tex,Culture and Structural Power: Mute Compulsion as a General Theory of Social Reproduction,Culture-and-structural-power.tex,786,4714,0,0.0,20,proposition
unproved,antivenom,Culture-and-structural-power.tex,Culture and Structural Power: Mute Compulsion as a General Theory of Social Reproduction,Culture-and-structural-power.tex,919,4714,0,0.0,20,proposition
unproved,antivenom,Culture-and-structural-power.tex,Culture and Structural Power: Mute Compulsion as a General Theory of Social Reproduction,Culture-and-structural-power.tex,983,4714,0,0.0,20,proposition
unproved,antivenom,Culture-and-structural-power.tex,Culture and Structural Power: Mute Compulsion as a General Theory of Social Reproduction,Culture-and-structural-power.tex,1003,4714,0,0.0,20,lemma
unproved,antivenom,Culture-and-structural-power.tex,Culture and Structural Power: Mute Compulsion as a General Theory of Social Reproduction,Culture-and-structural-power.tex,1036,4714,0,0.0,20,proposition
unproved,antivenom,Culture-and-structural-power.tex,Culture and Structural Power: Mute Compulsion as a General Theory of Social Reproduction,Culture-and-structural-power.tex,1130,4714,0,0.0,20,proposition
unproved,antivenom,Culture-and-structural-power.tex,Culture and Structural Power: Mute Compulsion as a General Theory of Social Reproduction,Culture-and-structural-power.tex,1162,4714,0,0.0,20,lemma
unproved,antivenom,Culture-and-structural-power.tex,Culture and Structural Power: Mute Compulsion as a General Theory of Social Reproduction,Culture-and-structural-power.tex,1180,4714,0,0.0,20,proposition
unproved,antivenom,Culture-and-structural-power.tex,Culture and Structural Power: Mute Compulsion as a General Theory of Social Reproduction,Culture-and-structural-power.tex,1276,4714,0,0.0,20,lemma
unproved,antivenom,Culture-and-structural-power.tex,Culture and Structural Power: Mute Compulsion as a General Theory of Social Reproduction,Culture-and-structural-power.tex,1310,4714,0,0.0,20,proposition
unproved,antivenom,Culture-and-structural-power.tex,Culture and Structural Power: Mute Compulsion as a General Theory of Social Reproduction,Culture-and-structural-power.tex,1389,4714,0,0.0,20,proposition
unproved,antivenom,Culture-and-structural-power.tex,Culture and Structural Power: Mute Compulsion as a General Theory of Social Reproduction,Culture-and-structural-power.tex,1443,4714,0,0.0,20,proposition
unproved,antivenom,Culture-and-structural-power.tex,Culture and Structural Power: Mute Compulsion as a General Theory of Social Reproduction,Culture-and-structural-power.tex,1462,4714,0,0.0,20,lemma
unproved,cosmology,monograph.tex,"RSVP Cosmology [12pt] Field Equations, Admissibility, and the Geometry of Distinction",monograph.tex,734,4058,4,0.99,3,proposition
unproved,spherepop,processing/geometry/monograph.tex,The Geometry of Spherepop 0.4em A Recursive Geometry of Coherence in the RSVP Framework 0.4em With …,processing/geometry/monograph.tex,90,7655,0,0.0,0,proposition
unproved,spherepop,processing/geometry/monograph.tex,The Geometry of Spherepop 0.4em A Recursive Geometry of Coherence in the RSVP Framework 0.4em With …,processing/geometry/monograph.tex,97,7655,0,0.0,0,proposition
unproved,spherepop,processing/geometry/monograph.tex,The Geometry of Spherepop 0.4em A Recursive Geometry of Coherence in the RSVP Framework 0.4em With …,processing/geometry/monograph.tex,112,7655,0,0.0,0,lemma
unproved,spherepop,processing/geometry/monograph.tex,The Geometry of Spherepop 0.4em A Recursive Geometry of Coherence in the RSVP Framework 0.4em With …,processing/geometry/monograph.tex,124,7655,0,0.0,0,proposition
unproved,spherepop,processing/geometry/monograph.tex,The Geometry of Spherepop 0.4em A Recursive Geometry of Coherence in the RSVP Framework 0.4em With …,processing/geometry/monograph.tex,131,7655,0,0.0,0,theorem
unproved,spherepop,processing/geometry/monograph.tex,The Geometry of Spherepop 0.4em A Recursive Geometry of Coherence in the RSVP Framework 0.4em With …,processing/geometry/monograph.tex,154,7655,0,0.0,0,proposition
unproved,spherepop,processing/geometry/monograph.tex,The Geometry of Spherepop 0.4em A Recursive Geometry of Coherence in the RSVP Framework 0.4em With …,processing/geometry/monograph.tex,254,7655,0,0.0,0,proposition
unproved,spherepop,processing/geometry/monograph.tex,The Geometry of Spherepop 0.4em A Recursive Geometry of Coherence in the RSVP Framework 0.4em With …,processing/geometry/monograph.tex,265,7655,0,0.0,0,lemma
unproved,spherepop,processing/geometry/monograph.tex,The Geometry of Spherepop 0.4em A Recursive Geometry of Coherence in the RSVP Framework 0.4em With …,processing/geometry/monograph.tex,275,7655,0,0.0,0,proposition
unproved,spherepop,processing/geometry/monograph.tex,The Geometry of Spherepop 0.4em A Recursive Geometry of Coherence in the RSVP Framework 0.4em With …,processing/geometry/monograph.tex,291,7655,0,0.0,0,theorem
unproved,spherepop,processing/geometry/monograph.tex,The Geometry of Spherepop 0.4em A Recursive Geometry of Coherence in the RSVP Framework 0.4em With …,processing/geometry/monograph.tex,411,7655,0,0.0,0,theorem
unproved,spherepop,processing/geometry/monograph.tex,The Geometry of Spherepop 0.4em A Recursive Geometry of Coherence in the RSVP Framework 0.4em With …,processing/geometry/monograph.tex,421,7655,0,0.0,0,corollary
unproved,spherepop,processing/geometry/monograph.tex,The Geometry of Spherepop 0.4em A Recursive Geometry of Coherence in the RSVP Framework 0.4em With …,processing/geometry/monograph.tex,430,7655,0,0.0,0,theorem
unproved,spherepop,processing/geometry/monograph.tex,The Geometry of Spherepop 0.4em A Recursive Geometry of Coherence in the RSVP Framework 0.4em With …,processing/geometry/monograph.tex,437,7655,0,0.0,0,proposition
unproved,spherepop,processing/geometry/monograph.tex,The Geometry of Spherepop 0.4em A Recursive Geometry of Coherence in the RSVP Framework 0.4em With …,processing/geometry/monograph.tex,470,7655,0,0.0,0,proposition
unproved,spherepop,processing/geometry/monograph.tex,The Geometry of Spherepop 0.4em A Recursive Geometry of Coherence in the RSVP Framework 0.4em With …,processing/geometry/monograph.tex,528,7655,0,0.0,0,theorem
unproved,spherepop,processing/geometry/monograph.tex,The Geometry of Spherepop 0.4em A Recursive Geometry of Coherence in the RSVP Framework 0.4em With …,processing/geometry/monograph.tex,543,7655,0,0.0,0,proposition
unproved,spherepop,processing/geometry/monograph.tex,The Geometry of Spherepop 0.4em A Recursive Geometry of Coherence in the RSVP Framework 0.4em With …,processing/geometry/monograph.tex,552,7655,0,0.0,0,lemma
unproved,spherepop,processing/geometry/monograph.tex,The Geometry of Spherepop 0.4em A Recursive Geometry of Coherence in the RSVP Framework 0.4em With …,processing/geometry/monograph.tex,601,7655,0,0.0,0,proposition
unproved,spherepop,processing/geometry/monograph.tex,The Geometry of Spherepop 0.4em A Recursive Geometry of Coherence in the RSVP Framework 0.4em With …,processing/geometry/monograph.tex,613,7655,0,0.0,0,lemma
unproved,spherepop,processing/geometry/monograph.tex,The Geometry of Spherepop 0.4em A Recursive Geometry of Coherence in the RSVP Framework 0.4em With …,processing/geometry/monograph.tex,626,7655,0,0.0,0,theorem
unproved,spherepop,processing/geometry/monograph.tex,The Geometry of Spherepop 0.4em A Recursive Geometry of Coherence in the RSVP Framework 0.4em With …,processing/geometry/monograph.tex,638,7655,0,0.0,0,proposition
unproved,spherepop,processing/geometry/monograph.tex,The Geometry of Spherepop 0.4em A Recursive Geometry of Coherence in the RSVP Framework 0.4em With …,processing/geometry/monograph.tex,675,7655,0,0.0,0,proposition
unproved,spherepop,processing/geometry/monograph.tex,The Geometry of Spherepop 0.4em A Recursive Geometry of Coherence in the RSVP Framework 0.4em With …,processing/geometry/monograph.tex,681,7655,0,0.0,0,theorem
unproved,spherepop,processing/geometry/monograph.tex,The Geometry of Spherepop 0.4em A Recursive Geometry of Coherence in the RSVP Framework 0.4em With …,processing/geometry/monograph.tex,696,7655,0,0.0,0,proposition
unproved,spherepop,processing/geometry/monograph.tex,The Geometry of Spherepop 0.4em A Recursive Geometry of Coherence in the RSVP Framework 0.4em With …,processing/geometry/monograph.tex,702,7655,0,0.0,0,theorem
unproved,spherepop,processing/geometry/monograph.tex,The Geometry of Spherepop 0.4em A Recursive Geometry of Coherence in the RSVP Framework 0.4em With …,processing/geometry/monograph.tex,711,7655,0,0.0,0,lemma
unproved,spherepop,processing/geometry/monograph.tex,The Geometry of Spherepop 0.4em A Recursive Geometry of Coherence in the RSVP Framework 0.4em With …,processing/geometry/monograph.tex,756,7655,0,0.0,0,proposition
unproved,spherepop,processing/geometry/monograph.tex,The Geometry of Spherepop 0.4em A Recursive Geometry of Coherence in the RSVP Framework 0.4em With …,processing/geometry/monograph.tex,762,7655,0,0.0,0,theorem
unproved,spherepop,processing/geometry/monograph.tex,The Geometry of Spherepop 0.4em A Recursive Geometry of Coherence in the RSVP Framework 0.4em With …,processing/geometry/monograph.tex,766,7655,0,0.0,0,lemma
unproved,spherepop,processing/geometry/monograph.tex,The Geometry of Spherepop 0.4em A Recursive Geometry of Coherence in the RSVP Framework 0.4em With …,processing/geometry/monograph.tex,815,7655,0,0.0,0,proposition
unproved,spherepop,processing/geometry/monograph.tex,The Geometry of Spherepop 0.4em A Recursive Geometry of Coherence in the RSVP Framework 0.4em With …,processing/geometry/monograph.tex,852,7655,0,0.0,0,proposition
unproved,spherepop,processing/geometry/monograph.tex,The Geometry of Spherepop 0.4em A Recursive Geometry of Coherence in the RSVP Framework 0.4em With …,processing/geometry/monograph.tex,872,7655,0,0.0,0,theorem
unproved,spherepop,processing/geometry/monograph.tex,The Geometry of Spherepop 0.4em A Recursive Geometry of Coherence in the RSVP Framework 0.4em With …,processing/geometry/monograph.tex,901,7655,0,0.0,0,theorem
unproved,spherepop,processing/geometry/monograph.tex,The Geometry of Spherepop 0.4em A Recursive Geometry of Coherence in the RSVP Framework 0.4em With …,processing/geometry/monograph.tex,944,7655,0,0.0,0,proposition
unproved,spherepop,processing/geometry/monograph.tex,The Geometry of Spherepop 0.4em A Recursive Geometry of Coherence in the RSVP Framework 0.4em With …,processing/geometry/monograph.tex,977,7655,0,0.0,0,theorem
unproved,spherepop,processing/geometry/monograph.tex,The Geometry of Spherepop 0.4em A Recursive Geometry of Coherence in the RSVP Framework 0.4em With …,processing/geometry/monograph.tex,1011,7655,0,0.0,0,proposition
unproved,kitbash,cosmology/constraint_geometry.tex,"Constraint Geometry and Semantic Dynamics: [6pt] A Unified Field Theory of Hierarchical Inference, …",cosmology/constraint_geometry.tex,357,5928,8,1.35,24,proposition
unproved,kitbash,cosmology/constraint_geometry.tex,"Constraint Geometry and Semantic Dynamics: [6pt] A Unified Field Theory of Hierarchical Inference, …",cosmology/constraint_geometry.tex,364,5928,8,1.35,24,corollary
unproved,kitbash,cosmology/constraint_geometry.tex,"Constraint Geometry and Semantic Dynamics: [6pt] A Unified Field Theory of Hierarchical Inference, …",cosmology/constraint_geometry.tex,679,5928,8,1.35,24,proposition
unproved,kitbash,cosmology/constraint_geometry.tex,"Constraint Geometry and Semantic Dynamics: [6pt] A Unified Field Theory of Hierarchical Inference, …",cosmology/constraint_geometry.tex,686,5928,8,1.35,24,proposition
unproved,kitbash,cosmology/constraint_geometry.tex,"Constraint Geometry and Semantic Dynamics: [6pt] A Unified Field Theory of Hierarchical Inference, …",cosmology/constraint_geometry.tex,900,5928,8,1.35,24,proposition
unproved,kitbash,cosmology/constraint_geometry.tex,"Constraint Geometry and Semantic Dynamics: [6pt] A Unified Field Theory of Hierarchical Inference, …",cosmology/constraint_geometry.tex,1061,5928,8,1.35,24,theorem
unproved,kitbash,cosmology/constraint_geometry.tex,"Constraint Geometry and Semantic Dynamics: [6pt] A Unified Field Theory of Hierarchical Inference, …",cosmology/constraint_geometry.tex,1121,5928,8,1.35,24,theorem
unproved,kitbash,cosmology/constraint_geometry.tex,"Constraint Geometry and Semantic Dynamics: [6pt] A Unified Field Theory of Hierarchical Inference, …",cosmology/constraint_geometry.tex,1263,5928,8,1.35,24,proposition
unproved,kitbash,cosmology/constraint_geometry.tex,"Constraint Geometry and Semantic Dynamics: [6pt] A Unified Field Theory of Hierarchical Inference, …",cosmology/constraint_geometry.tex,1275,5928,8,1.35,24,proposition
unproved,kitbash,cosmology/constraint_geometry.tex,"Constraint Geometry and Semantic Dynamics: [6pt] A Unified Field Theory of Hierarchical Inference, …",cosmology/constraint_geometry.tex,1356,5928,8,1.35,24,proposition
unproved,kitbash,cosmology/constraint_geometry.tex,"Constraint Geometry and Semantic Dynamics: [6pt] A Unified Field Theory of Hierarchical Inference, …",cosmology/constraint_geometry.tex,1372,5928,8,1.35,24,proposition
unproved,kitbash,cosmology/constraint_geometry.tex,"Constraint Geometry and Semantic Dynamics: [6pt] A Unified Field Theory of Hierarchical Inference, …",cosmology/constraint_geometry.tex,1745,5928,8,1.35,24,proposition
unproved,alphabet,aphantasia-essay.tex,"Wordless Imageless Thought [0.35em] A Field-Theoretic Interpretation of Aphantasia, Anendophasia, a…",aphantasia-essay.tex,248,1913,0,0.0,16,theorem
unproved,research-projects,to_process/main.tex,"The RSVP--Polyxan Universe: A Unified Theory of Meaning, Curvature, and Verification",to_process/chapters/chapter_002.tex,241,87387,13,0.15,0,theorem
unproved,research-projects,to_process/main.tex,"The RSVP--Polyxan Universe: A Unified Theory of Meaning, Curvature, and Verification",to_process/chapters/chapter_003.tex,161,87387,13,0.15,0,proposition
unproved,research-projects,to_process/main.tex,"The RSVP--Polyxan Universe: A Unified Theory of Meaning, Curvature, and Verification",to_process/chapters/chapter_003.tex,472,87387,13,0.15,0,proposition
unproved,research-projects,to_process/main.tex,"The RSVP--Polyxan Universe: A Unified Theory of Meaning, Curvature, and Verification",to_process/chapters/chapter_004.tex,95,87387,13,0.15,0,proposition
unproved,research-projects,to_process/main.tex,"The RSVP--Polyxan Universe: A Unified Theory of Meaning, Curvature, and Verification",to_process/chapters/chapter_006.tex,134,87387,13,0.15,0,theorem
unproved,research-projects,to_process/main.tex,"The RSVP--Polyxan Universe: A Unified Theory of Meaning, Curvature, and Verification",to_process/chapters/chapter_006.tex,140,87387,13,0.15,0,theorem
unproved,research-projects,to_process/main.tex,"The RSVP--Polyxan Universe: A Unified Theory of Meaning, Curvature, and Verification",to_process/chapters/chapter_010.tex,125,87387,13,0.15,0,theorem
unproved,research-projects,to_process/main.tex,"The RSVP--Polyxan Universe: A Unified Theory of Meaning, Curvature, and Verification",to_process/chapters/chapter_010.tex,254,87387,13,0.15,0,theorem
unproved,research-projects,to_process/main.tex,"The RSVP--Polyxan Universe: A Unified Theory of Meaning, Curvature, and Verification",to_process/chapters/chapter_012.tex,249,87387,13,0.15,0,theorem
unproved,research-projects,to_process/main.tex,"The RSVP--Polyxan Universe: A Unified Theory of Meaning, Curvature, and Verification",to_process/chapters/chapter_012.tex,264,87387,13,0.15,0,theorem
unproved,research-projects,to_process/main.tex,"The RSVP--Polyxan Universe: A Unified Theory of Meaning, Curvature, and Verification",to_process/chapters/chapter_014.tex,283,87387,13,0.15,0,proposition
unproved,research-projects,to_process/main.tex,"The RSVP--Polyxan Universe: A Unified Theory of Meaning, Curvature, and Verification",to_process/chapters/chapter_016.tex,58,87387,13,0.15,0,proposition
unproved,research-projects,to_process/main.tex,"The RSVP--Polyxan Universe: A Unified Theory of Meaning, Curvature, and Verification",to_process/chapters/chapter_016.tex,100,87387,13,0.15,0,theorem
unproved,research-projects,to_process/main.tex,"The RSVP--Polyxan Universe: A Unified Theory of Meaning, Curvature, and Verification",to_process/chapters/chapter_016.tex,126,87387,13,0.15,0,theorem
unproved,research-projects,to_process/main.tex,"The RSVP--Polyxan Universe: A Unified Theory of Meaning, Curvature, and Verification",to_process/chapters/chapter_016.tex,150,87387,13,0.15,0,proposition
unproved,research-projects,to_process/main.tex,"The RSVP--Polyxan Universe: A Unified Theory of Meaning, Curvature, and Verification",to_process/chapters/chapter_016.tex,212,87387,13,0.15,0,proposition
unproved,research-projects,to_process/main.tex,"The RSVP--Polyxan Universe: A Unified Theory of Meaning, Curvature, and Verification",to_process/chapters/chapter_016.tex,228,87387,13,0.15,0,theorem
unproved,research-projects,to_process/main.tex,"The RSVP--Polyxan Universe: A Unified Theory of Meaning, Curvature, and Verification",to_process/chapters/chapter_016.tex,252,87387,13,0.15,0,theorem
unproved,research-projects,to_process/main.tex,"The RSVP--Polyxan Universe: A Unified Theory of Meaning, Curvature, and Verification",to_process/chapters/chapter_017.tex,38,87387,13,0.15,0,theorem
unproved,research-projects,to_process/main.tex,"The RSVP--Polyxan Universe: A Unified Theory of Meaning, Curvature, and Verification",to_process/chapters/chapter_017.tex,84,87387,13,0.15,0,corollary
unproved,research-projects,to_process/main.tex,"The RSVP--Polyxan Universe: A Unified Theory of Meaning, Curvature, and Verification",to_process/chapters/chapter_017.tex,101,87387,13,0.15,0,theorem
unproved,research-projects,to_process/main.tex,"The RSVP--Polyxan Universe: A Unified Theory of Meaning, Curvature, and Verification",to_process/chapters/chapter_017.tex,134,87387,13,0.15,0,proposition
unproved,research-projects,to_process/main.tex,"The RSVP--Polyxan Universe: A Unified Theory of Meaning, Curvature, and Verification",to_process/chapters/chapter_017.tex,159,87387,13,0.15,0,theorem
unproved,research-projects,to_process/main.tex,"The RSVP--Polyxan Universe: A Unified Theory of Meaning, Curvature, and Verification",to_process/chapters/chapter_017.tex,166,87387,13,0.15,0,corollary
unproved,research-projects,to_process/main.tex,"The RSVP--Polyxan Universe: A Unified Theory of Meaning, Curvature, and Verification",to_process/chapters/chapter_017.tex,189,87387,13,0.15,0,proposition
unproved,research-projects,to_process/main.tex,"The RSVP--Polyxan Universe: A Unified Theory of Meaning, Curvature, and Verification",to_process/chapters/chapter_018.tex,115,87387,13,0.15,0,theorem
unproved,research-projects,to_process/main.tex,"The RSVP--Polyxan Universe: A Unified Theory of Meaning, Curvature, and Verification",to_process/chapters/chapter_018.tex,205,87387,13,0.15,0,proposition
unproved,research-projects,to_process/main.tex,"The RSVP--Polyxan Universe: A Unified Theory of Meaning, Curvature, and Verification",to_process/chapters/chapter_021.tex,117,87387,13,0.15,0,proposition
unproved,research-projects,to_process/main.tex,"The RSVP--Polyxan Universe: A Unified Theory of Meaning, Curvature, and Verification",to_process/chapters/chapter_021.tex,147,87387,13,0.15,0,proposition
unproved,research-projects,to_process/main.tex,"The RSVP--Polyxan Universe: A Unified Theory of Meaning, Curvature, and Verification",to_process/chapters/chapter_021.tex,154,87387,13,0.15,0,theorem
unproved,research-projects,to_process/main.tex,"The RSVP--Polyxan Universe: A Unified Theory of Meaning, Curvature, and Verification",to_process/chapters/chapter_021.tex,180,87387,13,0.15,0,proposition
unproved,research-projects,to_process/main.tex,"The RSVP--Polyxan Universe: A Unified Theory of Meaning, Curvature, and Verification",to_process/chapters/chapter_021.tex,229,87387,13,0.15,0,theorem
unproved,research-projects,to_process/main.tex,"The RSVP--Polyxan Universe: A Unified Theory of Meaning, Curvature, and Verification",to_process/chapters/chapter_022.tex,34,87387,13,0.15,0,proposition
unproved,research-projects,to_process/main.tex,"The RSVP--Polyxan Universe: A Unified Theory of Meaning, Curvature, and Verification",to_process/chapters/chapter_022.tex,94,87387,13,0.15,0,theorem
unproved,research-projects,to_process/main.tex,"The RSVP--Polyxan Universe: A Unified Theory of Meaning, Curvature, and Verification",to_process/chapters/chapter_023.tex,124,87387,13,0.15,0,theorem
unproved,research-projects,to_process/main.tex,"The RSVP--Polyxan Universe: A Unified Theory of Meaning, Curvature, and Verification",to_process/chapters/chapter_025.tex,128,87387,13,0.15,0,theorem
unproved,research-projects,to_process/main.tex,"The RSVP--Polyxan Universe: A Unified Theory of Meaning, Curvature, and Verification",to_process/chapters/chapter_025.tex,238,87387,13,0.15,0,corollary
unproved,research-projects,to_process/main.tex,"The RSVP--Polyxan Universe: A Unified Theory of Meaning, Curvature, and Verification",to_process/chapters/chapter_025.tex,261,87387,13,0.15,0,theorem
unproved,research-projects,to_process/main.tex,"The RSVP--Polyxan Universe: A Unified Theory of Meaning, Curvature, and Verification",to_process/chapters/chapter_030.tex,253,87387,13,0.15,0,theorem
unproved,research-projects,to_process/main.tex,"The RSVP--Polyxan Universe: A Unified Theory of Meaning, Curvature, and Verification",to_process/chapters/chapter_030.tex,270,87387,13,0.15,0,theorem
unproved,research-projects,to_process/main.tex,"The RSVP--Polyxan Universe: A Unified Theory of Meaning, Curvature, and Verification",to_process/chapters/chapter_037.tex,495,87387,13,0.15,0,corollary
unproved,research-projects,to_process/main.tex,"The RSVP--Polyxan Universe: A Unified Theory of Meaning, Curvature, and Verification",to_process/chapters/chapter_038.tex,208,87387,13,0.15,0,corollary
unproved,research-projects,to_process/main.tex,"The RSVP--Polyxan Universe: A Unified Theory of Meaning, Curvature, and Verification",to_process/chapters/chapter_039.tex,145,87387,13,0.15,0,corollary
unproved,research-projects,to_process/main.tex,"The RSVP--Polyxan Universe: A Unified Theory of Meaning, Curvature, and Verification",to_process/chapters/chapter_039.tex,150,87387,13,0.15,0,corollary
unproved,research-projects,to_process/main.tex,"The RSVP--Polyxan Universe: A Unified Theory of Meaning, Curvature, and Verification",to_process/chapters/chapter_039.tex,154,87387,13,0.15,0,corollary
unproved,research-projects,to_process/main.tex,"The RSVP--Polyxan Universe: A Unified Theory of Meaning, Curvature, and Verification",to_process/chapters/chapter_043.tex,160,87387,13,0.15,0,corollary
unproved,research-projects,to_process/main.tex,"The RSVP--Polyxan Universe: A Unified Theory of Meaning, Curvature, and Verification",to_process/chapters/chapter_043.tex,188,87387,13,0.15,0,theorem
unproved,research-projects,to_process/main.tex,"The RSVP--Polyxan Universe: A Unified Theory of Meaning, Curvature, and Verification",to_process/chapters/chapter_044.tex,196,87387,13,0.15,0,corollary
unproved,research-projects,to_process/main.tex,"The RSVP--Polyxan Universe: A Unified Theory of Meaning, Curvature, and Verification",to_process/chapters/chapter_044.tex,205,87387,13,0.15,0,corollary
unproved,research-projects,to_process/main.tex,"The RSVP--Polyxan Universe: A Unified Theory of Meaning, Curvature, and Verification",to_process/chapters/chapter_053.tex,110,87387,13,0.15,0,theorem
unproved,research-projects,to_process/main.tex,"The RSVP--Polyxan Universe: A Unified Theory of Meaning, Curvature, and Verification",to_process/chapters/chapter_053.tex,135,87387,13,0.15,0,theorem
unproved,research-projects,to_process/main.tex,"The RSVP--Polyxan Universe: A Unified Theory of Meaning, Curvature, and Verification",to_process/chapters/chapter_053.tex,173,87387,13,0.15,0,theorem
unproved,research-projects,to_process/main.tex,"The RSVP--Polyxan Universe: A Unified Theory of Meaning, Curvature, and Verification",to_process/chapters/chapter_053.tex,195,87387,13,0.15,0,theorem
unproved,research-projects,to_process/main.tex,"The RSVP--Polyxan Universe: A Unified Theory of Meaning, Curvature, and Verification",to_process/chapters/chapter_054.tex,86,87387,13,0.15,0,theorem
unproved,research-projects,to_process/main.tex,"The RSVP--Polyxan Universe: A Unified Theory of Meaning, Curvature, and Verification",to_process/chapters/chapter_054.tex,111,87387,13,0.15,0,theorem
unproved,research-projects,to_process/main.tex,"The RSVP--Polyxan Universe: A Unified Theory of Meaning, Curvature, and Verification",to_process/chapters/chapter_054.tex,125,87387,13,0.15,0,theorem
unproved,research-projects,to_process/main.tex,"The RSVP--Polyxan Universe: A Unified Theory of Meaning, Curvature, and Verification",to_process/chapters/chapter_054.tex,168,87387,13,0.15,0,theorem
unproved,research-projects,to_process/main.tex,"The RSVP--Polyxan Universe: A Unified Theory of Meaning, Curvature, and Verification",to_process/chapters/chapter_055.tex,65,87387,13,0.15,0,theorem
unproved,research-projects,to_process/main.tex,"The RSVP--Polyxan Universe: A Unified Theory of Meaning, Curvature, and Verification",to_process/chapters/chapter_055.tex,103,87387,13,0.15,0,theorem
unproved,research-projects,to_process/main.tex,"The RSVP--Polyxan Universe: A Unified Theory of Meaning, Curvature, and Verification",to_process/chapters/chapter_055.tex,132,87387,13,0.15,0,theorem
unproved,research-projects,to_process/main.tex,"The RSVP--Polyxan Universe: A Unified Theory of Meaning, Curvature, and Verification",to_process/chapters/chapter_055.tex,158,87387,13,0.15,0,theorem
unproved,research-projects,to_process/main.tex,"The RSVP--Polyxan Universe: A Unified Theory of Meaning, Curvature, and Verification",to_process/chapters/chapter_055.tex,171,87387,13,0.15,0,theorem
unproved,research-projects,to_process/main.tex,"The RSVP--Polyxan Universe: A Unified Theory of Meaning, Curvature, and Verification",to_process/chapters/chapter_055.tex,207,87387,13,0.15,0,theorem
unproved,research-projects,to_process/main.tex,"The RSVP--Polyxan Universe: A Unified Theory of Meaning, Curvature, and Verification",to_process/chapters/chapter_056.tex,61,87387,13,0.15,0,theorem
unproved,research-projects,to_process/main.tex,"The RSVP--Polyxan Universe: A Unified Theory of Meaning, Curvature, and Verification",to_process/chapters/chapter_056.tex,84,87387,13,0.15,0,theorem
unproved,research-projects,to_process/main.tex,"The RSVP--Polyxan Universe: A Unified Theory of Meaning, Curvature, and Verification",to_process/chapters/chapter_056.tex,115,87387,13,0.15,0,theorem
unproved,research-projects,to_process/main.tex,"The RSVP--Polyxan Universe: A Unified Theory of Meaning, Curvature, and Verification",to_process/chapters/chapter_056.tex,144,87387,13,0.15,0,theorem
unproved,research-projects,to_process/main.tex,"The RSVP--Polyxan Universe: A Unified Theory of Meaning, Curvature, and Verification",to_process/chapters/chapter_056.tex,164,87387,13,0.15,0,theorem
unproved,research-projects,to_process/main.tex,"The RSVP--Polyxan Universe: A Unified Theory of Meaning, Curvature, and Verification",to_process/chapters/chapter_056.tex,192,87387,13,0.15,0,theorem
unproved,research-projects,to_process/main.tex,"The RSVP--Polyxan Universe: A Unified Theory of Meaning, Curvature, and Verification",to_process/chapters/chapter_057.tex,57,87387,13,0.15,0,theorem
unproved,research-projects,to_process/main.tex,"The RSVP--Polyxan Universe: A Unified Theory of Meaning, Curvature, and Verification",to_process/chapters/chapter_057.tex,80,87387,13,0.15,0,theorem
unproved,research-projects,to_process/main.tex,"The RSVP--Polyxan Universe: A Unified Theory of Meaning, Curvature, and Verification",to_process/chapters/chapter_057.tex,101,87387,13,0.15,0,theorem
unproved,research-projects,to_process/main.tex,"The RSVP--Polyxan Universe: A Unified Theory of Meaning, Curvature, and Verification",to_process/chapters/chapter_057.tex,121,87387,13,0.15,0,theorem
unproved,research-projects,to_process/main.tex,"The RSVP--Polyxan Universe: A Unified Theory of Meaning, Curvature, and Verification",to_process/chapters/chapter_057.tex,159,87387,13,0.15,0,theorem
unproved,research-projects,to_process/main.tex,"The RSVP--Polyxan Universe: A Unified Theory of Meaning, Curvature, and Verification",to_process/chapters/chapter_057.tex,179,87387,13,0.15,0,theorem
unproved,research-projects,to_process/main.tex,"The RSVP--Polyxan Universe: A Unified Theory of Meaning, Curvature, and Verification",to_process/chapters/chapter_058.tex,69,87387,13,0.15,0,theorem
unproved,research-projects,to_process/main.tex,"The RSVP--Polyxan Universe: A Unified Theory of Meaning, Curvature, and Verification",to_process/chapters/chapter_058.tex,92,87387,13,0.15,0,theorem
unproved,research-projects,to_process/main.tex,"The RSVP--Polyxan Universe: A Unified Theory of Meaning, Curvature, and Verification",to_process/chapters/chapter_058.tex,119,87387,13,0.15,0,theorem
unproved,research-projects,to_process/main.tex,"The RSVP--Polyxan Universe: A Unified Theory of Meaning, Curvature, and Verification",to_process/chapters/chapter_058.tex,152,87387,13,0.15,0,theorem
unproved,research-projects,to_process/main.tex,"The RSVP--Polyxan Universe: A Unified Theory of Meaning, Curvature, and Verification",to_process/chapters/chapter_058.tex,186,87387,13,0.15,0,theorem
unproved,research-projects,to_process/main.tex,"The RSVP--Polyxan Universe: A Unified Theory of Meaning, Curvature, and Verification",to_process/chapters/chapter_058.tex,210,87387,13,0.15,0,theorem
unproved,research-projects,to_process/main.tex,"The RSVP--Polyxan Universe: A Unified Theory of Meaning, Curvature, and Verification",to_process/chapters/chapter_058.tex,235,87387,13,0.15,0,theorem
unproved,research-projects,to_process/main.tex,"The RSVP--Polyxan Universe: A Unified Theory of Meaning, Curvature, and Verification",to_process/chapters/chapter_058.tex,256,87387,13,0.15,0,theorem
unproved,research-projects,to_process/main.tex,"The RSVP--Polyxan Universe: A Unified Theory of Meaning, Curvature, and Verification",to_process/chapters/chapter_059.tex,52,87387,13,0.15,0,theorem
unproved,research-projects,to_process/main.tex,"The RSVP--Polyxan Universe: A Unified Theory of Meaning, Curvature, and Verification",to_process/chapters/chapter_059.tex,83,87387,13,0.15,0,theorem
unproved,research-projects,to_process/main.tex,"The RSVP--Polyxan Universe: A Unified Theory of Meaning, Curvature, and Verification",to_process/chapters/chapter_059.tex,100,87387,13,0.15,0,theorem
unproved,research-projects,to_process/main.tex,"The RSVP--Polyxan Universe: A Unified Theory of Meaning, Curvature, and Verification",to_process/chapters/chapter_059.tex,129,87387,13,0.15,0,theorem
unproved,research-projects,to_process/main.tex,"The RSVP--Polyxan Universe: A Unified Theory of Meaning, Curvature, and Verification",to_process/chapters/chapter_059.tex,151,87387,13,0.15,0,theorem
unproved,research-projects,to_process/main.tex,"The RSVP--Polyxan Universe: A Unified Theory of Meaning, Curvature, and Verification",to_process/chapters/chapter_059.tex,164,87387,13,0.15,0,theorem
unproved,research-projects,to_process/main.tex,"The RSVP--Polyxan Universe: A Unified Theory of Meaning, Curvature, and Verification",to_process/chapters/chapter_059.tex,179,87387,13,0.15,0,corollary
unproved,research-projects,to_process/main.tex,"The RSVP--Polyxan Universe: A Unified Theory of Meaning, Curvature, and Verification",to_process/chapters/chapter_060.tex,69,87387,13,0.15,0,theorem
unproved,research-projects,to_process/main.tex,"The RSVP--Polyxan Universe: A Unified Theory of Meaning, Curvature, and Verification",to_process/chapters/chapter_060.tex,85,87387,13,0.15,0,theorem
unproved,research-projects,to_process/main.tex,"The RSVP--Polyxan Universe: A Unified Theory of Meaning, Curvature, and Verification",to_process/chapters/chapter_060.tex,106,87387,13,0.15,0,theorem
unproved,research-projects,to_process/main.tex,"The RSVP--Polyxan Universe: A Unified Theory of Meaning, Curvature, and Verification",to_process/chapters/chapter_060.tex,129,87387,13,0.15,0,theorem
unproved,research-projects,to_process/main.tex,"The RSVP--Polyxan Universe: A Unified Theory of Meaning, Curvature, and Verification",to_process/chapters/chapter_060.tex,144,87387,13,0.15,0,theorem
unproved,research-projects,to_process/main.tex,"The RSVP--Polyxan Universe: A Unified Theory of Meaning, Curvature, and Verification",to_process/chapters/chapter_060.tex,155,87387,13,0.15,0,theorem
unproved,research-projects,to_process/main.tex,"The RSVP--Polyxan Universe: A Unified Theory of Meaning, Curvature, and Verification",to_process/chapters/chapter_060.tex,160,87387,13,0.15,0,corollary
unproved,research-projects,to_process/main.tex,"The RSVP--Polyxan Universe: A Unified Theory of Meaning, Curvature, and Verification",to_process/chapters/chapter_060.tex,170,87387,13,0.15,0,theorem
unproved,research-projects,to_process/main.tex,"The RSVP--Polyxan Universe: A Unified Theory of Meaning, Curvature, and Verification",to_process/chapters/chapter_066.tex,587,87387,13,0.15,0,theorem
unproved,research-projects,to_process/main.tex,"The RSVP--Polyxan Universe: A Unified Theory of Meaning, Curvature, and Verification",to_process/chapters/chapter_079.tex,416,87387,13,0.15,0,corollary
unproved,research-projects,to_process/main.tex,"The RSVP--Polyxan Universe: A Unified Theory of Meaning, Curvature, and Verification",to_process/chapters/chapter_079.tex,433,87387,13,0.15,0,corollary
unproved,research-projects,to_process/main.tex,"The RSVP--Polyxan Universe: A Unified Theory of Meaning, Curvature, and Verification",to_process/chapters/chapter_079.tex,603,87387,13,0.15,0,corollary
unproved,research-projects,to_process/main.tex,"The RSVP--Polyxan Universe: A Unified Theory of Meaning, Curvature, and Verification",to_process/chapters/chapter_079.tex,608,87387,13,0.15,0,corollary
unproved,research-projects,to_process/main.tex,"The RSVP--Polyxan Universe: A Unified Theory of Meaning, Curvature, and Verification",to_process/chapters/chapter_079.tex,932,87387,13,0.15,0,corollary
unproved,research-projects,to_process/main.tex,"The RSVP--Polyxan Universe: A Unified Theory of Meaning, Curvature, and Verification",to_process/chapters/chapter_079.tex,939,87387,13,0.15,0,corollary
unproved,research-projects,to_process/main.tex,"The RSVP--Polyxan Universe: A Unified Theory of Meaning, Curvature, and Verification",to_process/chapters/chapter_079.tex,945,87387,13,0.15,0,corollary
unproved,research-projects,to_process/main.tex,"The RSVP--Polyxan Universe: A Unified Theory of Meaning, Curvature, and Verification",to_process/chapters/chapter_091.tex,93,87387,13,0.15,0,theorem
unproved,research-projects,to_process/main.tex,"The RSVP--Polyxan Universe: A Unified Theory of Meaning, Curvature, and Verification",to_process/chapters/chapter_091.tex,125,87387,13,0.15,0,theorem
unproved,research-projects,to_process/main.tex,"The RSVP--Polyxan Universe: A Unified Theory of Meaning, Curvature, and Verification",to_process/chapters/chapter_091.tex,205,87387,13,0.15,0,theorem
unproved,research-projects,to_process/main.tex,"The RSVP--Polyxan Universe: A Unified Theory of Meaning, Curvature, and Verification",to_process/chapters/chapter_092.tex,194,87387,13,0.15,0,theorem
unproved,research-projects,to_process/main.tex,"The RSVP--Polyxan Universe: A Unified Theory of Meaning, Curvature, and Verification",to_process/chapters/chapter_093.tex,108,87387,13,0.15,0,theorem
unproved,research-projects,to_process/main.tex,"The RSVP--Polyxan Universe: A Unified Theory of Meaning, Curvature, and Verification",to_process/chapters/chapter_093.tex,136,87387,13,0.15,0,theorem
unproved,research-projects,to_process/main.tex,"The RSVP--Polyxan Universe: A Unified Theory of Meaning, Curvature, and Verification",to_process/chapters/chapter_093.tex,157,87387,13,0.15,0,theorem
unproved,research-projects,to_process/main.tex,"The RSVP--Polyxan Universe: A Unified Theory of Meaning, Curvature, and Verification",to_process/chapters/chapter_093.tex,173,87387,13,0.15,0,theorem
unproved,research-projects,to_process/main.tex,"The RSVP--Polyxan Universe: A Unified Theory of Meaning, Curvature, and Verification",to_process/chapters/chapter_094.tex,78,87387,13,0.15,0,theorem
unproved,research-projects,to_process/main.tex,"The RSVP--Polyxan Universe: A Unified Theory of Meaning, Curvature, and Verification",to_process/chapters/chapter_094.tex,108,87387,13,0.15,0,theorem
unproved,research-projects,to_process/main.tex,"The RSVP--Polyxan Universe: A Unified Theory of Meaning, Curvature, and Verification",to_process/chapters/chapter_094.tex,152,87387,13,0.15,0,theorem
unproved,research-projects,to_process/main.tex,"The RSVP--Polyxan Universe: A Unified Theory of Meaning, Curvature, and Verification",to_process/chapters/chapter_094.tex,168,87387,13,0.15,0,theorem
unproved,research-projects,to_process/main.tex,"The RSVP--Polyxan Universe: A Unified Theory of Meaning, Curvature, and Verification",to_process/chapters/chapter_096.tex,172,87387,13,0.15,0,corollary
unproved,research-projects,to_process/main.tex,"The RSVP--Polyxan Universe: A Unified Theory of Meaning, Curvature, and Verification",to_process/chapters/chapter_096.tex,177,87387,13,0.15,0,corollary
unproved,research-projects,to_process/main.tex,"The RSVP--Polyxan Universe: A Unified Theory of Meaning, Curvature, and Verification",to_process/chapters/chapter_098.tex,362,87387,13,0.15,0,proposition
unproved,research-projects,to_process/main.tex,"The RSVP--Polyxan Universe: A Unified Theory of Meaning, Curvature, and Verification",to_process/chapters/chapter_098.tex,373,87387,13,0.15,0,proposition
unproved,research-projects,to_process/main.tex,"The RSVP--Polyxan Universe: A Unified Theory of Meaning, Curvature, and Verification",to_process/chapters/chapter_098.tex,384,87387,13,0.15,0,proposition
unproved,research-projects,to_process/main.tex,"The RSVP--Polyxan Universe: A Unified Theory of Meaning, Curvature, and Verification",to_process/chapters/chapter_098.tex,405,87387,13,0.15,0,theorem
unproved,research-projects,to_process/main.tex,"The RSVP--Polyxan Universe: A Unified Theory of Meaning, Curvature, and Verification",to_process/chapters/chapter_098.tex,475,87387,13,0.15,0,theorem
unproved,research-projects,to_process/main.tex,"The RSVP--Polyxan Universe: A Unified Theory of Meaning, Curvature, and Verification",to_process/chapters/chapter_098.tex,561,87387,13,0.15,0,theorem
unproved,research-projects,to_process/main.tex,"The RSVP--Polyxan Universe: A Unified Theory of Meaning, Curvature, and Verification",to_process/chapters/chapter_098.tex,582,87387,13,0.15,0,theorem
unproved,research-projects,to_process/main.tex,"The RSVP--Polyxan Universe: A Unified Theory of Meaning, Curvature, and Verification",to_process/chapters/chapter_098.tex,714,87387,13,0.15,0,theorem
unproved,research-projects,to_process/main.tex,"The RSVP--Polyxan Universe: A Unified Theory of Meaning, Curvature, and Verification",to_process/chapters/chapter_098.tex,724,87387,13,0.15,0,theorem
unproved,research-projects,to_process/main.tex,"The RSVP--Polyxan Universe: A Unified Theory of Meaning, Curvature, and Verification",to_process/chapters/chapter_098.tex,734,87387,13,0.15,0,theorem
unproved,research-projects,to_process/main.tex,"The RSVP--Polyxan Universe: A Unified Theory of Meaning, Curvature, and Verification",to_process/chapters/chapter_098.tex,749,87387,13,0.15,0,theorem
unproved,research-projects,to_process/main.tex,"The RSVP--Polyxan Universe: A Unified Theory of Meaning, Curvature, and Verification",to_process/chapters/chapter_098.tex,768,87387,13,0.15,0,theorem
unproved,research-projects,to_process/main.tex,"The RSVP--Polyxan Universe: A Unified Theory of Meaning, Curvature, and Verification",to_process/chapters/chapter_098.tex,831,87387,13,0.15,0,theorem
unproved,research-projects,to_process/main.tex,"The RSVP--Polyxan Universe: A Unified Theory of Meaning, Curvature, and Verification",to_process/chapters/chapter_098.tex,927,87387,13,0.15,0,theorem
unproved,research-projects,to_process/main.tex,"The RSVP--Polyxan Universe: A Unified Theory of Meaning, Curvature, and Verification",to_process/chapters/chapter_100.tex,143,87387,13,0.15,0,theorem
unproved,research-projects,to_process/main.tex,"The RSVP--Polyxan Universe: A Unified Theory of Meaning, Curvature, and Verification",to_process/appendices/appendix_C.tex,10,87387,13,0.15,0,proposition
unproved,research-projects,to_process/main.tex,"The RSVP--Polyxan Universe: A Unified Theory of Meaning, Curvature, and Verification",to_process/appendices/appendix_C.tex,28,87387,13,0.15,0,proposition
unproved,research-projects,to_process/main.tex,"The RSVP--Polyxan Universe: A Unified Theory of Meaning, Curvature, and Verification",to_process/appendices/appendix_C.tex,41,87387,13,0.15,0,corollary
unproved,research-projects,to_process/main.tex,"The RSVP--Polyxan Universe: A Unified Theory of Meaning, Curvature, and Verification",to_process/appendices/appendix_C.tex,56,87387,13,0.15,0,proposition
unproved,research-projects,to_process/main.tex,"The RSVP--Polyxan Universe: A Unified Theory of Meaning, Curvature, and Verification",to_process/appendices/appendix_C.tex,70,87387,13,0.15,0,proposition
unproved,research-projects,to_process/main.tex,"The RSVP--Polyxan Universe: A Unified Theory of Meaning, Curvature, and Verification",to_process/appendices/appendix_C.tex,85,87387,13,0.15,0,proposition
unproved,research-projects,to_process/main.tex,"The RSVP--Polyxan Universe: A Unified Theory of Meaning, Curvature, and Verification",to_process/appendices/appendix_C.tex,95,87387,13,0.15,0,proposition
unproved,research-projects,to_process/main.tex,"The RSVP--Polyxan Universe: A Unified Theory of Meaning, Curvature, and Verification",to_process/appendices/appendix_C.tex,105,87387,13,0.15,0,proposition
unproved,research-projects,to_process/main.tex,"The RSVP--Polyxan Universe: A Unified Theory of Meaning, Curvature, and Verification",to_process/appendices/appendix_C.tex,119,87387,13,0.15,0,proposition
unproved,research-projects,to_process/main.tex,"The RSVP--Polyxan Universe: A Unified Theory of Meaning, Curvature, and Verification",to_process/appendices/appendix_C.tex,133,87387,13,0.15,0,proposition
unproved,research-projects,to_process/main.tex,"The RSVP--Polyxan Universe: A Unified Theory of Meaning, Curvature, and Verification",to_process/appendices/appendix_C.tex,148,87387,13,0.15,0,proposition
unproved,research-projects,to_process/main.tex,"The RSVP--Polyxan Universe: A Unified Theory of Meaning, Curvature, and Verification",to_process/appendices/appendix_C.tex,158,87387,13,0.15,0,proposition
unproved,research-projects,to_process/main.tex,"The RSVP--Polyxan Universe: A Unified Theory of Meaning, Curvature, and Verification",to_process/appendices/appendix_C.tex,171,87387,13,0.15,0,proposition
unproved,research-projects,to_process/main.tex,"The RSVP--Polyxan Universe: A Unified Theory of Meaning, Curvature, and Verification",to_process/appendices/appendix_C.tex,181,87387,13,0.15,0,proposition
unproved,research-projects,to_process/main.tex,"The RSVP--Polyxan Universe: A Unified Theory of Meaning, Curvature, and Verification",to_process/appendices/appendix_C.tex,187,87387,13,0.15,0,theorem
unproved,research-projects,to_process/main.tex,"The RSVP--Polyxan Universe: A Unified Theory of Meaning, Curvature, and Verification",to_process/appendices/appendix_C.tex,196,87387,13,0.15,0,corollary
unproved,research-projects,to_process/main.tex,"The RSVP--Polyxan Universe: A Unified Theory of Meaning, Curvature, and Verification",to_process/appendices/appendix_D.tex,15,87387,13,0.15,0,proposition
unproved,research-projects,to_process/main.tex,"The RSVP--Polyxan Universe: A Unified Theory of Meaning, Curvature, and Verification",to_process/appendices/appendix_D.tex,28,87387,13,0.15,0,corollary
unproved,research-projects,to_process/main.tex,"The RSVP--Polyxan Universe: A Unified Theory of Meaning, Curvature, and Verification",to_process/appendices/appendix_D.tex,38,87387,13,0.15,0,proposition
unproved,research-projects,to_process/main.tex,"The RSVP--Polyxan Universe: A Unified Theory of Meaning, Curvature, and Verification",to_process/appendices/appendix_D.tex,54,87387,13,0.15,0,proposition
unproved,research-projects,to_process/main.tex,"The RSVP--Polyxan Universe: A Unified Theory of Meaning, Curvature, and Verification",to_process/appendices/appendix_D.tex,68,87387,13,0.15,0,proposition
unproved,research-projects,to_process/main.tex,"The RSVP--Polyxan Universe: A Unified Theory of Meaning, Curvature, and Verification",to_process/appendices/appendix_D.tex,85,87387,13,0.15,0,proposition
unproved,research-projects,to_process/main.tex,"The RSVP--Polyxan Universe: A Unified Theory of Meaning, Curvature, and Verification",to_process/appendices/appendix_D.tex,138,87387,13,0.15,0,proposition
unproved,research-projects,to_process/main.tex,"The RSVP--Polyxan Universe: A Unified Theory of Meaning, Curvature, and Verification",to_process/appendices/appendix_D.tex,165,87387,13,0.15,0,proposition
unproved,research-projects,to_process/main.tex,"The RSVP--Polyxan Universe: A Unified Theory of Meaning, Curvature, and Verification",to_process/appendices/appendix_D.tex,194,87387,13,0.15,0,proposition
unproved,research-projects,to_process/main.tex,"The RSVP--Polyxan Universe: A Unified Theory of Meaning, Curvature, and Verification",to_process/appendices/appendix_D.tex,204,87387,13,0.15,0,proposition
unproved,research-projects,to_process/main.tex,"The RSVP--Polyxan Universe: A Unified Theory of Meaning, Curvature, and Verification",to_process/appendices/appendix_D.tex,218,87387,13,0.15,0,proposition
unproved,research-projects,to_process/main.tex,"The RSVP--Polyxan Universe: A Unified Theory of Meaning, Curvature, and Verification",to_process/appendices/appendix_D.tex,224,87387,13,0.15,0,proposition
unproved,research-projects,to_process/main.tex,"The RSVP--Polyxan Universe: A Unified Theory of Meaning, Curvature, and Verification",to_process/appendices/appendix_D.tex,234,87387,13,0.15,0,proposition
unproved,research-projects,to_process/main.tex,"The RSVP--Polyxan Universe: A Unified Theory of Meaning, Curvature, and Verification",to_process/appendices/appendix_D.tex,253,87387,13,0.15,0,proposition
unproved,research-projects,to_process/main.tex,"The RSVP--Polyxan Universe: A Unified Theory of Meaning, Curvature, and Verification",to_process/appendices/appendix_D.tex,266,87387,13,0.15,0,proposition
unproved,research-projects,to_process/main.tex,"The RSVP--Polyxan Universe: A Unified Theory of Meaning, Curvature, and Verification",to_process/appendices/appendix_D.tex,272,87387,13,0.15,0,proposition
unproved,research-projects,to_process/main.tex,"The RSVP--Polyxan Universe: A Unified Theory of Meaning, Curvature, and Verification",to_process/appendices/appendix_E.tex,24,87387,13,0.15,0,proposition
unproved,research-projects,to_process/main.tex,"The RSVP--Polyxan Universe: A Unified Theory of Meaning, Curvature, and Verification",to_process/appendices/appendix_E.tex,145,87387,13,0.15,0,proposition
unproved,research-projects,to_process/main.tex,"The RSVP--Polyxan Universe: A Unified Theory of Meaning, Curvature, and Verification",to_process/appendices/appendix_E.tex,162,87387,13,0.15,0,proposition
unproved,research-projects,to_process/main.tex,"The RSVP--Polyxan Universe: A Unified Theory of Meaning, Curvature, and Verification",to_process/appendices/appendix_E.tex,174,87387,13,0.15,0,proposition
unproved,research-projects,to_process/main.tex,"The RSVP--Polyxan Universe: A Unified Theory of Meaning, Curvature, and Verification",to_process/appendices/appendix_E.tex,187,87387,13,0.15,0,proposition
unproved,research-projects,to_process/main.tex,"The RSVP--Polyxan Universe: A Unified Theory of Meaning, Curvature, and Verification",to_process/appendices/appendix_E.tex,227,87387,13,0.15,0,proposition
unproved,research-projects,to_process/main.tex,"The RSVP--Polyxan Universe: A Unified Theory of Meaning, Curvature, and Verification",to_process/appendices/appendix_E.tex,237,87387,13,0.15,0,proposition
unproved,research-projects,to_process/main.tex,"The RSVP--Polyxan Universe: A Unified Theory of Meaning, Curvature, and Verification",to_process/appendices/appendix_E.tex,263,87387,13,0.15,0,proposition
unproved,research-projects,to_process/main.tex,"The RSVP--Polyxan Universe: A Unified Theory of Meaning, Curvature, and Verification",to_process/appendices/appendix_F.tex,98,87387,13,0.15,0,proposition
unproved,research-projects,to_process/main.tex,"The RSVP--Polyxan Universe: A Unified Theory of Meaning, Curvature, and Verification",to_process/appendices/appendix_F.tex,140,87387,13,0.15,0,proposition
unproved,research-projects,to_process/main.tex,"The RSVP--Polyxan Universe: A Unified Theory of Meaning, Curvature, and Verification",to_process/appendices/appendix_F.tex,193,87387,13,0.15,0,proposition
unproved,research-projects,to_process/main.tex,"The RSVP--Polyxan Universe: A Unified Theory of Meaning, Curvature, and Verification",to_process/appendices/appendix_F.tex,214,87387,13,0.15,0,proposition
unproved,research-projects,to_process/main.tex,"The RSVP--Polyxan Universe: A Unified Theory of Meaning, Curvature, and Verification",to_process/appendices/appendix_L.tex,16,87387,13,0.15,0,theorem
unproved,research-projects,to_process/main.tex,"The RSVP--Polyxan Universe: A Unified Theory of Meaning, Curvature, and Verification",to_process/appendices/appendix_Y.tex,213,87387,13,0.15,0,theorem
unproved,alphabet,Coherence Before Engagement.tex,Coherence Before Engagement: An Architecture for Persistent Meaning in Digital Systems,Coherence Before Engagement.tex,920,9896,0,0.0,28,proposition
unproved,alphabet,Coherence Before Engagement.tex,Coherence Before Engagement: An Architecture for Persistent Meaning in Digital Systems,Coherence Before Engagement.tex,1550,9896,0,0.0,28,corollary
unproved,alphabet,Coherence Before Engagement.tex,Coherence Before Engagement: An Architecture for Persistent Meaning in Digital Systems,Coherence Before Engagement.tex,1554,9896,0,0.0,28,corollary
unproved,alphabet,Coherence Before Engagement.tex,Coherence Before Engagement: An Architecture for Persistent Meaning in Digital Systems,Coherence Before Engagement.tex,1700,9896,0,0.0,28,theorem
unproved,alphabet,Coherence Before Engagement.tex,Coherence Before Engagement: An Architecture for Persistent Meaning in Digital Systems,Coherence Before Engagement.tex,1706,9896,0,0.0,28,corollary
unproved,alphabet,Coherence Before Engagement.tex,Coherence Before Engagement: An Architecture for Persistent Meaning in Digital Systems,Coherence Before Engagement.tex,1710,9896,0,0.0,28,corollary
unproved,alphabet,Coherence Before Engagement.tex,Coherence Before Engagement: An Architecture for Persistent Meaning in Digital Systems,Coherence Before Engagement.tex,1838,9896,0,0.0,28,proposition
unproved,alphabet,Coherence Before Engagement.tex,Coherence Before Engagement: An Architecture for Persistent Meaning in Digital Systems,Coherence Before Engagement.tex,1854,9896,0,0.0,28,theorem
unproved,alphabet,Coherence Before Engagement.tex,Coherence Before Engagement: An Architecture for Persistent Meaning in Digital Systems,Coherence Before Engagement.tex,1863,9896,0,0.0,28,corollary
unproved,alphabet,Coherence Before Engagement.tex,Coherence Before Engagement: An Architecture for Persistent Meaning in Digital Systems,Coherence Before Engagement.tex,1867,9896,0,0.0,28,corollary
unproved,alphabet,Coherence Before Engagement.tex,Coherence Before Engagement: An Architecture for Persistent Meaning in Digital Systems,Coherence Before Engagement.tex,2031,9896,0,0.0,28,corollary
unproved,alphabet,Coherence Before Engagement.tex,Coherence Before Engagement: An Architecture for Persistent Meaning in Digital Systems,Coherence Before Engagement.tex,2035,9896,0,0.0,28,corollary
unproved,alphabet,Coherence Before Engagement.tex,Coherence Before Engagement: An Architecture for Persistent Meaning in Digital Systems,Coherence Before Engagement.tex,2185,9896,0,0.0,28,theorem
unproved,alphabet,Coherence Before Engagement.tex,Coherence Before Engagement: An Architecture for Persistent Meaning in Digital Systems,Coherence Before Engagement.tex,2201,9896,0,0.0,28,theorem
unproved,alphabet,Coherence Before Engagement.tex,Coherence Before Engagement: An Architecture for Persistent Meaning in Digital Systems,Coherence Before Engagement.tex,2208,9896,0,0.0,28,corollary
unproved,alphabet,Coherence Before Engagement.tex,Coherence Before Engagement: An Architecture for Persistent Meaning in Digital Systems,Coherence Before Engagement.tex,2212,9896,0,0.0,28,corollary
unproved,alphabet,Coherence Before Engagement.tex,Coherence Before Engagement: An Architecture for Persistent Meaning in Digital Systems,Coherence Before Engagement.tex,2398,9896,0,0.0,28,theorem
unproved,alphabet,Coherence Before Engagement.tex,Coherence Before Engagement: An Architecture for Persistent Meaning in Digital Systems,Coherence Before Engagement.tex,2405,9896,0,0.0,28,corollary
unproved,alphabet,Coherence Before Engagement.tex,Coherence Before Engagement: An Architecture for Persistent Meaning in Digital Systems,Coherence Before Engagement.tex,2421,9896,0,0.0,28,theorem
unproved,alphabet,Coherence Before Engagement.tex,Coherence Before Engagement: An Architecture for Persistent Meaning in Digital Systems,Coherence Before Engagement.tex,2669,9896,0,0.0,28,corollary
unproved,alphabet,Coherence Before Engagement.tex,Coherence Before Engagement: An Architecture for Persistent Meaning in Digital Systems,Coherence Before Engagement.tex,2673,9896,0,0.0,28,corollary
unproved,calculus,Calculus - diagrams.tex,Calculus - diagrams.tex,Calculus - diagrams.tex,483,6474,1,0.15,33,theorem
unproved,calculus,Calculus - diagrams.tex,Calculus - diagrams.tex,Calculus - diagrams.tex,642,6474,1,0.15,33,theorem
unproved,calculus,Calculus - diagrams.tex,Calculus - diagrams.tex,Calculus - diagrams.tex,685,6474,1,0.15,33,theorem
unproved,calculus,Calculus - diagrams.tex,Calculus - diagrams.tex,Calculus - diagrams.tex,860,6474,1,0.15,33,theorem
unproved,calculus,Calculus - diagrams.tex,Calculus - diagrams.tex,Calculus - diagrams.tex,1032,6474,1,0.15,33,theorem
unproved,calculus,Calculus - diagrams.tex,Calculus - diagrams.tex,Calculus - diagrams.tex,1146,6474,1,0.15,33,theorem
unproved,calculus,Calculus - diagrams.tex,Calculus - diagrams.tex,Calculus - diagrams.tex,1155,6474,1,0.15,33,theorem
unproved,calculus,Calculus - diagrams.tex,Calculus - diagrams.tex,Calculus - diagrams.tex,1218,6474,1,0.15,33,theorem
unproved,calculus,Calculus - diagrams.tex,Calculus - diagrams.tex,Calculus - diagrams.tex,1237,6474,1,0.15,33,theorem
unproved,calculus,Calculus - diagrams.tex,Calculus - diagrams.tex,Calculus - diagrams.tex,1303,6474,1,0.15,33,theorem
unproved,calculus,Calculus - diagrams.tex,Calculus - diagrams.tex,Calculus - diagrams.tex,1328,6474,1,0.15,33,theorem
unproved,calculus,Calculus - diagrams.tex,Calculus - diagrams.tex,Calculus - diagrams.tex,1341,6474,1,0.15,33,theorem
unproved,calculus,Calculus - diagrams.tex,Calculus - diagrams.tex,Calculus - diagrams.tex,1381,6474,1,0.15,33,theorem
unproved,calculus,Calculus - diagrams.tex,Calculus - diagrams.tex,Calculus - diagrams.tex,1964,6474,1,0.15,33,theorem
unproved,calculus,Calculus - diagrams.tex,Calculus - diagrams.tex,Calculus - diagrams.tex,2548,6474,1,0.15,33,theorem
unproved,cosmology,working/resource-geometry.tex,"Computation, Constraint, and Resource Geometry in the Flash--Reluctance Engine",working/resource-geometry.tex,1043,5495,0,0.0,39,theorem
unproved,research-projects,categorical-structure-of-alignment-v1.tex,"The Categorical Structure of Alignment:\ Representation, Motivation, and the Preservation of Normat…",categorical-structure-of-alignment-v1.tex,1565,12103,161,13.3,30,theorem
unproved,spherepop,Spherepop-OS.tex,Spherepop OS: A Deterministic Semantic Operating System\ Formal Specification and Architectural Rat…,Spherepop-OS.tex,223,2026,0,0.0,0,proposition
unproved,spherepop,Spherepop-OS.tex,Spherepop OS: A Deterministic Semantic Operating System\ Formal Specification and Architectural Rat…,Spherepop-OS.tex,227,2026,0,0.0,0,proposition
unproved,spherepop,Spherepop-OS.tex,Spherepop OS: A Deterministic Semantic Operating System\ Formal Specification and Architectural Rat…,Spherepop-OS.tex,298,2026,0,0.0,0,corollary
unproved,spherepop,Spherepop-OS.tex,Spherepop OS: A Deterministic Semantic Operating System\ Formal Specification and Architectural Rat…,Spherepop-OS.tex,302,2026,0,0.0,0,corollary
unproved,spherepop,Spherepop-OS.tex,Spherepop OS: A Deterministic Semantic Operating System\ Formal Specification and Architectural Rat…,Spherepop-OS.tex,327,2026,0,0.0,0,proposition
unproved,spherepop,Spherepop-OS.tex,Spherepop OS: A Deterministic Semantic Operating System\ Formal Specification and Architectural Rat…,Spherepop-OS.tex,340,2026,0,0.0,0,corollary
unproved,spherepop,Spherepop-OS.tex,Spherepop OS: A Deterministic Semantic Operating System\ Formal Specification and Architectural Rat…,Spherepop-OS.tex,369,2026,0,0.0,0,proposition
unproved,spherepop,spherepop-foundations.tex,Spherepop Calculus and Amplitwistor Computation: A Geometric--Thermodynamic Foundation for AI,spherepop-foundations.tex,387,6664,1,0.15,7,theorem
unproved,spherepop,spherepop-foundations.tex,Spherepop Calculus and Amplitwistor Computation: A Geometric--Thermodynamic Foundation for AI,spherepop-foundations.tex,653,6664,1,0.15,7,proposition
unproved,spherepop,spherepop-foundations.tex,Spherepop Calculus and Amplitwistor Computation: A Geometric--Thermodynamic Foundation for AI,spherepop-foundations.tex,949,6664,1,0.15,7,proposition
unproved,spherepop,spherepop-foundations.tex,Spherepop Calculus and Amplitwistor Computation: A Geometric--Thermodynamic Foundation for AI,spherepop-foundations.tex,972,6664,1,0.15,7,theorem
unproved,spherepop,spherepop-foundations.tex,Spherepop Calculus and Amplitwistor Computation: A Geometric--Thermodynamic Foundation for AI,spherepop-foundations.tex,1000,6664,1,0.15,7,corollary
unproved,spherepop,spherepop-foundations.tex,Spherepop Calculus and Amplitwistor Computation: A Geometric--Thermodynamic Foundation for AI,spherepop-foundations.tex,1018,6664,1,0.15,7,proposition
unproved,research-projects,epistemology/spherepop/Replay-and-Invariance.tex,Replay and Invariance: Toward a Structural Geometry of Semantic Systems,epistemology/spherepop/Replay-and-Invariance.tex,77,1680,0,0.0,0,proposition
unproved,research-projects,epistemology/spherepop/Replay-and-Invariance.tex,Replay and Invariance: Toward a Structural Geometry of Semantic Systems,epistemology/spherepop/Replay-and-Invariance.tex,95,1680,0,0.0,0,proposition
unproved,research-projects,epistemology/spherepop/Replay-and-Invariance.tex,Replay and Invariance: Toward a Structural Geometry of Semantic Systems,epistemology/spherepop/Replay-and-Invariance.tex,101,1680,0,0.0,0,corollary
unproved,research-projects,epistemology/spherepop/Replay-and-Invariance.tex,Replay and Invariance: Toward a Structural Geometry of Semantic Systems,epistemology/spherepop/Replay-and-Invariance.tex,125,1680,0,0.0,0,proposition
unproved,research-projects,epistemology/spherepop/Replay-and-Invariance.tex,Replay and Invariance: Toward a Structural Geometry of Semantic Systems,epistemology/spherepop/Replay-and-Invariance.tex,153,1680,0,0.0,0,proposition
unproved,research-projects,epistemology/spherepop/Replay-and-Invariance.tex,Replay and Invariance: Toward a Structural Geometry of Semantic Systems,epistemology/spherepop/Replay-and-Invariance.tex,234,1680,0,0.0,0,proposition
unproved,research-projects,epistemology/spherepop/Replay-and-Invariance.tex,Replay and Invariance: Toward a Structural Geometry of Semantic Systems,epistemology/spherepop/Replay-and-Invariance.tex,251,1680,0,0.0,0,proposition
unproved,research-projects,epistemology/spherepop/Replay-and-Invariance.tex,Replay and Invariance: Toward a Structural Geometry of Semantic Systems,epistemology/spherepop/Replay-and-Invariance.tex,255,1680,0,0.0,0,corollary
unproved,research-projects,epistemology/spherepop/Replay-and-Invariance.tex,Replay and Invariance: Toward a Structural Geometry of Semantic Systems,epistemology/spherepop/Replay-and-Invariance.tex,303,1680,0,0.0,0,proposition
unproved,research-projects,epistemology/spherepop/Replay-and-Invariance.tex,Replay and Invariance: Toward a Structural Geometry of Semantic Systems,epistemology/spherepop/Replay-and-Invariance.tex,317,1680,0,0.0,0,proposition
unproved,research-projects,epistemology/spherepop/Replay-and-Invariance.tex,Replay and Invariance: Toward a Structural Geometry of Semantic Systems,epistemology/spherepop/Replay-and-Invariance.tex,321,1680,0,0.0,0,corollary
unproved,guardrails,processing/amplitwist_paper-v2.tex,"Amplitwist Cascades, Biological Priors, [0.3ex] and the Geometry of Cognitive Transformation",processing/amplitwist_paper-v2.tex,336,6470,0,0.0,0,proposition
unproved,guardrails,processing/amplitwist_paper-v2.tex,"Amplitwist Cascades, Biological Priors, [0.3ex] and the Geometry of Cognitive Transformation",processing/amplitwist_paper-v2.tex,906,6470,0,0.0,0,proposition
unproved,guardrails,processing/amplitwist_paper-v2.tex,"Amplitwist Cascades, Biological Priors, [0.3ex] and the Geometry of Cognitive Transformation",processing/amplitwist_paper-v2.tex,960,6470,0,0.0,0,theorem
unproved,guardrails,processing/amplitwist_paper-v2.tex,"Amplitwist Cascades, Biological Priors, [0.3ex] and the Geometry of Cognitive Transformation",processing/amplitwist_paper-v2.tex,976,6470,0,0.0,0,theorem
unproved,guardrails,processing/amplitwist_paper-v2.tex,"Amplitwist Cascades, Biological Priors, [0.3ex] and the Geometry of Cognitive Transformation",processing/amplitwist_paper-v2.tex,1392,6470,0,0.0,0,proposition
unproved,guardrails,processing/amplitwist_paper-v2.tex,"Amplitwist Cascades, Biological Priors, [0.3ex] and the Geometry of Cognitive Transformation",processing/amplitwist_paper-v2.tex,1408,6470,0,0.0,0,theorem
unproved,guardrails,processing/amplitwist_paper-v2.tex,"Amplitwist Cascades, Biological Priors, [0.3ex] and the Geometry of Cognitive Transformation",processing/amplitwist_paper-v2.tex,1427,6470,0,0.0,0,proposition
unproved,kitbash,research/psychology/draft-02/emotions.tex,From Catharsis to Geometric Bayesianism: RSVP and the Demise of the Hydraulic Model of Emotion,research/psychology/draft-02/emotions.tex,88,1946,13,6.68,17,proposition
unproved,kitbash,research/psychology/draft-02/emotions.tex,From Catharsis to Geometric Bayesianism: RSVP and the Demise of the Hydraulic Model of Emotion,research/psychology/draft-02/emotions.tex,98,1946,13,6.68,17,lemma
unproved,kitbash,research/psychology/draft-02/emotions.tex,From Catharsis to Geometric Bayesianism: RSVP and the Demise of the Hydraulic Model of Emotion,research/psychology/draft-02/emotions.tex,118,1946,13,6.68,17,corollary
unproved,kitbash,research/psychology/draft-02/emotions.tex,From Catharsis to Geometric Bayesianism: RSVP and the Demise of the Hydraulic Model of Emotion,research/psychology/draft-02/emotions.tex,136,1946,13,6.68,17,lemma
unproved,kitbash,research/psychology/draft-02/emotions.tex,From Catharsis to Geometric Bayesianism: RSVP and the Demise of the Hydraulic Model of Emotion,research/psychology/draft-02/emotions.tex,146,1946,13,6.68,17,corollary
unproved,kitbash,operations/essay-01/monograph.tex,From RSVP Field Dynamics to TAG Multi-Agent Hierarchies,operations/essay-01/monograph.tex,282,3490,46,13.18,31,proposition
unproved,kitbash,operations/essay-01/monograph.tex,From RSVP Field Dynamics to TAG Multi-Agent Hierarchies,operations/essay-01/monograph.tex,297,3490,46,13.18,31,proposition
unproved,kitbash,operations/essay-01/monograph.tex,From RSVP Field Dynamics to TAG Multi-Agent Hierarchies,operations/essay-01/monograph.tex,315,3490,46,13.18,31,proposition
unproved,kitbash,operations/essay-01/monograph.tex,From RSVP Field Dynamics to TAG Multi-Agent Hierarchies,operations/essay-01/monograph.tex,341,3490,46,13.18,31,proposition
unproved,kitbash,thesis/constraint_closure.tex,"Inference as Constraint Closure: A Variational, Spectral, and Sheaf-Theoretic Framework for Reconst…",thesis/constraint_closure.tex,142,4570,10,2.19,25,theorem
unproved,kitbash,thesis/constraint_closure.tex,"Inference as Constraint Closure: A Variational, Spectral, and Sheaf-Theoretic Framework for Reconst…",thesis/constraint_closure.tex,166,4570,10,2.19,25,proposition
unproved,kitbash,thesis/constraint_closure.tex,"Inference as Constraint Closure: A Variational, Spectral, and Sheaf-Theoretic Framework for Reconst…",thesis/constraint_closure.tex,178,4570,10,2.19,25,proposition
unproved,kitbash,thesis/constraint_closure.tex,"Inference as Constraint Closure: A Variational, Spectral, and Sheaf-Theoretic Framework for Reconst…",thesis/constraint_closure.tex,218,4570,10,2.19,25,proposition
unproved,kitbash,thesis/constraint_closure.tex,"Inference as Constraint Closure: A Variational, Spectral, and Sheaf-Theoretic Framework for Reconst…",thesis/constraint_closure.tex,228,4570,10,2.19,25,proposition
unproved,kitbash,thesis/constraint_closure.tex,"Inference as Constraint Closure: A Variational, Spectral, and Sheaf-Theoretic Framework for Reconst…",thesis/constraint_closure.tex,276,4570,10,2.19,25,proposition
unproved,kitbash,thesis/constraint_closure.tex,"Inference as Constraint Closure: A Variational, Spectral, and Sheaf-Theoretic Framework for Reconst…",thesis/constraint_closure.tex,293,4570,10,2.19,25,proposition
unproved,kitbash,thesis/constraint_closure.tex,"Inference as Constraint Closure: A Variational, Spectral, and Sheaf-Theoretic Framework for Reconst…",thesis/constraint_closure.tex,317,4570,10,2.19,25,proposition
unproved,kitbash,thesis/constraint_closure.tex,"Inference as Constraint Closure: A Variational, Spectral, and Sheaf-Theoretic Framework for Reconst…",thesis/constraint_closure.tex,326,4570,10,2.19,25,proposition
unproved,kitbash,thesis/constraint_closure.tex,"Inference as Constraint Closure: A Variational, Spectral, and Sheaf-Theoretic Framework for Reconst…",thesis/constraint_closure.tex,340,4570,10,2.19,25,proposition
unproved,kitbash,thesis/constraint_closure.tex,"Inference as Constraint Closure: A Variational, Spectral, and Sheaf-Theoretic Framework for Reconst…",thesis/constraint_closure.tex,347,4570,10,2.19,25,proposition
unproved,kitbash,thesis/constraint_closure.tex,"Inference as Constraint Closure: A Variational, Spectral, and Sheaf-Theoretic Framework for Reconst…",thesis/constraint_closure.tex,419,4570,10,2.19,25,proposition
unproved,kitbash,thesis/constraint_closure.tex,"Inference as Constraint Closure: A Variational, Spectral, and Sheaf-Theoretic Framework for Reconst…",thesis/constraint_closure.tex,439,4570,10,2.19,25,proposition
unproved,kitbash,thesis/constraint_closure.tex,"Inference as Constraint Closure: A Variational, Spectral, and Sheaf-Theoretic Framework for Reconst…",thesis/constraint_closure.tex,453,4570,10,2.19,25,proposition
unproved,kitbash,thesis/constraint_closure.tex,"Inference as Constraint Closure: A Variational, Spectral, and Sheaf-Theoretic Framework for Reconst…",thesis/constraint_closure.tex,470,4570,10,2.19,25,proposition
unproved,kitbash,thesis/constraint_closure.tex,"Inference as Constraint Closure: A Variational, Spectral, and Sheaf-Theoretic Framework for Reconst…",thesis/constraint_closure.tex,481,4570,10,2.19,25,proposition
unproved,kitbash,thesis/constraint_closure.tex,"Inference as Constraint Closure: A Variational, Spectral, and Sheaf-Theoretic Framework for Reconst…",thesis/constraint_closure.tex,491,4570,10,2.19,25,proposition
unproved,kitbash,thesis/constraint_closure.tex,"Inference as Constraint Closure: A Variational, Spectral, and Sheaf-Theoretic Framework for Reconst…",thesis/constraint_closure.tex,511,4570,10,2.19,25,proposition
unproved,kitbash,thesis/constraint_closure.tex,"Inference as Constraint Closure: A Variational, Spectral, and Sheaf-Theoretic Framework for Reconst…",thesis/constraint_closure.tex,524,4570,10,2.19,25,theorem
unproved,kitbash,thesis/constraint_closure.tex,"Inference as Constraint Closure: A Variational, Spectral, and Sheaf-Theoretic Framework for Reconst…",thesis/constraint_closure.tex,530,4570,10,2.19,25,proposition
unproved,kitbash,thesis/constraint_closure.tex,"Inference as Constraint Closure: A Variational, Spectral, and Sheaf-Theoretic Framework for Reconst…",thesis/constraint_closure.tex,548,4570,10,2.19,25,theorem
unproved,kitbash,thesis/constraint_closure.tex,"Inference as Constraint Closure: A Variational, Spectral, and Sheaf-Theoretic Framework for Reconst…",thesis/constraint_closure.tex,561,4570,10,2.19,25,proposition
unproved,kitbash,thesis/constraint_closure.tex,"Inference as Constraint Closure: A Variational, Spectral, and Sheaf-Theoretic Framework for Reconst…",thesis/constraint_closure.tex,609,4570,10,2.19,25,proposition
unproved,kitbash,thesis/constraint_closure.tex,"Inference as Constraint Closure: A Variational, Spectral, and Sheaf-Theoretic Framework for Reconst…",thesis/constraint_closure.tex,627,4570,10,2.19,25,proposition
unproved,kitbash,thesis/constraint_closure.tex,"Inference as Constraint Closure: A Variational, Spectral, and Sheaf-Theoretic Framework for Reconst…",thesis/constraint_closure.tex,639,4570,10,2.19,25,proposition
unproved,kitbash,thesis/constraint_closure.tex,"Inference as Constraint Closure: A Variational, Spectral, and Sheaf-Theoretic Framework for Reconst…",thesis/constraint_closure.tex,655,4570,10,2.19,25,proposition
unproved,kitbash,thesis/constraint_closure.tex,"Inference as Constraint Closure: A Variational, Spectral, and Sheaf-Theoretic Framework for Reconst…",thesis/constraint_closure.tex,666,4570,10,2.19,25,proposition
unproved,kitbash,thesis/constraint_closure.tex,"Inference as Constraint Closure: A Variational, Spectral, and Sheaf-Theoretic Framework for Reconst…",thesis/constraint_closure.tex,674,4570,10,2.19,25,proposition
unproved,kitbash,thesis/constraint_closure.tex,"Inference as Constraint Closure: A Variational, Spectral, and Sheaf-Theoretic Framework for Reconst…",thesis/constraint_closure.tex,702,4570,10,2.19,25,theorem
unproved,kitbash,thesis/constraint_closure.tex,"Inference as Constraint Closure: A Variational, Spectral, and Sheaf-Theoretic Framework for Reconst…",thesis/constraint_closure.tex,720,4570,10,2.19,25,proposition
unproved,kitbash,thesis/constraint_closure.tex,"Inference as Constraint Closure: A Variational, Spectral, and Sheaf-Theoretic Framework for Reconst…",thesis/constraint_closure.tex,730,4570,10,2.19,25,proposition
unproved,kitbash,thesis/constraint_closure.tex,"Inference as Constraint Closure: A Variational, Spectral, and Sheaf-Theoretic Framework for Reconst…",thesis/constraint_closure.tex,792,4570,10,2.19,25,proposition
unproved,kitbash,thesis/constraint_closure.tex,"Inference as Constraint Closure: A Variational, Spectral, and Sheaf-Theoretic Framework for Reconst…",thesis/constraint_closure.tex,802,4570,10,2.19,25,proposition
unproved,kitbash,thesis/constraint_closure.tex,"Inference as Constraint Closure: A Variational, Spectral, and Sheaf-Theoretic Framework for Reconst…",thesis/constraint_closure.tex,812,4570,10,2.19,25,proposition
unproved,research-projects,monograph/draft-04.tex,"Takeoff Trajectories in the Stars! RSVP Tech Tree Simulator: Implications for AI Alignment, Civiliz…",monograph/draft-04.tex,121,8915,2,0.22,13,theorem
unproved,research-projects,monograph/draft-04.tex,"Takeoff Trajectories in the Stars! RSVP Tech Tree Simulator: Implications for AI Alignment, Civiliz…",monograph/draft-04.tex,125,8915,2,0.22,13,theorem
unproved,spherepop,textbook/economy-of-forgotten-things.tex,economy-of-forgotten-things.tex,textbook/economy-of-forgotten-things.tex,8181,27328,0,0.0,32,theorem
unproved,spherepop,textbook/economy-of-forgotten-things.tex,economy-of-forgotten-things.tex,textbook/economy-of-forgotten-things.tex,8833,27328,0,0.0,32,theorem
unproved,research-projects,semantic-calculus/EBSSC-draft-01.tex,Entropy-Bounded Sparse Semantic Calculus (EBSSC) A Unified Syntax and Semantics for SpherePOP and L…,semantic-calculus/EBSSC-draft-01.tex,320,11012,111,10.08,62,proposition
unproved,research-projects,semantic-calculus/EBSSC-draft-01.tex,Entropy-Bounded Sparse Semantic Calculus (EBSSC) A Unified Syntax and Semantics for SpherePOP and L…,semantic-calculus/EBSSC-draft-01.tex,597,11012,111,10.08,62,theorem
unproved,research-projects,semantic-calculus/EBSSC-draft-01.tex,Entropy-Bounded Sparse Semantic Calculus (EBSSC) A Unified Syntax and Semantics for SpherePOP and L…,semantic-calculus/EBSSC-draft-01.tex,777,11012,111,10.08,62,theorem
unproved,research-projects,semantic-calculus/EBSSC-draft-01.tex,Entropy-Bounded Sparse Semantic Calculus (EBSSC) A Unified Syntax and Semantics for SpherePOP and L…,semantic-calculus/EBSSC-draft-01.tex,785,11012,111,10.08,62,theorem
unproved,research-projects,semantic-calculus/EBSSC-draft-01.tex,Entropy-Bounded Sparse Semantic Calculus (EBSSC) A Unified Syntax and Semantics for SpherePOP and L…,semantic-calculus/EBSSC-draft-01.tex,789,11012,111,10.08,62,theorem
unproved,research-projects,semantic-calculus/EBSSC-draft-01.tex,Entropy-Bounded Sparse Semantic Calculus (EBSSC) A Unified Syntax and Semantics for SpherePOP and L…,semantic-calculus/EBSSC-draft-01.tex,982,11012,111,10.08,62,theorem
unproved,research-projects,semantic-calculus/EBSSC-draft-01.tex,Entropy-Bounded Sparse Semantic Calculus (EBSSC) A Unified Syntax and Semantics for SpherePOP and L…,semantic-calculus/EBSSC-draft-01.tex,990,11012,111,10.08,62,theorem
unproved,research-projects,semantic-calculus/EBSSC-draft-01.tex,Entropy-Bounded Sparse Semantic Calculus (EBSSC) A Unified Syntax and Semantics for SpherePOP and L…,semantic-calculus/EBSSC-draft-01.tex,994,11012,111,10.08,62,theorem
unproved,research-projects,semantic-calculus/EBSSC-draft-01.tex,Entropy-Bounded Sparse Semantic Calculus (EBSSC) A Unified Syntax and Semantics for SpherePOP and L…,semantic-calculus/EBSSC-draft-01.tex,1065,11012,111,10.08,62,proposition
unproved,research-projects,semantic-calculus/EBSSC-draft-01.tex,Entropy-Bounded Sparse Semantic Calculus (EBSSC) A Unified Syntax and Semantics for SpherePOP and L…,semantic-calculus/EBSSC-draft-01.tex,1104,11012,111,10.08,62,theorem
unproved,research-projects,semantic-calculus/EBSSC-draft-01.tex,Entropy-Bounded Sparse Semantic Calculus (EBSSC) A Unified Syntax and Semantics for SpherePOP and L…,semantic-calculus/EBSSC-draft-01.tex,1108,11012,111,10.08,62,theorem
unproved,research-projects,semantic-calculus/EBSSC-draft-01.tex,Entropy-Bounded Sparse Semantic Calculus (EBSSC) A Unified Syntax and Semantics for SpherePOP and L…,semantic-calculus/EBSSC-draft-01.tex,1152,11012,111,10.08,62,theorem
unproved,research-projects,semantic-calculus/EBSSC-draft-01.tex,Entropy-Bounded Sparse Semantic Calculus (EBSSC) A Unified Syntax and Semantics for SpherePOP and L…,semantic-calculus/EBSSC-draft-01.tex,1273,11012,111,10.08,62,proposition
unproved,research-projects,semantic-calculus/EBSSC-draft-01.tex,Entropy-Bounded Sparse Semantic Calculus (EBSSC) A Unified Syntax and Semantics for SpherePOP and L…,semantic-calculus/EBSSC-draft-01.tex,1294,11012,111,10.08,62,theorem
unproved,research-projects,semantic-calculus/EBSSC-draft-01.tex,Entropy-Bounded Sparse Semantic Calculus (EBSSC) A Unified Syntax and Semantics for SpherePOP and L…,semantic-calculus/EBSSC-draft-01.tex,1332,11012,111,10.08,62,theorem
unproved,research-projects,semantic-calculus/EBSSC-draft-01.tex,Entropy-Bounded Sparse Semantic Calculus (EBSSC) A Unified Syntax and Semantics for SpherePOP and L…,semantic-calculus/EBSSC-draft-01.tex,1478,11012,111,10.08,62,theorem
unproved,research-projects,semantic-calculus/EBSSC-draft-01.tex,Entropy-Bounded Sparse Semantic Calculus (EBSSC) A Unified Syntax and Semantics for SpherePOP and L…,semantic-calculus/EBSSC-draft-01.tex,1510,11012,111,10.08,62,theorem
unproved,research-projects,semantic-calculus/EBSSC-draft-01.tex,Entropy-Bounded Sparse Semantic Calculus (EBSSC) A Unified Syntax and Semantics for SpherePOP and L…,semantic-calculus/EBSSC-draft-01.tex,1914,11012,111,10.08,62,theorem
unproved,research-projects,semantic-calculus/EBSSC-draft-01.tex,Entropy-Bounded Sparse Semantic Calculus (EBSSC) A Unified Syntax and Semantics for SpherePOP and L…,semantic-calculus/EBSSC-draft-01.tex,3266,11012,111,10.08,62,corollary
unproved,research-projects,semantic-calculus/EBSSC-draft-01.tex,Entropy-Bounded Sparse Semantic Calculus (EBSSC) A Unified Syntax and Semantics for SpherePOP and L…,semantic-calculus/EBSSC-draft-01.tex,3274,11012,111,10.08,62,corollary
unproved,gamma-waves,prototypes/entropys_edge.tex,Entropy’s Edge: The RSVP Wars Implementation Specification and Mathematical Supplement,prototypes/entropys_edge.tex,258,3748,0,0.0,0,lemma
unproved,research-projects,interpretability/Causal Mechanistic Interpretability.tex,"Causal Mechanistic Interpretability: From Inspection to Event-Historical Structures, Two-Channel Me…",interpretability/Causal Mechanistic Interpretability.tex,189,9758,0,0.0,0,theorem
unproved,research-projects,interpretability/Causal Mechanistic Interpretability.tex,"Causal Mechanistic Interpretability: From Inspection to Event-Historical Structures, Two-Channel Me…",interpretability/Causal Mechanistic Interpretability.tex,848,9758,0,0.0,0,lemma
unproved,research-projects,interpretability/Causal Mechanistic Interpretability.tex,"Causal Mechanistic Interpretability: From Inspection to Event-Historical Structures, Two-Channel Me…",interpretability/Causal Mechanistic Interpretability.tex,1207,9758,0,0.0,0,proposition
unproved,research-projects,interpretability/Causal Mechanistic Interpretability.tex,"Causal Mechanistic Interpretability: From Inspection to Event-Historical Structures, Two-Channel Me…",interpretability/Causal Mechanistic Interpretability.tex,1362,9758,0,0.0,0,proposition
unproved,research-projects,interpretability/Causal Mechanistic Interpretability.tex,"Causal Mechanistic Interpretability: From Inspection to Event-Historical Structures, Two-Channel Me…",interpretability/Causal Mechanistic Interpretability.tex,1526,9758,0,0.0,0,lemma
unproved,research-projects,interpretability/Causal Mechanistic Interpretability.tex,"Causal Mechanistic Interpretability: From Inspection to Event-Historical Structures, Two-Channel Me…",interpretability/Causal Mechanistic Interpretability.tex,2009,9758,0,0.0,0,proposition
unproved,research-projects,interpretability/Causal Mechanistic Interpretability.tex,"Causal Mechanistic Interpretability: From Inspection to Event-Historical Structures, Two-Channel Me…",interpretability/Causal Mechanistic Interpretability.tex,2096,9758,0,0.0,0,proposition
unproved,research-projects,interpretability/Causal Mechanistic Interpretability.tex,"Causal Mechanistic Interpretability: From Inspection to Event-Historical Structures, Two-Channel Me…",interpretability/Causal Mechanistic Interpretability.tex,2119,9758,0,0.0,0,lemma
unproved,research-projects,interpretability/Causal Mechanistic Interpretability.tex,"Causal Mechanistic Interpretability: From Inspection to Event-Historical Structures, Two-Channel Me…",interpretability/Causal Mechanistic Interpretability.tex,2209,9758,0,0.0,0,proposition
unproved,research-projects,interpretability/Causal Mechanistic Interpretability.tex,"Causal Mechanistic Interpretability: From Inspection to Event-Historical Structures, Two-Channel Me…",interpretability/Causal Mechanistic Interpretability.tex,2253,9758,0,0.0,0,proposition
unproved,research-projects,interpretability/Causal Mechanistic Interpretability.tex,"Causal Mechanistic Interpretability: From Inspection to Event-Historical Structures, Two-Channel Me…",interpretability/Causal Mechanistic Interpretability.tex,2450,9758,0,0.0,0,proposition
unproved,alphabet,resources/admissible-continuation.tex,Admissible Continuation [1em] A Mathematical Theory of Persistent Systems,resources/admissible-continuation.tex,3826,28589,0,0.0,41,corollary
unproved,alphabet,resources/admissible-continuation.tex,Admissible Continuation [1em] A Mathematical Theory of Persistent Systems,resources/admissible-continuation.tex,4127,28589,0,0.0,41,theorem
unproved,alphabet,resources/admissible-continuation.tex,Admissible Continuation [1em] A Mathematical Theory of Persistent Systems,resources/admissible-continuation.tex,8134,28589,0,0.0,41,theorem
unproved,alphabet,resources/admissible-continuation.tex,Admissible Continuation [1em] A Mathematical Theory of Persistent Systems,resources/admissible-continuation.tex,8148,28589,0,0.0,41,theorem
unproved,alphabet,resources/admissible-continuation.tex,Admissible Continuation [1em] A Mathematical Theory of Persistent Systems,resources/admissible-continuation.tex,8156,28589,0,0.0,41,corollary
unproved,alphabet,resources/admissible-continuation.tex,Admissible Continuation [1em] A Mathematical Theory of Persistent Systems,resources/admissible-continuation.tex,8176,28589,0,0.0,41,proposition
unproved,alphabet,resources/admissible-continuation.tex,Admissible Continuation [1em] A Mathematical Theory of Persistent Systems,resources/admissible-continuation.tex,8195,28589,0,0.0,41,theorem
unproved,alphabet,resources/admissible-continuation.tex,Admissible Continuation [1em] A Mathematical Theory of Persistent Systems,resources/admissible-continuation.tex,8583,28589,0,0.0,41,theorem
unproved,alphabet,resources/admissible-continuation.tex,Admissible Continuation [1em] A Mathematical Theory of Persistent Systems,resources/admissible-continuation.tex,8637,28589,0,0.0,41,proposition
unproved,alphabet,resources/admissible-continuation.tex,Admissible Continuation [1em] A Mathematical Theory of Persistent Systems,resources/admissible-continuation.tex,8762,28589,0,0.0,41,theorem
unproved,alphabet,resources/admissible-continuation.tex,Admissible Continuation [1em] A Mathematical Theory of Persistent Systems,resources/admissible-continuation.tex,8788,28589,0,0.0,41,theorem
unproved,alphabet,resources/admissible-continuation.tex,Admissible Continuation [1em] A Mathematical Theory of Persistent Systems,resources/admissible-continuation.tex,8822,28589,0,0.0,41,theorem
unproved,alphabet,resources/admissible-continuation.tex,Admissible Continuation [1em] A Mathematical Theory of Persistent Systems,resources/admissible-continuation.tex,8881,28589,0,0.0,41,theorem
unproved,alphabet,resources/admissible-continuation.tex,Admissible Continuation [1em] A Mathematical Theory of Persistent Systems,resources/admissible-continuation.tex,9049,28589,0,0.0,41,theorem
unproved,alphabet,resources/admissible-continuation.tex,Admissible Continuation [1em] A Mathematical Theory of Persistent Systems,resources/admissible-continuation.tex,9086,28589,0,0.0,41,theorem
unproved,alphabet,resources/admissible-continuation.tex,Admissible Continuation [1em] A Mathematical Theory of Persistent Systems,resources/admissible-continuation.tex,9130,28589,0,0.0,41,theorem
unproved,alphabet,resources/admissible-continuation.tex,Admissible Continuation [1em] A Mathematical Theory of Persistent Systems,resources/admissible-continuation.tex,9335,28589,0,0.0,41,proposition
unproved,alphabet,resources/admissible-continuation.tex,Admissible Continuation [1em] A Mathematical Theory of Persistent Systems,resources/admissible-continuation.tex,9630,28589,0,0.0,41,proposition
unproved,alphabet,resources/admissible-continuation.tex,Admissible Continuation [1em] A Mathematical Theory of Persistent Systems,resources/admissible-continuation.tex,9810,28589,0,0.0,41,proposition
unproved,alphabet,resources/admissible-continuation.tex,Admissible Continuation [1em] A Mathematical Theory of Persistent Systems,resources/admissible-continuation.tex,9868,28589,0,0.0,41,proposition
unproved,alphabet,resources/admissible-continuation.tex,Admissible Continuation [1em] A Mathematical Theory of Persistent Systems,resources/admissible-continuation.tex,9892,28589,0,0.0,41,proposition
unproved,alphabet,resources/admissible-continuation.tex,Admissible Continuation [1em] A Mathematical Theory of Persistent Systems,resources/admissible-continuation.tex,9953,28589,0,0.0,41,theorem
unproved,alphabet,resources/admissible-continuation.tex,Admissible Continuation [1em] A Mathematical Theory of Persistent Systems,resources/admissible-continuation.tex,9996,28589,0,0.0,41,proposition
unproved,alphabet,resources/admissible-continuation.tex,Admissible Continuation [1em] A Mathematical Theory of Persistent Systems,resources/admissible-continuation.tex,10363,28589,0,0.0,41,proposition
unproved,alphabet,resources/admissible-continuation.tex,Admissible Continuation [1em] A Mathematical Theory of Persistent Systems,resources/admissible-continuation.tex,10382,28589,0,0.0,41,proposition
unproved,alphabet,resources/admissible-continuation.tex,Admissible Continuation [1em] A Mathematical Theory of Persistent Systems,resources/admissible-continuation.tex,10401,28589,0,0.0,41,corollary
unproved,alphabet,resources/admissible-continuation.tex,Admissible Continuation [1em] A Mathematical Theory of Persistent Systems,resources/admissible-continuation.tex,10438,28589,0,0.0,41,proposition
unproved,alphabet,resources/admissible-continuation.tex,Admissible Continuation [1em] A Mathematical Theory of Persistent Systems,resources/admissible-continuation.tex,10524,28589,0,0.0,41,theorem
unproved,alphabet,resources/admissible-continuation.tex,Admissible Continuation [1em] A Mathematical Theory of Persistent Systems,resources/admissible-continuation.tex,10546,28589,0,0.0,41,corollary
unproved,alphabet,resources/admissible-continuation.tex,Admissible Continuation [1em] A Mathematical Theory of Persistent Systems,resources/admissible-continuation.tex,10604,28589,0,0.0,41,proposition
unproved,alphabet,resources/admissible-continuation.tex,Admissible Continuation [1em] A Mathematical Theory of Persistent Systems,resources/admissible-continuation.tex,10696,28589,0,0.0,41,proposition
unproved,alphabet,resources/admissible-continuation.tex,Admissible Continuation [1em] A Mathematical Theory of Persistent Systems,resources/admissible-continuation.tex,10738,28589,0,0.0,41,theorem
unproved,alphabet,resources/admissible-continuation.tex,Admissible Continuation [1em] A Mathematical Theory of Persistent Systems,resources/admissible-continuation.tex,10791,28589,0,0.0,41,theorem
unproved,alphabet,resources/admissible-continuation.tex,Admissible Continuation [1em] A Mathematical Theory of Persistent Systems,resources/admissible-continuation.tex,10875,28589,0,0.0,41,proposition
unproved,alphabet,resources/admissible-continuation.tex,Admissible Continuation [1em] A Mathematical Theory of Persistent Systems,resources/admissible-continuation.tex,10891,28589,0,0.0,41,theorem
unproved,alphabet,resources/admissible-continuation.tex,Admissible Continuation [1em] A Mathematical Theory of Persistent Systems,resources/admissible-continuation.tex,11033,28589,0,0.0,41,theorem
unproved,alphabet,resources/admissible-continuation.tex,Admissible Continuation [1em] A Mathematical Theory of Persistent Systems,resources/admissible-continuation.tex,11316,28589,0,0.0,41,proposition
unproved,alphabet,resources/admissible-continuation.tex,Admissible Continuation [1em] A Mathematical Theory of Persistent Systems,resources/admissible-continuation.tex,11364,28589,0,0.0,41,proposition
unproved,alphabet,resources/admissible-continuation.tex,Admissible Continuation [1em] A Mathematical Theory of Persistent Systems,resources/admissible-continuation.tex,11411,28589,0,0.0,41,proposition
unproved,alphabet,resources/admissible-continuation.tex,Admissible Continuation [1em] A Mathematical Theory of Persistent Systems,resources/admissible-continuation.tex,11526,28589,0,0.0,41,proposition
unproved,alphabet,resources/admissible-continuation.tex,Admissible Continuation [1em] A Mathematical Theory of Persistent Systems,resources/admissible-continuation.tex,11624,28589,0,0.0,41,theorem
unproved,alphabet,resources/admissible-continuation.tex,Admissible Continuation [1em] A Mathematical Theory of Persistent Systems,resources/admissible-continuation.tex,11731,28589,0,0.0,41,proposition
unproved,alphabet,resources/admissible-continuation.tex,Admissible Continuation [1em] A Mathematical Theory of Persistent Systems,resources/admissible-continuation.tex,12140,28589,0,0.0,41,theorem
unproved,alphabet,resources/admissible-continuation.tex,Admissible Continuation [1em] A Mathematical Theory of Persistent Systems,resources/admissible-continuation.tex,12211,28589,0,0.0,41,proposition
unproved,alphabet,resources/admissible-continuation.tex,Admissible Continuation [1em] A Mathematical Theory of Persistent Systems,resources/admissible-continuation.tex,12517,28589,0,0.0,41,theorem
unproved,alphabet,resources/admissible-continuation.tex,Admissible Continuation [1em] A Mathematical Theory of Persistent Systems,resources/admissible-continuation.tex,12615,28589,0,0.0,41,theorem
unproved,alphabet,resources/admissible-continuation.tex,Admissible Continuation [1em] A Mathematical Theory of Persistent Systems,resources/admissible-continuation.tex,12716,28589,0,0.0,41,proposition
unproved,alphabet,resources/admissible-continuation.tex,Admissible Continuation [1em] A Mathematical Theory of Persistent Systems,resources/admissible-continuation.tex,12772,28589,0,0.0,41,proposition
unproved,alphabet,resources/admissible-continuation.tex,Admissible Continuation [1em] A Mathematical Theory of Persistent Systems,resources/admissible-continuation.tex,12890,28589,0,0.0,41,theorem
unproved,alphabet,resources/admissible-continuation.tex,Admissible Continuation [1em] A Mathematical Theory of Persistent Systems,resources/admissible-continuation.tex,13064,28589,0,0.0,41,theorem
unproved,alphabet,resources/admissible-continuation.tex,Admissible Continuation [1em] A Mathematical Theory of Persistent Systems,resources/admissible-continuation.tex,13075,28589,0,0.0,41,proposition
unproved,alphabet,resources/admissible-continuation.tex,Admissible Continuation [1em] A Mathematical Theory of Persistent Systems,resources/admissible-continuation.tex,13095,28589,0,0.0,41,proposition
unproved,alphabet,resources/admissible-continuation.tex,Admissible Continuation [1em] A Mathematical Theory of Persistent Systems,resources/admissible-continuation.tex,13115,28589,0,0.0,41,proposition
unproved,alphabet,resources/admissible-continuation.tex,Admissible Continuation [1em] A Mathematical Theory of Persistent Systems,resources/admissible-continuation.tex,13247,28589,0,0.0,41,theorem
unproved,alphabet,resources/admissible-continuation.tex,Admissible Continuation [1em] A Mathematical Theory of Persistent Systems,resources/admissible-continuation.tex,13289,28589,0,0.0,41,theorem
unproved,alphabet,resources/admissible-continuation.tex,Admissible Continuation [1em] A Mathematical Theory of Persistent Systems,resources/admissible-continuation.tex,13303,28589,0,0.0,41,proposition
unproved,alphabet,resources/admissible-continuation.tex,Admissible Continuation [1em] A Mathematical Theory of Persistent Systems,resources/admissible-continuation.tex,13319,28589,0,0.0,41,theorem
unproved,alphabet,resources/admissible-continuation.tex,Admissible Continuation [1em] A Mathematical Theory of Persistent Systems,resources/admissible-continuation.tex,13388,28589,0,0.0,41,theorem
unproved,alphabet,resources/admissible-continuation.tex,Admissible Continuation [1em] A Mathematical Theory of Persistent Systems,resources/admissible-continuation.tex,13445,28589,0,0.0,41,proposition
unproved,alphabet,resources/admissible-continuation.tex,Admissible Continuation [1em] A Mathematical Theory of Persistent Systems,resources/admissible-continuation.tex,13495,28589,0,0.0,41,theorem
unproved,alphabet,resources/admissible-continuation.tex,Admissible Continuation [1em] A Mathematical Theory of Persistent Systems,resources/admissible-continuation.tex,13520,28589,0,0.0,41,theorem
unproved,alphabet,resources/admissible-continuation.tex,Admissible Continuation [1em] A Mathematical Theory of Persistent Systems,resources/admissible-continuation.tex,13623,28589,0,0.0,41,theorem
unproved,alphabet,resources/admissible-continuation.tex,Admissible Continuation [1em] A Mathematical Theory of Persistent Systems,resources/admissible-continuation.tex,13650,28589,0,0.0,41,proposition
unproved,alphabet,resources/admissible-continuation.tex,Admissible Continuation [1em] A Mathematical Theory of Persistent Systems,resources/admissible-continuation.tex,13677,28589,0,0.0,41,proposition
unproved,alphabet,resources/admissible-continuation.tex,Admissible Continuation [1em] A Mathematical Theory of Persistent Systems,resources/admissible-continuation.tex,14187,28589,0,0.0,41,proposition
unproved,calculus,hierarchical-structure/main.tex,main.tex,hierarchical-structure/chapters/ch02_discrete.tex,177,10784,29,2.69,0,corollary
unproved,calculus,hierarchical-structure/main.tex,main.tex,hierarchical-structure/chapters/ch03_probability.tex,65,10784,29,2.69,0,theorem
unproved,calculus,hierarchical-structure/main.tex,main.tex,hierarchical-structure/chapters/ch03_probability.tex,75,10784,29,2.69,0,corollary
unproved,calculus,hierarchical-structure/main.tex,main.tex,hierarchical-structure/chapters/ch03_probability.tex,86,10784,29,2.69,0,lemma
unproved,calculus,hierarchical-structure/main.tex,main.tex,hierarchical-structure/chapters/ch03_probability.tex,91,10784,29,2.69,0,corollary
unproved,calculus,hierarchical-structure/main.tex,main.tex,hierarchical-structure/chapters/ch03_probability.tex,110,10784,29,2.69,0,theorem
unproved,calculus,hierarchical-structure/main.tex,main.tex,hierarchical-structure/chapters/ch05_metrics.tex,120,10784,29,2.69,0,proposition
unproved,calculus,hierarchical-structure/main.tex,main.tex,hierarchical-structure/chapters/ch06_constraints.tex,72,10784,29,2.69,0,proposition
unproved,calculus,hierarchical-structure/main.tex,main.tex,hierarchical-structure/chapters/ch06_constraints.tex,78,10784,29,2.69,0,proposition
unproved,calculus,hierarchical-structure/main.tex,main.tex,hierarchical-structure/chapters/ch06_constraints.tex,95,10784,29,2.69,0,theorem
unproved,calculus,hierarchical-structure/main.tex,main.tex,hierarchical-structure/chapters/ch07_dendrograms.tex,79,10784,29,2.69,0,proposition
unproved,calculus,hierarchical-structure/main.tex,main.tex,hierarchical-structure/chapters/ch09_triplets.tex,74,10784,29,2.69,0,proposition
unproved,calculus,hierarchical-structure/main.tex,main.tex,hierarchical-structure/chapters/ch09_triplets.tex,80,10784,29,2.69,0,proposition
unproved,calculus,hierarchical-structure/main.tex,main.tex,hierarchical-structure/chapters/ch09_triplets.tex,84,10784,29,2.69,0,proposition
unproved,calculus,hierarchical-structure/main.tex,main.tex,hierarchical-structure/chapters/ch09_triplets.tex,94,10784,29,2.69,0,proposition
unproved,calculus,hierarchical-structure/main.tex,main.tex,hierarchical-structure/chapters/ch10_reconstruction.tex,75,10784,29,2.69,0,theorem
unproved,calculus,hierarchical-structure/main.tex,main.tex,hierarchical-structure/chapters/ch10_reconstruction.tex,81,10784,29,2.69,0,theorem
unproved,calculus,hierarchical-structure/main.tex,main.tex,hierarchical-structure/chapters/ch10_reconstruction.tex,86,10784,29,2.69,0,theorem
unproved,calculus,hierarchical-structure/main.tex,main.tex,hierarchical-structure/chapters/ch11_objectives.tex,75,10784,29,2.69,0,proposition
unproved,calculus,hierarchical-structure/main.tex,main.tex,hierarchical-structure/chapters/ch11_objectives.tex,81,10784,29,2.69,0,proposition
unproved,calculus,hierarchical-structure/main.tex,main.tex,hierarchical-structure/chapters/ch12_hardness.tex,71,10784,29,2.69,0,theorem
unproved,calculus,hierarchical-structure/main.tex,main.tex,hierarchical-structure/chapters/ch15_topdown.tex,73,10784,29,2.69,0,theorem
unproved,calculus,hierarchical-structure/main.tex,main.tex,hierarchical-structure/chapters/ch16_approx.tex,44,10784,29,2.69,0,theorem
unproved,calculus,hierarchical-structure/main.tex,main.tex,hierarchical-structure/chapters/ch17_complexity.tex,45,10784,29,2.69,0,theorem
unproved,calculus,hierarchical-structure/main.tex,main.tex,hierarchical-structure/chapters/ch17_complexity.tex,51,10784,29,2.69,0,theorem
unproved,calculus,hierarchical-structure/main.tex,main.tex,hierarchical-structure/chapters/ch18_streaming.tex,59,10784,29,2.69,0,theorem
unproved,calculus,hierarchical-structure/main.tex,main.tex,hierarchical-structure/chapters/ch19_parallel.tex,58,10784,29,2.69,0,theorem
unproved,calculus,hierarchical-structure/main.tex,main.tex,hierarchical-structure/chapters/ch20_curvature.tex,68,10784,29,2.69,0,corollary
unproved,calculus,hierarchical-structure/main.tex,main.tex,hierarchical-structure/chapters/ch21_entropy_descent.tex,66,10784,29,2.69,0,proposition
unproved,calculus,hierarchical-structure/main.tex,main.tex,hierarchical-structure/chapters/ch22_constraint_prop.tex,55,10784,29,2.69,0,theorem
unproved,calculus,hierarchical-structure/main.tex,main.tex,hierarchical-structure/chapters/ch24_replication.tex,114,10784,29,2.69,0,proposition
unproved,calculus,hierarchical-structure/main.tex,main.tex,hierarchical-structure/chapters/ch24_replication.tex,126,10784,29,2.69,0,proposition
unproved,calculus,hierarchical-structure/main.tex,main.tex,hierarchical-structure/chapters/ch24_replication.tex,144,10784,29,2.69,0,theorem
unproved,library,physics/monograph/essay.tex,Reflexive Field Dynamics: A Lagrangian Theory of Mind,physics/monograph/essay.tex,261,4524,24,5.31,14,proposition
unproved,library,physics/monograph/essay.tex,Reflexive Field Dynamics: A Lagrangian Theory of Mind,physics/monograph/essay.tex,435,4524,24,5.31,14,corollary
unproved,library,physics/monograph/essay.tex,Reflexive Field Dynamics: A Lagrangian Theory of Mind,physics/monograph/essay.tex,439,4524,24,5.31,14,corollary
unproved,spherepop,Spherepop_Specifications.tex,Spherepop: A Language for Geometric Computation Unified Specification,Spherepop_Specifications.tex,195,3889,0,0.0,0,theorem
unproved,spherepop,Spherepop_Specifications.tex,Spherepop: A Language for Geometric Computation Unified Specification,Spherepop_Specifications.tex,200,3889,0,0.0,0,corollary
unproved,spherepop,Spherepop_Specifications.tex,Spherepop: A Language for Geometric Computation Unified Specification,Spherepop_Specifications.tex,402,3889,0,0.0,0,theorem
unproved,spherepop,Spherepop_Specifications.tex,Spherepop: A Language for Geometric Computation Unified Specification,Spherepop_Specifications.tex,406,3889,0,0.0,0,theorem
unproved,alphabet,economics/scalable-alignment.tex,Toward Scalable Alignment: A Theory of Invariant Objectives Under Optimization and Scale [5pt] (A R…,economics/scalable-alignment.tex,625,2843,0,0.0,11,corollary
unproved,research-projects,interpretability/Causal Mediation.tex,"Causal Mediation, Event Structure, and Regime-Sensitive Mechanistic Interpretability",interpretability/Causal Mediation.tex,317,2517,0,0.0,0,proposition
unproved,spherepop,textbook/dependent-type-theory.tex,Building a Type Calculus and the Calculus of Constructions in Spherepop A Historical Foundation for…,textbook/dependent-type-theory.tex,1226,28623,0,0.0,31,theorem
unproved,spherepop,textbook/dependent-type-theory.tex,Building a Type Calculus and the Calculus of Constructions in Spherepop A Historical Foundation for…,textbook/dependent-type-theory.tex,1796,28623,0,0.0,31,theorem
unproved,spherepop,textbook/dependent-type-theory.tex,Building a Type Calculus and the Calculus of Constructions in Spherepop A Historical Foundation for…,textbook/dependent-type-theory.tex,4635,28623,0,0.0,31,theorem
unproved,spherepop,textbook/dependent-type-theory.tex,Building a Type Calculus and the Calculus of Constructions in Spherepop A Historical Foundation for…,textbook/dependent-type-theory.tex,7190,28623,0,0.0,31,theorem
unproved,spherepop,textbook/dependent-type-theory.tex,Building a Type Calculus and the Calculus of Constructions in Spherepop A Historical Foundation for…,textbook/dependent-type-theory.tex,7808,28623,0,0.0,31,theorem
unproved,spherepop,textbook/dependent-type-theory.tex,Building a Type Calculus and the Calculus of Constructions in Spherepop A Historical Foundation for…,textbook/dependent-type-theory.tex,8605,28623,0,0.0,31,theorem
unproved,spherepop,textbook/dependent-type-theory.tex,Building a Type Calculus and the Calculus of Constructions in Spherepop A Historical Foundation for…,textbook/dependent-type-theory.tex,8714,28623,0,0.0,31,theorem
unproved,spherepop,textbook/dependent-type-theory.tex,Building a Type Calculus and the Calculus of Constructions in Spherepop A Historical Foundation for…,textbook/dependent-type-theory.tex,8813,28623,0,0.0,31,theorem
unproved,spherepop,textbook/dependent-type-theory.tex,Building a Type Calculus and the Calculus of Constructions in Spherepop A Historical Foundation for…,textbook/dependent-type-theory.tex,8863,28623,0,0.0,31,theorem
unproved,spherepop,textbook/dependent-type-theory.tex,Building a Type Calculus and the Calculus of Constructions in Spherepop A Historical Foundation for…,textbook/dependent-type-theory.tex,11580,28623,0,0.0,31,theorem
unproved,spherepop,textbook/dependent-type-theory.tex,Building a Type Calculus and the Calculus of Constructions in Spherepop A Historical Foundation for…,textbook/dependent-type-theory.tex,12957,28623,0,0.0,31,theorem
unproved,spherepop,textbook/dependent-type-theory.tex,Building a Type Calculus and the Calculus of Constructions in Spherepop A Historical Foundation for…,textbook/dependent-type-theory.tex,12991,28623,0,0.0,31,theorem
unproved,spherepop,textbook/dependent-type-theory.tex,Building a Type Calculus and the Calculus of Constructions in Spherepop A Historical Foundation for…,textbook/dependent-type-theory.tex,14384,28623,0,0.0,31,theorem
unproved,antivenom,event-history-draft-02.tex,"The Deliberate Collapse of Cognitive Multiplicity: Event-Driven Intelligence, Spherepop, and the Re…",event-history-draft-02.tex,570,18192,4,0.22,1,corollary
unproved,antivenom,event-history-draft-02.tex,"The Deliberate Collapse of Cognitive Multiplicity: Event-Driven Intelligence, Spherepop, and the Re…",event-history-draft-02.tex,1149,18192,4,0.22,1,proposition
unproved,antivenom,event-history-draft-02.tex,"The Deliberate Collapse of Cognitive Multiplicity: Event-Driven Intelligence, Spherepop, and the Re…",event-history-draft-02.tex,2090,18192,4,0.22,1,theorem
unproved,typing-tutor,essay/global-constraints.tex,"Global Constraints, Geometric Mass, and Evolutionary Relaxation: A Unified Historical and Theoretic…",essay/global-constraints.tex,921,4190,65,15.51,0,corollary
unproved,TARTAN,analysis/resonance-without-a-substrate.tex,Resonance Without a Substrate Consistency Constraints on Endogenous Memory Compression,analysis/resonance-without-a-substrate.tex,232,11631,0,0.0,31,theorem
unproved,TARTAN,analysis/resonance-without-a-substrate.tex,Resonance Without a Substrate Consistency Constraints on Endogenous Memory Compression,analysis/resonance-without-a-substrate.tex,365,11631,0,0.0,31,corollary
unproved,TARTAN,analysis/resonance-without-a-substrate.tex,Resonance Without a Substrate Consistency Constraints on Endogenous Memory Compression,analysis/resonance-without-a-substrate.tex,401,11631,0,0.0,31,proposition
unproved,TARTAN,analysis/resonance-without-a-substrate.tex,Resonance Without a Substrate Consistency Constraints on Endogenous Memory Compression,analysis/resonance-without-a-substrate.tex,442,11631,0,0.0,31,theorem
unproved,TARTAN,analysis/resonance-without-a-substrate.tex,Resonance Without a Substrate Consistency Constraints on Endogenous Memory Compression,analysis/resonance-without-a-substrate.tex,525,11631,0,0.0,31,theorem
unproved,TARTAN,analysis/resonance-without-a-substrate.tex,Resonance Without a Substrate Consistency Constraints on Endogenous Memory Compression,analysis/resonance-without-a-substrate.tex,534,11631,0,0.0,31,corollary
unproved,TARTAN,analysis/resonance-without-a-substrate.tex,Resonance Without a Substrate Consistency Constraints on Endogenous Memory Compression,analysis/resonance-without-a-substrate.tex,602,11631,0,0.0,31,theorem
unproved,TARTAN,analysis/resonance-without-a-substrate.tex,Resonance Without a Substrate Consistency Constraints on Endogenous Memory Compression,analysis/resonance-without-a-substrate.tex,626,11631,0,0.0,31,proposition
unproved,TARTAN,analysis/resonance-without-a-substrate.tex,Resonance Without a Substrate Consistency Constraints on Endogenous Memory Compression,analysis/resonance-without-a-substrate.tex,655,11631,0,0.0,31,proposition
unproved,TARTAN,analysis/resonance-without-a-substrate.tex,Resonance Without a Substrate Consistency Constraints on Endogenous Memory Compression,analysis/resonance-without-a-substrate.tex,697,11631,0,0.0,31,proposition
unproved,TARTAN,analysis/resonance-without-a-substrate.tex,Resonance Without a Substrate Consistency Constraints on Endogenous Memory Compression,analysis/resonance-without-a-substrate.tex,959,11631,0,0.0,31,proposition
unproved,research-projects,RSVP-Monograph/Volume-III-Extensions/main-vol3.tex,": Extensions, Interpretations, and New Directions",RSVP-Monograph/Volume-III-Extensions/chapters/ch01-spherepop-homotopy.tex,64,9505,1,0.11,0,theorem
unproved,research-projects,RSVP-Monograph/Volume-III-Extensions/main-vol3.tex,": Extensions, Interpretations, and New Directions",RSVP-Monograph/Volume-III-Extensions/chapters/ch01-spherepop-homotopy.tex,85,9505,1,0.11,0,theorem
unproved,research-projects,RSVP-Monograph/Volume-III-Extensions/main-vol3.tex,": Extensions, Interpretations, and New Directions",RSVP-Monograph/Volume-III-Extensions/chapters/ch11-scattering-derived.tex,52,9505,1,0.11,0,proposition
unproved,research-projects,RSVP-Monograph/Volume-III-Extensions/main-vol3.tex,": Extensions, Interpretations, and New Directions",RSVP-Monograph/Volume-III-Extensions/appendices/appK-complexity.tex,75,9505,1,0.11,0,theorem
unproved,research-projects,RSVP-Monograph/Volume-III-Extensions/main-vol3.tex,": Extensions, Interpretations, and New Directions",RSVP-Monograph/Volume-III-Extensions/appendices/appK-complexity.tex,92,9505,1,0.11,0,theorem
unproved,research-projects,RSVP-Monograph/Volume-III-Extensions/main-vol3.tex,": Extensions, Interpretations, and New Directions",RSVP-Monograph/Volume-III-Extensions/appendices/appK-complexity.tex,99,9505,1,0.11,0,theorem
unproved,research-projects,RSVP-Monograph/Volume-III-Extensions/main-vol3.tex,": Extensions, Interpretations, and New Directions",RSVP-Monograph/Volume-III-Extensions/appendices/appK-complexity.tex,145,9505,1,0.11,0,theorem
unproved,calculus,constraint_and_transformation_v2.tex,constraint_and_transformation_v2.tex,constraint_and_transformation_v2.tex,489,5611,21,3.74,0,theorem
unproved,calculus,constraint_and_transformation_v2.tex,constraint_and_transformation_v2.tex,constraint_and_transformation_v2.tex,671,5611,21,3.74,0,theorem
unproved,calculus,constraint_and_transformation_v2.tex,constraint_and_transformation_v2.tex,constraint_and_transformation_v2.tex,1415,5611,21,3.74,0,theorem
unproved,calculus,constraint_and_transformation_v2.tex,constraint_and_transformation_v2.tex,constraint_and_transformation_v2.tex,1622,5611,21,3.74,0,theorem
unproved,calculus,constraint_and_transformation_v2.tex,constraint_and_transformation_v2.tex,constraint_and_transformation_v2.tex,1700,5611,21,3.74,0,proposition
unproved,calculus,constraint_and_transformation_v2.tex,constraint_and_transformation_v2.tex,constraint_and_transformation_v2.tex,1925,5611,21,3.74,0,proposition
unproved,research-projects,recursive-agency/lamphrodynamic-flows.tex,Deep Learning Solvers as Lamphrodynamic Flows in RSVP Field Theory,recursive-agency/lamphrodynamic-flows.tex,756,6574,0,0.0,0,lemma
unproved,library,vault/monograph.tex,monograph.tex,vault/monograph.tex,5578,21939,183,8.34,0,theorem
unproved,library,vault/monograph.tex,monograph.tex,vault/monograph.tex,6040,21939,183,8.34,0,theorem
unproved,kitbash,paradox-of-precaution.tex,The Paradox of Precaution 0.3em How AGI Safety Could Erode Human Trust 0.3em A Thermodynamic Theory…,paradox-of-precaution.tex,546,7375,0,0.0,0,corollary
unproved,kitbash,paradox-of-precaution.tex,The Paradox of Precaution 0.3em How AGI Safety Could Erode Human Trust 0.3em A Thermodynamic Theory…,paradox-of-precaution.tex,735,7375,0,0.0,0,proposition
unproved,spherepop,The Calculus of Commitment.tex,The Calculus of Commitment A Structural Theory of Computation,The Calculus of Commitment.tex,578,10595,0,0.0,26,proposition
unproved,arabic-flashcards,monograph.tex,The Ontology of Self-Organizing Forms: A Unified Variational Field Theory of Structure and Identity,monograph.tex,614,10083,0,0.0,22,proposition
unproved,arabic-flashcards,monograph.tex,The Ontology of Self-Organizing Forms: A Unified Variational Field Theory of Structure and Identity,monograph.tex,679,10083,0,0.0,22,proposition
unproved,arabic-flashcards,monograph.tex,The Ontology of Self-Organizing Forms: A Unified Variational Field Theory of Structure and Identity,monograph.tex,714,10083,0,0.0,22,proposition
unproved,arabic-flashcards,monograph.tex,The Ontology of Self-Organizing Forms: A Unified Variational Field Theory of Structure and Identity,monograph.tex,752,10083,0,0.0,22,proposition
unproved,arabic-flashcards,monograph.tex,The Ontology of Self-Organizing Forms: A Unified Variational Field Theory of Structure and Identity,monograph.tex,779,10083,0,0.0,22,proposition
unproved,arabic-flashcards,monograph.tex,The Ontology of Self-Organizing Forms: A Unified Variational Field Theory of Structure and Identity,monograph.tex,797,10083,0,0.0,22,proposition
unproved,arabic-flashcards,monograph.tex,The Ontology of Self-Organizing Forms: A Unified Variational Field Theory of Structure and Identity,monograph.tex,1072,10083,0,0.0,22,proposition
unproved,arabic-flashcards,monograph.tex,The Ontology of Self-Organizing Forms: A Unified Variational Field Theory of Structure and Identity,monograph.tex,2204,10083,0,0.0,22,theorem
unproved,research-projects,interpretability/The Limits of Interpretability.tex,The Limits of Interpretability,interpretability/The Limits of Interpretability.tex,74,2807,0,0.0,0,proposition
unproved,research-projects,interpretability/The Limits of Interpretability.tex,The Limits of Interpretability,interpretability/The Limits of Interpretability.tex,242,2807,0,0.0,0,proposition
unproved,research-projects,interpretability/The Limits of Interpretability.tex,The Limits of Interpretability,interpretability/The Limits of Interpretability.tex,340,2807,0,0.0,0,proposition
unproved,spherepop,attention-as-minimal-relational-interaction.tex,Attention as a Minimal Relational Interaction in Entropy-Regulated Field Dynamics: A Derived Geomet…,attention-as-minimal-relational-interaction.tex,150,3433,0,0.0,17,lemma
unproved,spherepop,attention-as-minimal-relational-interaction.tex,Attention as a Minimal Relational Interaction in Entropy-Regulated Field Dynamics: A Derived Geomet…,attention-as-minimal-relational-interaction.tex,162,3433,0,0.0,17,theorem
unproved,spherepop,attention-as-minimal-relational-interaction.tex,Attention as a Minimal Relational Interaction in Entropy-Regulated Field Dynamics: A Derived Geomet…,attention-as-minimal-relational-interaction.tex,195,3433,0,0.0,17,theorem
unproved,spherepop,attention-as-minimal-relational-interaction.tex,Attention as a Minimal Relational Interaction in Entropy-Regulated Field Dynamics: A Derived Geomet…,attention-as-minimal-relational-interaction.tex,216,3433,0,0.0,17,theorem
unproved,spherepop,attention-as-minimal-relational-interaction.tex,Attention as a Minimal Relational Interaction in Entropy-Regulated Field Dynamics: A Derived Geomet…,attention-as-minimal-relational-interaction.tex,236,3433,0,0.0,17,proposition
unproved,spherepop,attention-as-minimal-relational-interaction.tex,Attention as a Minimal Relational Interaction in Entropy-Regulated Field Dynamics: A Derived Geomet…,attention-as-minimal-relational-interaction.tex,240,3433,0,0.0,17,proposition
unproved,spherepop,attention-as-minimal-relational-interaction.tex,Attention as a Minimal Relational Interaction in Entropy-Regulated Field Dynamics: A Derived Geomet…,attention-as-minimal-relational-interaction.tex,244,3433,0,0.0,17,proposition
unproved,kitbash,cognitive-dynamics/doombible.tex,"Doombible [0.5em] Inference, Admissibility, Repair, and Distributed Judgment",cognitive-dynamics/doombible.tex,445,9930,0,0.0,0,proposition
unproved,kitbash,cognitive-dynamics/doombible.tex,"Doombible [0.5em] Inference, Admissibility, Repair, and Distributed Judgment",cognitive-dynamics/doombible.tex,451,9930,0,0.0,0,corollary
unproved,kitbash,cognitive-dynamics/doombible.tex,"Doombible [0.5em] Inference, Admissibility, Repair, and Distributed Judgment",cognitive-dynamics/doombible.tex,506,9930,0,0.0,0,proposition
unproved,kitbash,cognitive-dynamics/doombible.tex,"Doombible [0.5em] Inference, Admissibility, Repair, and Distributed Judgment",cognitive-dynamics/doombible.tex,512,9930,0,0.0,0,corollary
unproved,8b-is:8b-public-documents,framework/admissibility_principle.tex,admissibility_principle.tex,framework/admissibility_principle.tex,329,18228,0,0.0,0,theorem
unproved,8b-is:8b-public-documents,framework/admissibility_principle.tex,admissibility_principle.tex,framework/admissibility_principle.tex,458,18228,0,0.0,0,proposition
unproved,8b-is:8b-public-documents,framework/admissibility_principle.tex,admissibility_principle.tex,framework/admissibility_principle.tex,1738,18228,0,0.0,0,proposition
unproved,library,monograph/constraint_regimes.tex,Constraint Regimes and the Structure of Surviving Objects On the Invariance of Selection Pressure A…,monograph/constraint_regimes.tex,165,6396,0,0.0,0,proposition
unproved,library,monograph/constraint_regimes.tex,Constraint Regimes and the Structure of Surviving Objects On the Invariance of Selection Pressure A…,monograph/constraint_regimes.tex,251,6396,0,0.0,0,corollary
unproved,library,monograph/constraint_regimes.tex,Constraint Regimes and the Structure of Surviving Objects On the Invariance of Selection Pressure A…,monograph/constraint_regimes.tex,373,6396,0,0.0,0,corollary
unproved,library,monograph/constraint_regimes.tex,Constraint Regimes and the Structure of Surviving Objects On the Invariance of Selection Pressure A…,monograph/constraint_regimes.tex,580,6396,0,0.0,0,proposition
unproved,library,monograph/constraint_regimes.tex,Constraint Regimes and the Structure of Surviving Objects On the Invariance of Selection Pressure A…,monograph/constraint_regimes.tex,650,6396,0,0.0,0,proposition
unproved,library,monograph/constraint_regimes.tex,Constraint Regimes and the Structure of Surviving Objects On the Invariance of Selection Pressure A…,monograph/constraint_regimes.tex,709,6396,0,0.0,0,proposition
unproved,library,monograph/constraint_regimes.tex,Constraint Regimes and the Structure of Surviving Objects On the Invariance of Selection Pressure A…,monograph/constraint_regimes.tex,764,6396,0,0.0,0,proposition
unproved,library,monograph/constraint_regimes.tex,Constraint Regimes and the Structure of Surviving Objects On the Invariance of Selection Pressure A…,monograph/constraint_regimes.tex,805,6396,0,0.0,0,proposition
unproved,library,monograph/constraint_regimes.tex,Constraint Regimes and the Structure of Surviving Objects On the Invariance of Selection Pressure A…,monograph/constraint_regimes.tex,823,6396,0,0.0,0,corollary
unproved,library,monograph/constraint_regimes.tex,Constraint Regimes and the Structure of Surviving Objects On the Invariance of Selection Pressure A…,monograph/constraint_regimes.tex,849,6396,0,0.0,0,proposition
unproved,library,monograph/constraint_regimes.tex,Constraint Regimes and the Structure of Surviving Objects On the Invariance of Selection Pressure A…,monograph/constraint_regimes.tex,1048,6396,0,0.0,0,proposition
unproved,library,monograph/constraint_regimes.tex,Constraint Regimes and the Structure of Surviving Objects On the Invariance of Selection Pressure A…,monograph/constraint_regimes.tex,1090,6396,0,0.0,0,proposition
unproved,library,spectral-universality/spectral-universality.tex,"Spectral Universality in Complex Systems: Random Matrices, Cortical Resonance, and RSVP Dynamics",spectral-universality/spectral-universality.tex,813,10423,13,1.25,0,theorem
unproved,alphabet,example/geometry-of-boredom.tex,The Geometry of Boredom [4pt] Compression Progress and the Conditions of Sustained Attention,example/geometry-of-boredom.tex,70,1869,0,0.0,0,proposition
unproved,alphabet,example/geometry-of-boredom.tex,The Geometry of Boredom [4pt] Compression Progress and the Conditions of Sustained Attention,example/geometry-of-boredom.tex,78,1869,0,0.0,0,proposition
unproved,alphabet,example/geometry-of-boredom.tex,The Geometry of Boredom [4pt] Compression Progress and the Conditions of Sustained Attention,example/geometry-of-boredom.tex,86,1869,0,0.0,0,proposition
unproved,calculus,mesoscale_matter.tex,"Mesoscale Matter as Constrained Field Dynamics [4pt] A Unified Framework for Structure, Transport, …",mesoscale_matter.tex,267,19509,18,0.92,62,proposition
unproved,calculus,mesoscale_matter.tex,"Mesoscale Matter as Constrained Field Dynamics [4pt] A Unified Framework for Structure, Transport, …",mesoscale_matter.tex,275,19509,18,0.92,62,proposition
unproved,calculus,mesoscale_matter.tex,"Mesoscale Matter as Constrained Field Dynamics [4pt] A Unified Framework for Structure, Transport, …",mesoscale_matter.tex,540,19509,18,0.92,62,proposition
unproved,calculus,mesoscale_matter.tex,"Mesoscale Matter as Constrained Field Dynamics [4pt] A Unified Framework for Structure, Transport, …",mesoscale_matter.tex,607,19509,18,0.92,62,proposition
unproved,calculus,mesoscale_matter.tex,"Mesoscale Matter as Constrained Field Dynamics [4pt] A Unified Framework for Structure, Transport, …",mesoscale_matter.tex,669,19509,18,0.92,62,proposition
unproved,calculus,mesoscale_matter.tex,"Mesoscale Matter as Constrained Field Dynamics [4pt] A Unified Framework for Structure, Transport, …",mesoscale_matter.tex,689,19509,18,0.92,62,proposition
unproved,calculus,mesoscale_matter.tex,"Mesoscale Matter as Constrained Field Dynamics [4pt] A Unified Framework for Structure, Transport, …",mesoscale_matter.tex,736,19509,18,0.92,62,proposition
unproved,calculus,mesoscale_matter.tex,"Mesoscale Matter as Constrained Field Dynamics [4pt] A Unified Framework for Structure, Transport, …",mesoscale_matter.tex,766,19509,18,0.92,62,proposition
unproved,calculus,mesoscale_matter.tex,"Mesoscale Matter as Constrained Field Dynamics [4pt] A Unified Framework for Structure, Transport, …",mesoscale_matter.tex,827,19509,18,0.92,62,proposition
unproved,calculus,mesoscale_matter.tex,"Mesoscale Matter as Constrained Field Dynamics [4pt] A Unified Framework for Structure, Transport, …",mesoscale_matter.tex,1409,19509,18,0.92,62,proposition
unproved,calculus,mesoscale_matter.tex,"Mesoscale Matter as Constrained Field Dynamics [4pt] A Unified Framework for Structure, Transport, …",mesoscale_matter.tex,1555,19509,18,0.92,62,proposition
unproved,calculus,mesoscale_matter.tex,"Mesoscale Matter as Constrained Field Dynamics [4pt] A Unified Framework for Structure, Transport, …",mesoscale_matter.tex,1570,19509,18,0.92,62,proposition
unproved,calculus,mesoscale_matter.tex,"Mesoscale Matter as Constrained Field Dynamics [4pt] A Unified Framework for Structure, Transport, …",mesoscale_matter.tex,1774,19509,18,0.92,62,proposition
unproved,calculus,mesoscale_matter.tex,"Mesoscale Matter as Constrained Field Dynamics [4pt] A Unified Framework for Structure, Transport, …",mesoscale_matter.tex,1835,19509,18,0.92,62,proposition
unproved,calculus,mesoscale_matter.tex,"Mesoscale Matter as Constrained Field Dynamics [4pt] A Unified Framework for Structure, Transport, …",mesoscale_matter.tex,1863,19509,18,0.92,62,proposition
unproved,calculus,mesoscale_matter.tex,"Mesoscale Matter as Constrained Field Dynamics [4pt] A Unified Framework for Structure, Transport, …",mesoscale_matter.tex,2025,19509,18,0.92,62,proposition
unproved,calculus,mesoscale_matter.tex,"Mesoscale Matter as Constrained Field Dynamics [4pt] A Unified Framework for Structure, Transport, …",mesoscale_matter.tex,2046,19509,18,0.92,62,proposition
unproved,calculus,mesoscale_matter.tex,"Mesoscale Matter as Constrained Field Dynamics [4pt] A Unified Framework for Structure, Transport, …",mesoscale_matter.tex,2116,19509,18,0.92,62,proposition
unproved,calculus,mesoscale_matter.tex,"Mesoscale Matter as Constrained Field Dynamics [4pt] A Unified Framework for Structure, Transport, …",mesoscale_matter.tex,2170,19509,18,0.92,62,proposition
unproved,calculus,mesoscale_matter.tex,"Mesoscale Matter as Constrained Field Dynamics [4pt] A Unified Framework for Structure, Transport, …",mesoscale_matter.tex,2185,19509,18,0.92,62,proposition
unproved,calculus,mesoscale_matter.tex,"Mesoscale Matter as Constrained Field Dynamics [4pt] A Unified Framework for Structure, Transport, …",mesoscale_matter.tex,2221,19509,18,0.92,62,proposition
unproved,calculus,mesoscale_matter.tex,"Mesoscale Matter as Constrained Field Dynamics [4pt] A Unified Framework for Structure, Transport, …",mesoscale_matter.tex,2835,19509,18,0.92,62,proposition
unproved,calculus,mesoscale_matter.tex,"Mesoscale Matter as Constrained Field Dynamics [4pt] A Unified Framework for Structure, Transport, …",mesoscale_matter.tex,2947,19509,18,0.92,62,proposition
unproved,calculus,mesoscale_matter.tex,"Mesoscale Matter as Constrained Field Dynamics [4pt] A Unified Framework for Structure, Transport, …",mesoscale_matter.tex,2986,19509,18,0.92,62,proposition
unproved,calculus,mesoscale_matter.tex,"Mesoscale Matter as Constrained Field Dynamics [4pt] A Unified Framework for Structure, Transport, …",mesoscale_matter.tex,2999,19509,18,0.92,62,proposition
unproved,calculus,mesoscale_matter.tex,"Mesoscale Matter as Constrained Field Dynamics [4pt] A Unified Framework for Structure, Transport, …",mesoscale_matter.tex,3029,19509,18,0.92,62,proposition
unproved,calculus,mesoscale_matter.tex,"Mesoscale Matter as Constrained Field Dynamics [4pt] A Unified Framework for Structure, Transport, …",mesoscale_matter.tex,3214,19509,18,0.92,62,proposition
unproved,calculus,mesoscale_matter.tex,"Mesoscale Matter as Constrained Field Dynamics [4pt] A Unified Framework for Structure, Transport, …",mesoscale_matter.tex,3225,19509,18,0.92,62,proposition
unproved,calculus,mesoscale_matter.tex,"Mesoscale Matter as Constrained Field Dynamics [4pt] A Unified Framework for Structure, Transport, …",mesoscale_matter.tex,3241,19509,18,0.92,62,proposition
unproved,calculus,mesoscale_matter.tex,"Mesoscale Matter as Constrained Field Dynamics [4pt] A Unified Framework for Structure, Transport, …",mesoscale_matter.tex,3248,19509,18,0.92,62,proposition
unproved,calculus,mesoscale_matter.tex,"Mesoscale Matter as Constrained Field Dynamics [4pt] A Unified Framework for Structure, Transport, …",mesoscale_matter.tex,3308,19509,18,0.92,62,proposition
unproved,calculus,mesoscale_matter.tex,"Mesoscale Matter as Constrained Field Dynamics [4pt] A Unified Framework for Structure, Transport, …",mesoscale_matter.tex,3459,19509,18,0.92,62,proposition
unproved,calculus,mesoscale_matter.tex,"Mesoscale Matter as Constrained Field Dynamics [4pt] A Unified Framework for Structure, Transport, …",mesoscale_matter.tex,3501,19509,18,0.92,62,proposition
unproved,calculus,mesoscale_matter.tex,"Mesoscale Matter as Constrained Field Dynamics [4pt] A Unified Framework for Structure, Transport, …",mesoscale_matter.tex,3677,19509,18,0.92,62,corollary
unproved,calculus,mesoscale_matter.tex,"Mesoscale Matter as Constrained Field Dynamics [4pt] A Unified Framework for Structure, Transport, …",mesoscale_matter.tex,4145,19509,18,0.92,62,proposition
unproved,calculus,mesoscale_matter.tex,"Mesoscale Matter as Constrained Field Dynamics [4pt] A Unified Framework for Structure, Transport, …",mesoscale_matter.tex,4150,19509,18,0.92,62,proposition
unproved,calculus,mesoscale_matter.tex,"Mesoscale Matter as Constrained Field Dynamics [4pt] A Unified Framework for Structure, Transport, …",mesoscale_matter.tex,4155,19509,18,0.92,62,proposition
unproved,alphabet,example/threshold-of-deferral.tex,The Threshold of Deferral [4pt] A Crossover Theorem for Maintenance and Repair,example/threshold-of-deferral.tex,202,3700,0,0.0,0,corollary
unproved,alphabet,example/threshold-of-deferral.tex,The Threshold of Deferral [4pt] A Crossover Theorem for Maintenance and Repair,example/threshold-of-deferral.tex,257,3700,0,0.0,0,proposition
unproved,antivenom,Authoritative History.tex,Authoritative History and the Limits of Autoregressive Intelligence,Authoritative History.tex,392,10858,0,0.0,31,corollary
unproved,antivenom,Authoritative History.tex,Authoritative History and the Limits of Autoregressive Intelligence,Authoritative History.tex,618,10858,0,0.0,31,corollary
unproved,antivenom,Authoritative History.tex,Authoritative History and the Limits of Autoregressive Intelligence,Authoritative History.tex,737,10858,0,0.0,31,corollary
unproved,antivenom,Authoritative History.tex,Authoritative History and the Limits of Autoregressive Intelligence,Authoritative History.tex,1132,10858,0,0.0,31,theorem
unproved,antivenom,Authoritative History.tex,Authoritative History and the Limits of Autoregressive Intelligence,Authoritative History.tex,1173,10858,0,0.0,31,proposition
unproved,antivenom,Authoritative History.tex,Authoritative History and the Limits of Autoregressive Intelligence,Authoritative History.tex,1212,10858,0,0.0,31,proposition
unproved,antivenom,Authoritative History.tex,Authoritative History and the Limits of Autoregressive Intelligence,Authoritative History.tex,1260,10858,0,0.0,31,theorem
unproved,antivenom,Authoritative History.tex,Authoritative History and the Limits of Autoregressive Intelligence,Authoritative History.tex,1291,10858,0,0.0,31,proposition
unproved,alphabet,Abstraction as Reduction.tex,"Abstraction as Reduction: A Unified Account of Evaluation, Structure, and Proof",Abstraction as Reduction.tex,5838,32013,5,0.16,0,theorem
unproved,alphabet,Abstraction as Reduction.tex,"Abstraction as Reduction: A Unified Account of Evaluation, Structure, and Proof",Abstraction as Reduction.tex,6281,32013,5,0.16,0,theorem
unproved,alphabet,Abstraction as Reduction.tex,"Abstraction as Reduction: A Unified Account of Evaluation, Structure, and Proof",Abstraction as Reduction.tex,6531,32013,5,0.16,0,theorem
unproved,research-projects,epistemology/recursive-admissibility.tex,recursive-admissibility.tex,epistemology/recursive-admissibility.tex,285,14407,0,0.0,0,proposition
unproved,research-projects,epistemology/recursive-admissibility.tex,recursive-admissibility.tex,epistemology/recursive-admissibility.tex,348,14407,0,0.0,0,theorem
unproved,research-projects,epistemology/recursive-admissibility.tex,recursive-admissibility.tex,epistemology/recursive-admissibility.tex,584,14407,0,0.0,0,proposition
unproved,research-projects,epistemology/recursive-admissibility.tex,recursive-admissibility.tex,epistemology/recursive-admissibility.tex,742,14407,0,0.0,0,theorem
unproved,research-projects,epistemology/recursive-admissibility.tex,recursive-admissibility.tex,epistemology/recursive-admissibility.tex,784,14407,0,0.0,0,theorem
unproved,research-projects,epistemology/recursive-admissibility.tex,recursive-admissibility.tex,epistemology/recursive-admissibility.tex,865,14407,0,0.0,0,theorem
unproved,research-projects,epistemology/recursive-admissibility.tex,recursive-admissibility.tex,epistemology/recursive-admissibility.tex,908,14407,0,0.0,0,theorem
unproved,research-projects,epistemology/recursive-admissibility.tex,recursive-admissibility.tex,epistemology/recursive-admissibility.tex,1062,14407,0,0.0,0,theorem
unproved,research-projects,epistemology/recursive-admissibility.tex,recursive-admissibility.tex,epistemology/recursive-admissibility.tex,1212,14407,0,0.0,0,proposition
unproved,research-projects,epistemology/recursive-admissibility.tex,recursive-admissibility.tex,epistemology/recursive-admissibility.tex,1351,14407,0,0.0,0,proposition
unproved,research-projects,epistemology/recursive-admissibility.tex,recursive-admissibility.tex,epistemology/recursive-admissibility.tex,1375,14407,0,0.0,0,theorem
unproved,research-projects,epistemology/recursive-admissibility.tex,recursive-admissibility.tex,epistemology/recursive-admissibility.tex,1413,14407,0,0.0,0,proposition
unproved,research-projects,interpretability/Mechanistic Interpretability.tex,Mechanistic Interpretability as Causal Reverse Engineering,interpretability/Mechanistic Interpretability.tex,322,3539,0,0.0,0,proposition
unproved,robotics,hierarchical_continuation.tex,Hierarchical Continuation and the Geometry of Locomotion,hierarchical_continuation.tex,158,9085,0,0.0,0,corollary
unproved,robotics,hierarchical_continuation.tex,Hierarchical Continuation and the Geometry of Locomotion,hierarchical_continuation.tex,220,9085,0,0.0,0,corollary
unproved,robotics,hierarchical_continuation.tex,Hierarchical Continuation and the Geometry of Locomotion,hierarchical_continuation.tex,249,9085,0,0.0,0,proposition
unproved,robotics,hierarchical_continuation.tex,Hierarchical Continuation and the Geometry of Locomotion,hierarchical_continuation.tex,282,9085,0,0.0,0,proposition
unproved,standardgalactic,constraint_trajectory_irreversibility.tex,constraint_trajectory_irreversibility.tex,constraint_trajectory_irreversibility.tex,570,12947,0,0.0,0,corollary
unproved,standardgalactic,constraint_trajectory_irreversibility.tex,constraint_trajectory_irreversibility.tex,constraint_trajectory_irreversibility.tex,729,12947,0,0.0,0,corollary
unproved,standardgalactic,constraint_trajectory_irreversibility.tex,constraint_trajectory_irreversibility.tex,constraint_trajectory_irreversibility.tex,794,12947,0,0.0,0,corollary
unproved,standardgalactic,constraint_trajectory_irreversibility.tex,constraint_trajectory_irreversibility.tex,constraint_trajectory_irreversibility.tex,1269,12947,0,0.0,0,proposition
unproved,standardgalactic,constraint_trajectory_irreversibility.tex,constraint_trajectory_irreversibility.tex,constraint_trajectory_irreversibility.tex,1365,12947,0,0.0,0,theorem
unproved,standardgalactic,constraint_trajectory_irreversibility.tex,constraint_trajectory_irreversibility.tex,constraint_trajectory_irreversibility.tex,1671,12947,0,0.0,0,proposition
unproved,standardgalactic,constraint_trajectory_irreversibility.tex,constraint_trajectory_irreversibility.tex,constraint_trajectory_irreversibility.tex,1807,12947,0,0.0,0,corollary
unproved,standardgalactic,constraint_trajectory_irreversibility.tex,constraint_trajectory_irreversibility.tex,constraint_trajectory_irreversibility.tex,1816,12947,0,0.0,0,corollary
unproved,standardgalactic,constraint_trajectory_irreversibility.tex,constraint_trajectory_irreversibility.tex,constraint_trajectory_irreversibility.tex,2253,12947,0,0.0,0,corollary
unproved,standardgalactic,constraint_trajectory_irreversibility.tex,constraint_trajectory_irreversibility.tex,constraint_trajectory_irreversibility.tex,2354,12947,0,0.0,0,theorem
unproved,kitbash,processing/unreadability.tex,The Unreadability of Dynamic Readability: An Explicit Specification of a Conceptualization [0.5em] …,processing/unreadability.tex,234,5058,0,0.0,0,proposition
unproved,alphabet,resources/autonomous-systems.tex,autonomous-systems.tex,resources/autonomous-systems.tex,4185,8259,0,0.0,29,theorem
unproved,alphabet,resources/autonomous-systems.tex,autonomous-systems.tex,resources/autonomous-systems.tex,4228,8259,0,0.0,29,proposition
unproved,alphabet,resources/autonomous-systems.tex,autonomous-systems.tex,resources/autonomous-systems.tex,4286,8259,0,0.0,29,theorem
unproved,research-projects,philosophy/reconstruction_and_distinction.tex,reconstruction_and_distinction.tex,philosophy/reconstruction_and_distinction.tex,802,21098,0,0.0,0,claim
unproved,research-projects,philosophy/reconstruction_and_distinction.tex,reconstruction_and_distinction.tex,philosophy/reconstruction_and_distinction.tex,854,21098,0,0.0,0,claim
unproved,research-projects,philosophy/reconstruction_and_distinction.tex,reconstruction_and_distinction.tex,philosophy/reconstruction_and_distinction.tex,896,21098,0,0.0,0,claim
unproved,research-projects,philosophy/reconstruction_and_distinction.tex,reconstruction_and_distinction.tex,philosophy/reconstruction_and_distinction.tex,931,21098,0,0.0,0,claim
unproved,research-projects,philosophy/reconstruction_and_distinction.tex,reconstruction_and_distinction.tex,philosophy/reconstruction_and_distinction.tex,1485,21098,0,0.0,0,claim
unproved,research-projects,philosophy/reconstruction_and_distinction.tex,reconstruction_and_distinction.tex,philosophy/reconstruction_and_distinction.tex,1612,21098,0,0.0,0,claim
unproved,research-projects,philosophy/reconstruction_and_distinction.tex,reconstruction_and_distinction.tex,philosophy/reconstruction_and_distinction.tex,1910,21098,0,0.0,0,claim
unproved,research-projects,philosophy/reconstruction_and_distinction.tex,reconstruction_and_distinction.tex,philosophy/reconstruction_and_distinction.tex,2430,21098,0,0.0,0,claim
unproved,research-projects,philosophy/reconstruction_and_distinction.tex,reconstruction_and_distinction.tex,philosophy/reconstruction_and_distinction.tex,2582,21098,0,0.0,0,claim
unproved,research-projects,philosophy/reconstruction_and_distinction.tex,reconstruction_and_distinction.tex,philosophy/reconstruction_and_distinction.tex,2625,21098,0,0.0,0,claim
unproved,research-projects,philosophy/reconstruction_and_distinction.tex,reconstruction_and_distinction.tex,philosophy/reconstruction_and_distinction.tex,2733,21098,0,0.0,0,claim
unproved,alphabet,Against_Indiscriminate_Visibility.tex,"Against Indiscriminate Visibility: On the Structural Risks of Virality, Publicity, and Exposure",Against_Indiscriminate_Visibility.tex,808,14266,0,0.0,31,corollary
unproved,alphabet,Against_Indiscriminate_Visibility.tex,"Against Indiscriminate Visibility: On the Structural Risks of Virality, Publicity, and Exposure",Against_Indiscriminate_Visibility.tex,812,14266,0,0.0,31,corollary
unproved,alphabet,Against_Indiscriminate_Visibility.tex,"Against Indiscriminate Visibility: On the Structural Risks of Virality, Publicity, and Exposure",Against_Indiscriminate_Visibility.tex,816,14266,0,0.0,31,corollary
unproved,alphabet,Against_Indiscriminate_Visibility.tex,"Against Indiscriminate Visibility: On the Structural Risks of Virality, Publicity, and Exposure",Against_Indiscriminate_Visibility.tex,1022,14266,0,0.0,31,corollary
unproved,alphabet,Against_Indiscriminate_Visibility.tex,"Against Indiscriminate Visibility: On the Structural Risks of Virality, Publicity, and Exposure",Against_Indiscriminate_Visibility.tex,1029,14266,0,0.0,31,corollary
unproved,paracosm,workspace/proof-of-god.tex,Mathematical Proof for the Existence of God [0.3em] A Study in Constraint Theology,workspace/proof-of-god.tex,163,41989,0,0.0,0,proposition
unproved,paracosm,workspace/proof-of-god.tex,Mathematical Proof for the Existence of God [0.3em] A Study in Constraint Theology,workspace/proof-of-god.tex,212,41989,0,0.0,0,proposition
unproved,paracosm,workspace/proof-of-god.tex,Mathematical Proof for the Existence of God [0.3em] A Study in Constraint Theology,workspace/proof-of-god.tex,310,41989,0,0.0,0,proposition
unproved,paracosm,workspace/proof-of-god.tex,Mathematical Proof for the Existence of God [0.3em] A Study in Constraint Theology,workspace/proof-of-god.tex,368,41989,0,0.0,0,proposition
unproved,alphabet,research/repair_as_fundamental.tex,Repair as a Fundamental Category Toward an Ontology of Restoration,research/repair_as_fundamental.tex,178,6346,0,0.0,0,proposition
unproved,alphabet,research/repair_as_fundamental.tex,Repair as a Fundamental Category Toward an Ontology of Restoration,research/repair_as_fundamental.tex,767,6346,0,0.0,0,proposition
unproved,library,system/viewpoint-diversity.tex,Viewpoint Diversity: Cultural Constructs and the Architecture of Mind,system/viewpoint-diversity.tex,2035,12999,31,2.38,0,corollary
unproved,library,system/viewpoint-diversity.tex,Viewpoint Diversity: Cultural Constructs and the Architecture of Mind,system/viewpoint-diversity.tex,2040,12999,31,2.38,0,corollary
unproved,library,system/viewpoint-diversity.tex,Viewpoint Diversity: Cultural Constructs and the Architecture of Mind,system/viewpoint-diversity.tex,2048,12999,31,2.38,0,corollary
unproved,library,system/viewpoint-diversity.tex,Viewpoint Diversity: Cultural Constructs and the Architecture of Mind,system/viewpoint-diversity.tex,2145,12999,31,2.38,0,corollary
unproved,library,system/viewpoint-diversity.tex,Viewpoint Diversity: Cultural Constructs and the Architecture of Mind,system/viewpoint-diversity.tex,2151,12999,31,2.38,0,corollary
unproved,research-projects,polyxan-semantic-hyperstructure.tex,RSVP--Polyxan: A Unified Field Theory of Semantic Hyperstructures,polyxan-semantic-hyperstructure.tex,882,7598,1,0.13,33,theorem
unproved,research-projects,polyxan-semantic-hyperstructure.tex,RSVP--Polyxan: A Unified Field Theory of Semantic Hyperstructures,polyxan-semantic-hyperstructure.tex,947,7598,1,0.13,33,theorem
unproved,research-projects,polyxan-semantic-hyperstructure.tex,RSVP--Polyxan: A Unified Field Theory of Semantic Hyperstructures,polyxan-semantic-hyperstructure.tex,1348,7598,1,0.13,33,proposition
unproved,research-projects,paper/ledger-without-value.tex,ledger-without-value.tex,paper/ledger-without-value.tex,175,4721,0,0.0,0,proposition
unproved,research-projects,paper/ledger-without-value.tex,ledger-without-value.tex,paper/ledger-without-value.tex,179,4721,0,0.0,0,proposition
unproved,alphabet,research/semantic_stability.tex,"Semantic Stability as a Repair Equilibrium Threshold, Attenuation, and Irreversible Collapse in Con…",research/semantic_stability.tex,370,4533,0,0.0,0,proposition
unproved,alphabet,research/semantic_stability.tex,"Semantic Stability as a Repair Equilibrium Threshold, Attenuation, and Irreversible Collapse in Con…",research/semantic_stability.tex,494,4533,0,0.0,0,corollary
unproved,alphabet,research/semantic_stability.tex,"Semantic Stability as a Repair Equilibrium Threshold, Attenuation, and Irreversible Collapse in Con…",research/semantic_stability.tex,583,4533,0,0.0,0,corollary
unproved,antivenom,resources/processing/in_progress/main.tex,main.tex,resources/processing/in_progress/chapters/ch03_four_operations.tex,98,37792,0,0.0,0,theorem
unproved,antivenom,resources/processing/in_progress/main.tex,main.tex,resources/processing/in_progress/chapters/ch03_four_operations.tex,136,37792,0,0.0,0,theorem
unproved,antivenom,resources/processing/in_progress/main.tex,main.tex,resources/processing/in_progress/chapters/ch03_four_operations.tex,151,37792,0,0.0,0,theorem
unproved,antivenom,resources/processing/in_progress/main.tex,main.tex,resources/processing/in_progress/chapters/ch03_four_operations.tex,166,37792,0,0.0,0,theorem
unproved,antivenom,resources/processing/in_progress/main.tex,main.tex,resources/processing/in_progress/chapters/ch03_four_operations.tex,173,37792,0,0.0,0,corollary
unproved,antivenom,resources/processing/in_progress/main.tex,main.tex,resources/processing/in_progress/chapters/ch03_four_operations.tex,189,37792,0,0.0,0,theorem
unproved,antivenom,resources/processing/in_progress/main.tex,main.tex,resources/processing/in_progress/chapters/ch03_four_operations.tex,199,37792,0,0.0,0,corollary
unproved,antivenom,resources/processing/in_progress/main.tex,main.tex,resources/processing/in_progress/chapters/ch03_four_operations.tex,233,37792,0,0.0,0,theorem
unproved,antivenom,resources/processing/in_progress/main.tex,main.tex,resources/processing/in_progress/chapters/ch03_four_operations.tex,302,37792,0,0.0,0,theorem
unproved,antivenom,resources/processing/in_progress/main.tex,main.tex,resources/processing/in_progress/chapters/ch05_repair_economics.tex,154,37792,0,0.0,0,corollary
unproved,antivenom,resources/processing/in_progress/main.tex,main.tex,resources/processing/in_progress/chapters/ch10_composition_failure.tex,58,37792,0,0.0,0,theorem
unproved,alphabet,aphantasia/extending-aphantasia-essay.tex,Extending ``Wordless Imageless Thought'': Modal Cognition in the Relativistic Scalar--Vector Plenum,aphantasia/extending-aphantasia-essay.tex,170,14277,10,0.7,44,corollary
unproved,alphabet,aphantasia/extending-aphantasia-essay.tex,Extending ``Wordless Imageless Thought'': Modal Cognition in the Relativistic Scalar--Vector Plenum,aphantasia/extending-aphantasia-essay.tex,748,14277,10,0.7,44,proposition
unproved,alphabet,aphantasia/extending-aphantasia-essay.tex,Extending ``Wordless Imageless Thought'': Modal Cognition in the Relativistic Scalar--Vector Plenum,aphantasia/extending-aphantasia-essay.tex,785,14277,10,0.7,44,corollary
unproved,alphabet,aphantasia/extending-aphantasia-essay.tex,Extending ``Wordless Imageless Thought'': Modal Cognition in the Relativistic Scalar--Vector Plenum,aphantasia/extending-aphantasia-essay.tex,809,14277,10,0.7,44,theorem
unproved,alphabet,aphantasia/extending-aphantasia-essay.tex,Extending ``Wordless Imageless Thought'': Modal Cognition in the Relativistic Scalar--Vector Plenum,aphantasia/extending-aphantasia-essay.tex,980,14277,10,0.7,44,corollary
unproved,alphabet,aphantasia/extending-aphantasia-essay.tex,Extending ``Wordless Imageless Thought'': Modal Cognition in the Relativistic Scalar--Vector Plenum,aphantasia/extending-aphantasia-essay.tex,1100,14277,10,0.7,44,corollary
unproved,alphabet,aphantasia/extending-aphantasia-essay.tex,Extending ``Wordless Imageless Thought'': Modal Cognition in the Relativistic Scalar--Vector Plenum,aphantasia/extending-aphantasia-essay.tex,1144,14277,10,0.7,44,proposition
unproved,alphabet,aphantasia/extending-aphantasia-essay.tex,Extending ``Wordless Imageless Thought'': Modal Cognition in the Relativistic Scalar--Vector Plenum,aphantasia/extending-aphantasia-essay.tex,1283,14277,10,0.7,44,corollary
unproved,alphabet,aphantasia/extending-aphantasia-essay.tex,Extending ``Wordless Imageless Thought'': Modal Cognition in the Relativistic Scalar--Vector Plenum,aphantasia/extending-aphantasia-essay.tex,1434,14277,10,0.7,44,corollary
unproved,alphabet,aphantasia/extending-aphantasia-essay.tex,Extending ``Wordless Imageless Thought'': Modal Cognition in the Relativistic Scalar--Vector Plenum,aphantasia/extending-aphantasia-essay.tex,1460,14277,10,0.7,44,proposition
unproved,alphabet,research/screenplay_as_program.tex,"The Historical Screenplay as Spherepop Program Executable History, Semantic Collapse, and Three Not…",research/screenplay_as_program.tex,190,6140,0,0.0,0,proposition
unproved,alphabet,research/screenplay_as_program.tex,"The Historical Screenplay as Spherepop Program Executable History, Semantic Collapse, and Three Not…",research/screenplay_as_program.tex,549,6140,0,0.0,0,theorem
unproved,alphabet,research/screenplay_as_program.tex,"The Historical Screenplay as Spherepop Program Executable History, Semantic Collapse, and Three Not…",research/screenplay_as_program.tex,626,6140,0,0.0,0,proposition
unproved,arcanum,realization-map.tex,realization-map.tex,realization-map.tex,221,5235,11,2.1,0,proposition
unproved,arcanum,realization-map.tex,realization-map.tex,realization-map.tex,292,5235,11,2.1,0,corollary
unproved,arcanum,realization-map.tex,realization-map.tex,realization-map.tex,301,5235,11,2.1,0,proposition
unproved,arcanum,realization-map.tex,realization-map.tex,realization-map.tex,332,5235,11,2.1,0,proposition
unproved,arcanum,realization-map.tex,realization-map.tex,realization-map.tex,389,5235,11,2.1,0,proposition
unproved,arcanum,realization-map.tex,realization-map.tex,realization-map.tex,396,5235,11,2.1,0,proposition
unproved,arcanum,realization-map.tex,realization-map.tex,realization-map.tex,404,5235,11,2.1,0,proposition
unproved,arcanum,realization-map.tex,realization-map.tex,realization-map.tex,438,5235,11,2.1,0,proposition
unproved,arcanum,realization-map.tex,realization-map.tex,realization-map.tex,444,5235,11,2.1,0,proposition
unproved,arcanum,realization-map.tex,realization-map.tex,realization-map.tex,450,5235,11,2.1,0,proposition
unproved,arcanum,realization-map.tex,realization-map.tex,realization-map.tex,516,5235,11,2.1,0,proposition
unproved,arcanum,realization-map.tex,realization-map.tex,realization-map.tex,524,5235,11,2.1,0,proposition
unproved,arcanum,realization-map.tex,realization-map.tex,realization-map.tex,555,5235,11,2.1,0,proposition
unproved,arcanum,realization-map.tex,realization-map.tex,realization-map.tex,626,5235,11,2.1,0,proposition
unproved,arcanum,realization-map.tex,realization-map.tex,realization-map.tex,688,5235,11,2.1,0,corollary
unproved,arcanum,realization-map.tex,realization-map.tex,realization-map.tex,695,5235,11,2.1,0,proposition
unproved,arcanum,realization-map.tex,realization-map.tex,realization-map.tex,702,5235,11,2.1,0,proposition
unproved,arcanum,realization-map.tex,realization-map.tex,realization-map.tex,709,5235,11,2.1,0,proposition
unproved,arcanum,realization-map.tex,realization-map.tex,realization-map.tex,767,5235,11,2.1,0,proposition
unproved,arcanum,realization-map.tex,realization-map.tex,realization-map.tex,794,5235,11,2.1,0,proposition
unproved,arcanum,realization-map.tex,realization-map.tex,realization-map.tex,804,5235,11,2.1,0,proposition
unproved,arcanum,realization-map.tex,realization-map.tex,realization-map.tex,814,5235,11,2.1,0,proposition
unproved,arcanum,realization-map.tex,realization-map.tex,realization-map.tex,875,5235,11,2.1,0,proposition
unproved,arcanum,realization-map.tex,realization-map.tex,realization-map.tex,883,5235,11,2.1,0,proposition
unproved,arcanum,realization-map.tex,realization-map.tex,realization-map.tex,908,5235,11,2.1,0,proposition
unproved,arcanum,realization-map.tex,realization-map.tex,realization-map.tex,915,5235,11,2.1,0,theorem
unproved,arcanum,realization-map.tex,realization-map.tex,realization-map.tex,932,5235,11,2.1,0,theorem
unproved,arcanum,realization-map.tex,realization-map.tex,realization-map.tex,978,5235,11,2.1,0,proposition
unproved,arcanum,realization-map.tex,realization-map.tex,realization-map.tex,1029,5235,11,2.1,0,proposition
unproved,arcanum,realization-map.tex,realization-map.tex,realization-map.tex,1038,5235,11,2.1,0,proposition
unproved,arcanum,realization-map.tex,realization-map.tex,realization-map.tex,1051,5235,11,2.1,0,proposition
unproved,arcanum,realization-map.tex,realization-map.tex,realization-map.tex,1098,5235,11,2.1,0,proposition
unproved,arcanum,realization-map.tex,realization-map.tex,realization-map.tex,1111,5235,11,2.1,0,proposition
unproved,arcanum,realization-map.tex,realization-map.tex,realization-map.tex,1120,5235,11,2.1,0,proposition
unproved,library,baseline/text_as_substrate.tex,Text as Substrate: On Semantic Compression and the Emergence of a Universal Representational Medium,baseline/text_as_substrate.tex,183,19222,0,0.0,74,proposition
unproved,library,baseline/text_as_substrate.tex,Text as Substrate: On Semantic Compression and the Emergence of a Universal Representational Medium,baseline/text_as_substrate.tex,326,19222,0,0.0,74,proposition
unproved,library,baseline/text_as_substrate.tex,Text as Substrate: On Semantic Compression and the Emergence of a Universal Representational Medium,baseline/text_as_substrate.tex,384,19222,0,0.0,74,proposition
unproved,library,baseline/text_as_substrate.tex,Text as Substrate: On Semantic Compression and the Emergence of a Universal Representational Medium,baseline/text_as_substrate.tex,421,19222,0,0.0,74,proposition
unproved,library,baseline/text_as_substrate.tex,Text as Substrate: On Semantic Compression and the Emergence of a Universal Representational Medium,baseline/text_as_substrate.tex,694,19222,0,0.0,74,proposition
unproved,library,baseline/text_as_substrate.tex,Text as Substrate: On Semantic Compression and the Emergence of a Universal Representational Medium,baseline/text_as_substrate.tex,742,19222,0,0.0,74,theorem
unproved,library,baseline/text_as_substrate.tex,Text as Substrate: On Semantic Compression and the Emergence of a Universal Representational Medium,baseline/text_as_substrate.tex,818,19222,0,0.0,74,proposition
unproved,library,baseline/text_as_substrate.tex,Text as Substrate: On Semantic Compression and the Emergence of a Universal Representational Medium,baseline/text_as_substrate.tex,875,19222,0,0.0,74,proposition
unproved,library,baseline/text_as_substrate.tex,Text as Substrate: On Semantic Compression and the Emergence of a Universal Representational Medium,baseline/text_as_substrate.tex,1016,19222,0,0.0,74,proposition
unproved,library,baseline/text_as_substrate.tex,Text as Substrate: On Semantic Compression and the Emergence of a Universal Representational Medium,baseline/text_as_substrate.tex,1040,19222,0,0.0,74,proposition
unproved,library,baseline/text_as_substrate.tex,Text as Substrate: On Semantic Compression and the Emergence of a Universal Representational Medium,baseline/text_as_substrate.tex,1179,19222,0,0.0,74,corollary
unproved,library,baseline/text_as_substrate.tex,Text as Substrate: On Semantic Compression and the Emergence of a Universal Representational Medium,baseline/text_as_substrate.tex,1692,19222,0,0.0,74,theorem
unproved,library,baseline/text_as_substrate.tex,Text as Substrate: On Semantic Compression and the Emergence of a Universal Representational Medium,baseline/text_as_substrate.tex,1710,19222,0,0.0,74,theorem
unproved,calculus,kernel-memory.tex,"Kernel Operators, Memory, and Field-Theoretic Dynamics [0.5em] Dynamics as Functionals of Trajector…",kernel-memory.tex,642,10101,0,0.0,24,proposition
unproved,calculus,kernel-memory.tex,"Kernel Operators, Memory, and Field-Theoretic Dynamics [0.5em] Dynamics as Functionals of Trajector…",kernel-memory.tex,1931,10101,0,0.0,24,corollary
unproved,calculus,kernel-memory.tex,"Kernel Operators, Memory, and Field-Theoretic Dynamics [0.5em] Dynamics as Functionals of Trajector…",kernel-memory.tex,2040,10101,0,0.0,24,proposition
unproved,calculus,kernel-memory.tex,"Kernel Operators, Memory, and Field-Theoretic Dynamics [0.5em] Dynamics as Functionals of Trajector…",kernel-memory.tex,2054,10101,0,0.0,24,theorem
unproved,alphabet,example/ecology-of-constraints.tex,The Ecology of Constraints [4pt] Feasibility and Diversity in Constraint Populations,example/ecology-of-constraints.tex,71,2222,0,0.0,0,corollary
unproved,alphabet,research/language_as_constraint_field.tex,"Language as Constraint Field Grammar, Repair, and Admissibility in Semantic Manifolds",research/language_as_constraint_field.tex,428,6842,0,0.0,0,proposition
unproved,alphabet,research/language_as_constraint_field.tex,"Language as Constraint Field Grammar, Repair, and Admissibility in Semantic Manifolds",research/language_as_constraint_field.tex,654,6842,0,0.0,0,proposition
unproved,alphabet,research/language_as_constraint_field.tex,"Language as Constraint Field Grammar, Repair, and Admissibility in Semantic Manifolds",research/language_as_constraint_field.tex,820,6842,0,0.0,0,corollary
unproved,research-projects,Aurora/biodiversity-as-infrastructure.tex,Biodiversity as Infrastructure [0.5em] Toward the Universalization of Living Roofs: [0.2em] A Therm…,Aurora/biodiversity-as-infrastructure.tex,343,5151,0,0.0,0,corollary
unproved,8b-is:8b-public-documents,framework/ortyx-project/main.tex,main.tex,framework/ortyx-project/parts/part4/ch20.tex,35,46222,0,0.0,0,proposition
unproved,8b-is:8b-public-documents,framework/ortyx-project/main.tex,main.tex,framework/ortyx-project/parts/part4/ch20.tex,48,46222,0,0.0,0,proposition
unproved,8b-is:8b-public-documents,framework/ortyx-project/main.tex,main.tex,framework/ortyx-project/parts/part4/ch20.tex,59,46222,0,0.0,0,proposition
unproved,8b-is:8b-public-documents,framework/ortyx-project/main.tex,main.tex,framework/ortyx-project/parts/part4/ch20.tex,72,46222,0,0.0,0,proposition
unproved,8b-is:8b-public-documents,framework/ortyx-project/main.tex,main.tex,framework/ortyx-project/parts/part4/ch20.tex,86,46222,0,0.0,0,proposition
unproved,antivenom,rhetoric/Friction as Inoculation.tex,"Friction as Inoculation: [4pt] Null Preservation, Bounded Difficulty, [2pt] and the Architecture of…",rhetoric/Friction as Inoculation.tex,289,10869,8,0.74,14,corollary
unproved,antivenom,rhetoric/Friction as Inoculation.tex,"Friction as Inoculation: [4pt] Null Preservation, Bounded Difficulty, [2pt] and the Architecture of…",rhetoric/Friction as Inoculation.tex,325,10869,8,0.74,14,proposition
unproved,8b-is:claimshift,manifest-protocol-verification-inheritance.tex,"A Manifest Protocol for Verification Inheritance Locators, Claim Graphs, and Policy-Qualified Trust…",manifest-protocol-verification-inheritance.tex,125,3138,0,0.0,0,proposition
unproved,Centerfuge,essay/draft-01/monograph.tex,Polyglot Modular Computation via Sheaf Cohomology: A Monumental Categorical Treatise with Historica…,essay/draft-01/monograph.tex,364,1273,3,2.36,0,theorem
unproved,alphabet,pipeline/continuation_operators.tex,Continuation Operators: A Formal Model of Prompt Chains,pipeline/continuation_operators.tex,104,4753,0,0.0,0,corollary
unproved,antivenom,Interface-opacity.tex,Interface Opacity and the Suppression of Agency: Dark Patterns in Contemporary AI Interaction,Interface-opacity.tex,533,5207,0,0.0,0,corollary
unproved,research-projects,epistemology/spherepop/Semantic-Consistency.tex,"Semantic Consistency as a Systems Invariant: Replay, Abstraction, and Event-Sourced Computation",epistemology/spherepop/Semantic-Consistency.tex,62,1051,0,0.0,0,proposition
unproved,research-projects,epistemology/spherepop/Semantic-Consistency.tex,"Semantic Consistency as a Systems Invariant: Replay, Abstraction, and Event-Sourced Computation",epistemology/spherepop/Semantic-Consistency.tex,96,1051,0,0.0,0,proposition
unproved,research-projects,epistemology/spherepop/Semantic-Consistency.tex,"Semantic Consistency as a Systems Invariant: Replay, Abstraction, and Event-Sourced Computation",epistemology/spherepop/Semantic-Consistency.tex,124,1051,0,0.0,0,proposition
unproved,alphabet,aphantasia/quantum-spherepop.tex,Quantum SpherePop [0.35em] The RSVP Field in Complex Phase Space,aphantasia/quantum-spherepop.tex,2579,8928,2,0.22,7,proposition
unproved,calculus,baseline/admissibility-essay.tex,admissibility-essay.tex,baseline/admissibility-essay.tex,309,9418,0,0.0,40,claim
unproved,cognition-research,cosmological-memory.tex,Primordial Distinctions and Cosmological Memory: Galactic Spin as Persistence Under Transformation,cosmological-memory.tex,90,6339,0,0.0,16,proposition
unproved,cognition-research,cosmological-memory.tex,Primordial Distinctions and Cosmological Memory: Galactic Spin as Persistence Under Transformation,cosmological-memory.tex,201,6339,0,0.0,16,proposition
unproved,alphabet,roadmap/states_without_histories.tex,States Without Histories: Latent Reasoning as Admissibility-Field Traversal,roadmap/states_without_histories.tex,74,4438,0,0.0,17,proposition
unproved,research-projects,photonics/bayesian-photonics.tex,bayesian-photonics.tex,photonics/bayesian-photonics.tex,299,9166,0,0.0,22,theorem
unproved,research-projects,photonics/bayesian-photonics.tex,bayesian-photonics.tex,photonics/bayesian-photonics.tex,364,9166,0,0.0,22,theorem
unproved,research-projects,photonics/bayesian-photonics.tex,bayesian-photonics.tex,photonics/bayesian-photonics.tex,850,9166,0,0.0,22,proposition
unproved,research-projects,photonics/bayesian-photonics.tex,bayesian-photonics.tex,photonics/bayesian-photonics.tex,1478,9166,0,0.0,22,proposition
unproved,research-projects,framework/mechanical_inheritance.tex,"Mechanical Inheritance [0.4em] Collagen, Prenatal Movement, Maternal Matrix, and the Extracellular …",framework/mechanical_inheritance.tex,138,6881,18,2.62,18,proposition
unproved,research-projects,framework/mechanical_inheritance.tex,"Mechanical Inheritance [0.4em] Collagen, Prenatal Movement, Maternal Matrix, and the Extracellular …",framework/mechanical_inheritance.tex,142,6881,18,2.62,18,proposition
unproved,research-projects,framework/mechanical_inheritance.tex,"Mechanical Inheritance [0.4em] Collagen, Prenatal Movement, Maternal Matrix, and the Extracellular …",framework/mechanical_inheritance.tex,239,6881,18,2.62,18,proposition
unproved,research-projects,framework/mechanical_inheritance.tex,"Mechanical Inheritance [0.4em] Collagen, Prenatal Movement, Maternal Matrix, and the Extracellular …",framework/mechanical_inheritance.tex,292,6881,18,2.62,18,proposition
unproved,research-projects,framework/mechanical_inheritance.tex,"Mechanical Inheritance [0.4em] Collagen, Prenatal Movement, Maternal Matrix, and the Extracellular …",framework/mechanical_inheritance.tex,365,6881,18,2.62,18,proposition
unproved,research-projects,framework/mechanical_inheritance.tex,"Mechanical Inheritance [0.4em] Collagen, Prenatal Movement, Maternal Matrix, and the Extracellular …",framework/mechanical_inheritance.tex,393,6881,18,2.62,18,proposition
unproved,library,pipeline/monograph - draft 02.tex,Extrapolated Riemannian Curvature of Semantic Manifolds,pipeline/monograph - draft 02.tex,1811,7534,67,8.89,0,corollary
unproved,TARTAN,tartan.tex,TARTAN: Trajectory-Aware Recursive Tiling with Annotated Noise [0.5em] A Sheaf--Variational Archite…,tartan.tex,218,10246,8,0.78,19,theorem
unproved,TARTAN,tartan.tex,TARTAN: Trajectory-Aware Recursive Tiling with Annotated Noise [0.5em] A Sheaf--Variational Archite…,tartan.tex,560,10246,8,0.78,19,theorem
unproved,TARTAN,tartan.tex,TARTAN: Trajectory-Aware Recursive Tiling with Annotated Noise [0.5em] A Sheaf--Variational Archite…,tartan.tex,564,10246,8,0.78,19,theorem
unproved,TARTAN,tartan.tex,TARTAN: Trajectory-Aware Recursive Tiling with Annotated Noise [0.5em] A Sheaf--Variational Archite…,tartan.tex,613,10246,8,0.78,19,proposition
unproved,TARTAN,tartan.tex,TARTAN: Trajectory-Aware Recursive Tiling with Annotated Noise [0.5em] A Sheaf--Variational Archite…,tartan.tex,633,10246,8,0.78,19,proposition
unproved,TARTAN,tartan.tex,TARTAN: Trajectory-Aware Recursive Tiling with Annotated Noise [0.5em] A Sheaf--Variational Archite…,tartan.tex,649,10246,8,0.78,19,proposition
unproved,TARTAN,tartan.tex,TARTAN: Trajectory-Aware Recursive Tiling with Annotated Noise [0.5em] A Sheaf--Variational Archite…,tartan.tex,1104,10246,8,0.78,19,proposition
unproved,research-projects,epistemology/Spherepop-OS-extended.tex,"Spherepop OS: A Deterministic Semantic Operating System Formal Specification, Architectural Rationa…",epistemology/Spherepop-OS-extended.tex,329,7338,0,0.0,2,theorem
unproved,research-projects,epistemology/Spherepop-OS-extended.tex,"Spherepop OS: A Deterministic Semantic Operating System Formal Specification, Architectural Rationa…",epistemology/Spherepop-OS-extended.tex,475,7338,0,0.0,2,corollary
unproved,research-projects,epistemology/Spherepop-OS-extended.tex,"Spherepop OS: A Deterministic Semantic Operating System Formal Specification, Architectural Rationa…",epistemology/Spherepop-OS-extended.tex,484,7338,0,0.0,2,proposition
unproved,research-projects,epistemology/Spherepop-OS-extended.tex,"Spherepop OS: A Deterministic Semantic Operating System Formal Specification, Architectural Rationa…",epistemology/Spherepop-OS-extended.tex,499,7338,0,0.0,2,theorem
unproved,research-projects,epistemology/Spherepop-OS-extended.tex,"Spherepop OS: A Deterministic Semantic Operating System Formal Specification, Architectural Rationa…",epistemology/Spherepop-OS-extended.tex,786,7338,0,0.0,2,proposition
unproved,research-projects,epistemology/Spherepop-OS-extended.tex,"Spherepop OS: A Deterministic Semantic Operating System Formal Specification, Architectural Rationa…",epistemology/Spherepop-OS-extended.tex,803,7338,0,0.0,2,proposition
unproved,research-projects,epistemology/Spherepop-OS-extended.tex,"Spherepop OS: A Deterministic Semantic Operating System Formal Specification, Architectural Rationa…",epistemology/Spherepop-OS-extended.tex,811,7338,0,0.0,2,proposition
unproved,alphabet,Counterfactual Explanation as Perceptual Control.tex,Counterfactual Explanation as Perceptual Control,Counterfactual Explanation as Perceptual Control.tex,112,15067,2,0.13,0,proposition
unproved,alphabet,Counterfactual Explanation as Perceptual Control.tex,Counterfactual Explanation as Perceptual Control,Counterfactual Explanation as Perceptual Control.tex,174,15067,2,0.13,0,proposition
unproved,alphabet,Counterfactual Explanation as Perceptual Control.tex,Counterfactual Explanation as Perceptual Control,Counterfactual Explanation as Perceptual Control.tex,194,15067,2,0.13,0,proposition
unproved,alphabet,Counterfactual Explanation as Perceptual Control.tex,Counterfactual Explanation as Perceptual Control,Counterfactual Explanation as Perceptual Control.tex,208,15067,2,0.13,0,proposition
unproved,alphabet,Counterfactual Explanation as Perceptual Control.tex,Counterfactual Explanation as Perceptual Control,Counterfactual Explanation as Perceptual Control.tex,242,15067,2,0.13,0,proposition
unproved,alphabet,Counterfactual Explanation as Perceptual Control.tex,Counterfactual Explanation as Perceptual Control,Counterfactual Explanation as Perceptual Control.tex,560,15067,2,0.13,0,proposition
unproved,alphabet,Counterfactual Explanation as Perceptual Control.tex,Counterfactual Explanation as Perceptual Control,Counterfactual Explanation as Perceptual Control.tex,703,15067,2,0.13,0,proposition
unproved,alphabet,Counterfactual Explanation as Perceptual Control.tex,Counterfactual Explanation as Perceptual Control,Counterfactual Explanation as Perceptual Control.tex,894,15067,2,0.13,0,proposition
unproved,alphabet,Counterfactual Explanation as Perceptual Control.tex,Counterfactual Explanation as Perceptual Control,Counterfactual Explanation as Perceptual Control.tex,1183,15067,2,0.13,0,corollary
unproved,alphabet,Counterfactual Explanation as Perceptual Control.tex,Counterfactual Explanation as Perceptual Control,Counterfactual Explanation as Perceptual Control.tex,1803,15067,2,0.13,0,theorem
unproved,alphabet,Counterfactual Explanation as Perceptual Control.tex,Counterfactual Explanation as Perceptual Control,Counterfactual Explanation as Perceptual Control.tex,1816,15067,2,0.13,0,corollary
unproved,alphabet,Counterfactual Explanation as Perceptual Control.tex,Counterfactual Explanation as Perceptual Control,Counterfactual Explanation as Perceptual Control.tex,1820,15067,2,0.13,0,corollary
unproved,alphabet,Counterfactual Explanation as Perceptual Control.tex,Counterfactual Explanation as Perceptual Control,Counterfactual Explanation as Perceptual Control.tex,1988,15067,2,0.13,0,theorem
unproved,alphabet,Counterfactual Explanation as Perceptual Control.tex,Counterfactual Explanation as Perceptual Control,Counterfactual Explanation as Perceptual Control.tex,2002,15067,2,0.13,0,corollary
unproved,alphabet,Counterfactual Explanation as Perceptual Control.tex,Counterfactual Explanation as Perceptual Control,Counterfactual Explanation as Perceptual Control.tex,2061,15067,2,0.13,0,theorem
unproved,alphabet,projects/field-ontologies.tex,Field Ontologies of the RSVP Stack: From Scalar Smoothing to Cognitive Closure (Revised),projects/field-ontologies.tex,672,2901,19,6.55,49,corollary
unproved,alphabet,projects/field-ontologies.tex,Field Ontologies of the RSVP Stack: From Scalar Smoothing to Cognitive Closure (Revised),projects/field-ontologies.tex,1119,2901,19,6.55,49,corollary
unproved,alphabet,cosmology/main.tex,main.tex,cosmology/part1/ch03-microscope.tex,152,26130,33,1.26,41,proposition
unproved,alphabet,cosmology/main.tex,main.tex,cosmology/part1/ch04-memory.tex,145,26130,33,1.26,41,proposition
unproved,alphabet,cosmology/main.tex,main.tex,cosmology/part2/ch09-entropy.tex,22,26130,33,1.26,41,proposition
unproved,alphabet,cosmology/main.tex,main.tex,cosmology/part2/ch09-entropy.tex,45,26130,33,1.26,41,proposition
unproved,alphabet,cosmology/main.tex,main.tex,cosmology/part2/ch10-variational.tex,40,26130,33,1.26,41,theorem
unproved,alphabet,cosmology/main.tex,main.tex,cosmology/part2/ch11-relaxation.tex,24,26130,33,1.26,41,theorem
unproved,alphabet,cosmology/main.tex,main.tex,cosmology/part3/ch14-domain-formation.tex,162,26130,33,1.26,41,theorem
unproved,alphabet,cosmology/main.tex,main.tex,cosmology/part3/ch15-allen-cahn.tex,86,26130,33,1.26,41,corollary
unproved,alphabet,cosmology/main.tex,main.tex,cosmology/part5/ch26-coupled-functional.tex,286,26130,33,1.26,41,corollary
unproved,alphabet,cosmology/main.tex,main.tex,cosmology/part5/ch28-sheaf-condition.tex,151,26130,33,1.26,41,proposition
unproved,alphabet,cosmology/main.tex,main.tex,cosmology/part5/ch32-agency.tex,62,26130,33,1.26,41,proposition
unproved,alphabet,cosmology/main.tex,main.tex,cosmology/part5/ch32-agency.tex,80,26130,33,1.26,41,theorem
unproved,alphabet,cosmology/main.tex,main.tex,cosmology/part6/ch33-open-problems.tex,19,26130,33,1.26,41,theorem
unproved,alphabet,cosmology/main.tex,main.tex,cosmology/part6/ch33-open-problems.tex,28,26130,33,1.26,41,theorem
unproved,alphabet,cosmology/main.tex,main.tex,cosmology/part7/ch35-filament-formation.tex,26,26130,33,1.26,41,proposition
unproved,alphabet,cosmology/main.tex,main.tex,cosmology/part7/ch35-filament-formation.tex,32,26130,33,1.26,41,theorem
unproved,alphabet,cosmology/main.tex,main.tex,cosmology/part7/ch35-filament-formation.tex,55,26130,33,1.26,41,proposition
unproved,alphabet,cosmology/main.tex,main.tex,cosmology/part7/ch36b-numerical-methods.tex,107,26130,33,1.26,41,proposition
unproved,alphabet,cosmology/main.tex,main.tex,cosmology/part7/ch36b-numerical-methods.tex,130,26130,33,1.26,41,proposition
unproved,alphabet,cosmology/main.tex,main.tex,cosmology/part7/ch36b-numerical-methods.tex,152,26130,33,1.26,41,proposition
unproved,syllabus,03_structural_thinking.tex,Structural Thinking [6pt] A History of Computation and the Geometry of Ideas,03_structural_thinking.tex,1456,15690,1,0.06,0,proposition
unproved,syllabus,03_structural_thinking.tex,Structural Thinking [6pt] A History of Computation and the Geometry of Ideas,03_structural_thinking.tex,1710,15690,1,0.06,0,proposition
unproved,syllabus,03_structural_thinking.tex,Structural Thinking [6pt] A History of Computation and the Geometry of Ideas,03_structural_thinking.tex,2164,15690,1,0.06,0,theorem
unproved,syllabus,03_structural_thinking.tex,Structural Thinking [6pt] A History of Computation and the Geometry of Ideas,03_structural_thinking.tex,2444,15690,1,0.06,0,corollary
unproved,library,essay/draft-01.tex,The Bicameral Illusion: Spectral Attractors and Autoregressive Cognition,essay/draft-01.tex,1484,10622,9,0.85,0,corollary
unproved,library,essay/draft-01.tex,The Bicameral Illusion: Spectral Attractors and Autoregressive Cognition,essay/draft-01.tex,1750,10622,9,0.85,0,proposition
unproved,library,essay/draft-01.tex,The Bicameral Illusion: Spectral Attractors and Autoregressive Cognition,essay/draft-01.tex,1990,10622,9,0.85,0,proposition
unproved,research-projects,recursive-agency/monograph.tex,Recursive Agency and the Geometry of the Relativistic Scalar--Vector Plenum: A Unified Field Theory…,recursive-agency/monograph.tex,471,3639,11,3.02,69,theorem
unproved,kitbash,paperbot/paperbot-parliament.tex,Paperbot Parliament: A Multi-Agent Framework for Distinction-Centered Document Analysis [0.6em] Con…,paperbot/paperbot-parliament.tex,609,5113,0,0.0,13,corollary
unproved,library,Cognition-as-Constraint-Historical-Computation.tex,Cognition as Constraint-Historical Computation: A Formalization of the Info--Computational Framework,Cognition-as-Constraint-Historical-Computation.tex,552,12255,0,0.0,18,lemma
unproved,library,Cognition-as-Constraint-Historical-Computation.tex,Cognition as Constraint-Historical Computation: A Formalization of the Info--Computational Framework,Cognition-as-Constraint-Historical-Computation.tex,593,12255,0,0.0,18,proposition
unproved,antivenom,persistence/proxy_permanence_failure.tex,"Proxy Permanence Failure [0.4em] Carbon Governance, Biodiversity, and the Collapse of Admissibility…",persistence/proxy_permanence_failure.tex,468,13011,48,3.69,41,proposition
unproved,antivenom,persistence/proxy_permanence_failure.tex,"Proxy Permanence Failure [0.4em] Carbon Governance, Biodiversity, and the Collapse of Admissibility…",persistence/proxy_permanence_failure.tex,484,13011,48,3.69,41,proposition
unproved,antivenom,persistence/proxy_permanence_failure.tex,"Proxy Permanence Failure [0.4em] Carbon Governance, Biodiversity, and the Collapse of Admissibility…",persistence/proxy_permanence_failure.tex,571,13011,48,3.69,41,corollary
unproved,antivenom,persistence/proxy_permanence_failure.tex,"Proxy Permanence Failure [0.4em] Carbon Governance, Biodiversity, and the Collapse of Admissibility…",persistence/proxy_permanence_failure.tex,1272,13011,48,3.69,41,proposition
unproved,antivenom,persistence/proxy_permanence_failure.tex,"Proxy Permanence Failure [0.4em] Carbon Governance, Biodiversity, and the Collapse of Admissibility…",persistence/proxy_permanence_failure.tex,1578,13011,48,3.69,41,proposition
unproved,library,Hallucination is Normal.tex,Hallucination Is Normal: A Geometric Theory of Manifold-Aligned Semantic Dynamics,Hallucination is Normal.tex,1101,5000,0,0.0,20,corollary
unproved,HYDRA,hydra_architecture.tex,hydra_architecture.tex,hydra_architecture.tex,482,5045,77,15.26,27,theorem
unproved,HYDRA,hydra_architecture.tex,hydra_architecture.tex,hydra_architecture.tex,508,5045,77,15.26,27,theorem
unproved,HYDRA,hydra_architecture.tex,hydra_architecture.tex,hydra_architecture.tex,525,5045,77,15.26,27,theorem
unproved,HYDRA,hydra_architecture.tex,hydra_architecture.tex,hydra_architecture.tex,624,5045,77,15.26,27,theorem
unproved,HYDRA,hydra_architecture.tex,hydra_architecture.tex,hydra_architecture.tex,943,5045,77,15.26,27,theorem
unproved,HYDRA,hydra_architecture.tex,hydra_architecture.tex,hydra_architecture.tex,950,5045,77,15.26,27,theorem
unproved,HYDRA,hydra_architecture.tex,hydra_architecture.tex,hydra_architecture.tex,955,5045,77,15.26,27,proposition
unproved,HYDRA,hydra_architecture.tex,hydra_architecture.tex,hydra_architecture.tex,963,5045,77,15.26,27,theorem
unproved,HYDRA,hydra_architecture.tex,hydra_architecture.tex,hydra_architecture.tex,969,5045,77,15.26,27,proposition
unproved,HYDRA,hydra_architecture.tex,hydra_architecture.tex,hydra_architecture.tex,974,5045,77,15.26,27,proposition
unproved,HYDRA,hydra_architecture.tex,hydra_architecture.tex,hydra_architecture.tex,1031,5045,77,15.26,27,theorem
unproved,HYDRA,hydra_architecture.tex,hydra_architecture.tex,hydra_architecture.tex,1037,5045,77,15.26,27,proposition
unproved,HYDRA,hydra_architecture.tex,hydra_architecture.tex,hydra_architecture.tex,1059,5045,77,15.26,27,theorem
unproved,HYDRA,hydra_architecture.tex,hydra_architecture.tex,hydra_architecture.tex,1069,5045,77,15.26,27,theorem
unproved,library,projects/Distributed Centrality.tex,Distributed Centrality [0.4em] Symmetry Preservation in Nonequilibrium Semantic Substrates,projects/Distributed Centrality.tex,137,5592,0,0.0,14,lemma
unproved,library,projects/Distributed Centrality.tex,Distributed Centrality [0.4em] Symmetry Preservation in Nonequilibrium Semantic Substrates,projects/Distributed Centrality.tex,324,5592,0,0.0,14,lemma
unproved,library,projects/Distributed Centrality.tex,Distributed Centrality [0.4em] Symmetry Preservation in Nonequilibrium Semantic Substrates,projects/Distributed Centrality.tex,453,5592,0,0.0,14,lemma
unproved,spherepop,Event-historical Aggregation.tex,Event--Historical Aggregation: Map--Reduce as Commitment in Spherepop,Event-historical Aggregation.tex,1743,9062,0,0.0,23,proposition
unproved,spherepop,Event-historical Aggregation.tex,Event--Historical Aggregation: Map--Reduce as Commitment in Spherepop,Event-historical Aggregation.tex,1814,9062,0,0.0,23,theorem
unproved,kitbash,economics/essay.tex,Recursive Futarchy,economics/essay.tex,236,8826,12,1.36,20,theorem
unproved,kitbash,economics/essay.tex,Recursive Futarchy,economics/essay.tex,863,8826,12,1.36,20,corollary
unproved,kitbash,economics/essay.tex,Recursive Futarchy,economics/essay.tex,881,8826,12,1.36,20,corollary
unproved,kitbash,economics/essay.tex,Recursive Futarchy,economics/essay.tex,903,8826,12,1.36,20,corollary
unproved,kitbash,economics/essay.tex,Recursive Futarchy,economics/essay.tex,922,8826,12,1.36,20,corollary
unproved,kitbash,economics/essay.tex,Recursive Futarchy,economics/essay.tex,1489,8826,12,1.36,20,proposition
unproved,kitbash,economics/essay.tex,Recursive Futarchy,economics/essay.tex,1497,8826,12,1.36,20,lemma
unproved,kitbash,economics/essay.tex,Recursive Futarchy,economics/essay.tex,1506,8826,12,1.36,20,corollary
unproved,alphabet,example/hidden-files/procedural-ontology.tex,Procedural Ontology: The Metaphysics of Code Generation A Relativistic Scalar--Vector Plenum (RSVP)…,example/hidden-files/procedural-ontology.tex,755,13378,0,0.0,11,corollary
unproved,alphabet,example/hidden-files/procedural-ontology.tex,Procedural Ontology: The Metaphysics of Code Generation A Relativistic Scalar--Vector Plenum (RSVP)…,example/hidden-files/procedural-ontology.tex,764,13378,0,0.0,11,lemma
unproved,alphabet,example/hidden-files/procedural-ontology.tex,Procedural Ontology: The Metaphysics of Code Generation A Relativistic Scalar--Vector Plenum (RSVP)…,example/hidden-files/procedural-ontology.tex,773,13378,0,0.0,11,corollary
unproved,kitbash,cosmology/rsvp_cosmology_v2-1.tex,"Cosmological Observables Without Expansion: A Scalar--Vector--Entropy Field Theory of Redshift, Lum…",cosmology/rsvp_cosmology_v2-1.tex,369,8476,9,1.06,9,proposition
unproved,kitbash,cosmology/rsvp_cosmology_v2-1.tex,"Cosmological Observables Without Expansion: A Scalar--Vector--Entropy Field Theory of Redshift, Lum…",cosmology/rsvp_cosmology_v2-1.tex,469,8476,9,1.06,9,corollary
unproved,kitbash,cosmology/rsvp_cosmology_v2-1.tex,"Cosmological Observables Without Expansion: A Scalar--Vector--Entropy Field Theory of Redshift, Lum…",cosmology/rsvp_cosmology_v2-1.tex,796,8476,9,1.06,9,theorem
unproved,kitbash,cosmology/rsvp_cosmology_v2-1.tex,"Cosmological Observables Without Expansion: A Scalar--Vector--Entropy Field Theory of Redshift, Lum…",cosmology/rsvp_cosmology_v2-1.tex,951,8476,9,1.06,9,theorem
unproved,kitbash,cosmology/rsvp_cosmology_v2-1.tex,"Cosmological Observables Without Expansion: A Scalar--Vector--Entropy Field Theory of Redshift, Lum…",cosmology/rsvp_cosmology_v2-1.tex,1156,8476,9,1.06,9,proposition
unproved,calculus,experiments/restorability-boundaries.tex,Restorability Boundaries,experiments/restorability-boundaries.tex,201,28500,0,0.0,15,claim
unproved,calculus,experiments/restorability-boundaries.tex,Restorability Boundaries,experiments/restorability-boundaries.tex,245,28500,0,0.0,15,claim
unproved,calculus,experiments/restorability-boundaries.tex,Restorability Boundaries,experiments/restorability-boundaries.tex,262,28500,0,0.0,15,claim
unproved,calculus,experiments/restorability-boundaries.tex,Restorability Boundaries,experiments/restorability-boundaries.tex,280,28500,0,0.0,15,claim
unproved,calculus,experiments/restorability-boundaries.tex,Restorability Boundaries,experiments/restorability-boundaries.tex,300,28500,0,0.0,15,claim
unproved,calculus,experiments/restorability-boundaries.tex,Restorability Boundaries,experiments/restorability-boundaries.tex,311,28500,0,0.0,15,claim
unproved,calculus,experiments/restorability-boundaries.tex,Restorability Boundaries,experiments/restorability-boundaries.tex,485,28500,0,0.0,15,claim
unproved,calculus,experiments/restorability-boundaries.tex,Restorability Boundaries,experiments/restorability-boundaries.tex,516,28500,0,0.0,15,claim
unproved,calculus,experiments/restorability-boundaries.tex,Restorability Boundaries,experiments/restorability-boundaries.tex,550,28500,0,0.0,15,claim
unproved,calculus,experiments/restorability-boundaries.tex,Restorability Boundaries,experiments/restorability-boundaries.tex,567,28500,0,0.0,15,claim
unproved,calculus,experiments/restorability-boundaries.tex,Restorability Boundaries,experiments/restorability-boundaries.tex,651,28500,0,0.0,15,claim
unproved,calculus,experiments/restorability-boundaries.tex,Restorability Boundaries,experiments/restorability-boundaries.tex,676,28500,0,0.0,15,proposition
unproved,calculus,experiments/restorability-boundaries.tex,Restorability Boundaries,experiments/restorability-boundaries.tex,732,28500,0,0.0,15,theorem
unproved,calculus,experiments/restorability-boundaries.tex,Restorability Boundaries,experiments/restorability-boundaries.tex,810,28500,0,0.0,15,proposition
unproved,calculus,experiments/restorability-boundaries.tex,Restorability Boundaries,experiments/restorability-boundaries.tex,838,28500,0,0.0,15,theorem
unproved,calculus,experiments/restorability-boundaries.tex,Restorability Boundaries,experiments/restorability-boundaries.tex,1347,28500,0,0.0,15,claim
unproved,calculus,experiments/restorability-boundaries.tex,Restorability Boundaries,experiments/restorability-boundaries.tex,1377,28500,0,0.0,15,claim
unproved,calculus,experiments/restorability-boundaries.tex,Restorability Boundaries,experiments/restorability-boundaries.tex,1385,28500,0,0.0,15,claim
unproved,calculus,experiments/restorability-boundaries.tex,Restorability Boundaries,experiments/restorability-boundaries.tex,1407,28500,0,0.0,15,claim
unproved,calculus,experiments/restorability-boundaries.tex,Restorability Boundaries,experiments/restorability-boundaries.tex,1505,28500,0,0.0,15,claim
unproved,calculus,experiments/restorability-boundaries.tex,Restorability Boundaries,experiments/restorability-boundaries.tex,2182,28500,0,0.0,15,claim
unproved,calculus,experiments/restorability-boundaries.tex,Restorability Boundaries,experiments/restorability-boundaries.tex,2313,28500,0,0.0,15,claim
unproved,calculus,experiments/restorability-boundaries.tex,Restorability Boundaries,experiments/restorability-boundaries.tex,2621,28500,0,0.0,15,claim
unproved,calculus,experiments/restorability-boundaries.tex,Restorability Boundaries,experiments/restorability-boundaries.tex,2697,28500,0,0.0,15,claim
unproved,calculus,experiments/restorability-boundaries.tex,Restorability Boundaries,experiments/restorability-boundaries.tex,2740,28500,0,0.0,15,claim
unproved,calculus,experiments/restorability-boundaries.tex,Restorability Boundaries,experiments/restorability-boundaries.tex,2770,28500,0,0.0,15,claim
unproved,calculus,experiments/restorability-boundaries.tex,Restorability Boundaries,experiments/restorability-boundaries.tex,2804,28500,0,0.0,15,claim
unproved,calculus,experiments/restorability-boundaries.tex,Restorability Boundaries,experiments/restorability-boundaries.tex,3206,28500,0,0.0,15,claim
unproved,calculus,experiments/restorability-boundaries.tex,Restorability Boundaries,experiments/restorability-boundaries.tex,3299,28500,0,0.0,15,claim
unproved,calculus,experiments/restorability-boundaries.tex,Restorability Boundaries,experiments/restorability-boundaries.tex,3326,28500,0,0.0,15,claim
unproved,calculus,experiments/restorability-boundaries.tex,Restorability Boundaries,experiments/restorability-boundaries.tex,3353,28500,0,0.0,15,claim
unproved,calculus,experiments/restorability-boundaries.tex,Restorability Boundaries,experiments/restorability-boundaries.tex,3444,28500,0,0.0,15,proposition
unproved,calculus,experiments/restorability-boundaries.tex,Restorability Boundaries,experiments/restorability-boundaries.tex,3743,28500,0,0.0,15,claim
unproved,calculus,experiments/restorability-boundaries.tex,Restorability Boundaries,experiments/restorability-boundaries.tex,3931,28500,0,0.0,15,claim
unproved,calculus,experiments/restorability-boundaries.tex,Restorability Boundaries,experiments/restorability-boundaries.tex,4299,28500,0,0.0,15,claim
unproved,calculus,experiments/restorability-boundaries.tex,Restorability Boundaries,experiments/restorability-boundaries.tex,4378,28500,0,0.0,15,claim
unproved,calculus,experiments/restorability-boundaries.tex,Restorability Boundaries,experiments/restorability-boundaries.tex,4545,28500,0,0.0,15,claim
unproved,calculus,experiments/restorability-boundaries.tex,Restorability Boundaries,experiments/restorability-boundaries.tex,4561,28500,0,0.0,15,claim
unproved,calculus,experiments/restorability-boundaries.tex,Restorability Boundaries,experiments/restorability-boundaries.tex,4571,28500,0,0.0,15,claim
unproved,calculus,experiments/restorability-boundaries.tex,Restorability Boundaries,experiments/restorability-boundaries.tex,4619,28500,0,0.0,15,claim
unproved,calculus,experiments/restorability-boundaries.tex,Restorability Boundaries,experiments/restorability-boundaries.tex,4630,28500,0,0.0,15,claim
unproved,calculus,experiments/restorability-boundaries.tex,Restorability Boundaries,experiments/restorability-boundaries.tex,4663,28500,0,0.0,15,claim
unproved,calculus,experiments/restorability-boundaries.tex,Restorability Boundaries,experiments/restorability-boundaries.tex,4671,28500,0,0.0,15,claim
unproved,calculus,experiments/restorability-boundaries.tex,Restorability Boundaries,experiments/restorability-boundaries.tex,4685,28500,0,0.0,15,theorem
unproved,calculus,experiments/restorability-boundaries.tex,Restorability Boundaries,experiments/restorability-boundaries.tex,4699,28500,0,0.0,15,claim
unproved,calculus,experiments/restorability-boundaries.tex,Restorability Boundaries,experiments/restorability-boundaries.tex,4718,28500,0,0.0,15,claim
unproved,calculus,experiments/restorability-boundaries.tex,Restorability Boundaries,experiments/restorability-boundaries.tex,4785,28500,0,0.0,15,corollary
unproved,alphabet,cosmology/multiscale-constraint-flow.tex,multiscale-constraint-flow.tex,cosmology/multiscale-constraint-flow.tex,604,5681,0,0.0,30,proposition
unproved,alphabet,cosmology/multiscale-constraint-flow.tex,multiscale-constraint-flow.tex,cosmology/multiscale-constraint-flow.tex,665,5681,0,0.0,30,theorem
unproved,alphabet,cosmology/multiscale-constraint-flow.tex,multiscale-constraint-flow.tex,cosmology/multiscale-constraint-flow.tex,918,5681,0,0.0,30,theorem
unproved,alphabet,cosmology/multiscale-constraint-flow.tex,multiscale-constraint-flow.tex,cosmology/multiscale-constraint-flow.tex,947,5681,0,0.0,30,theorem
unproved,alphabet,cosmology/multiscale-constraint-flow.tex,multiscale-constraint-flow.tex,cosmology/multiscale-constraint-flow.tex,956,5681,0,0.0,30,theorem
unproved,alphabet,cosmology/multiscale-constraint-flow.tex,multiscale-constraint-flow.tex,cosmology/multiscale-constraint-flow.tex,961,5681,0,0.0,30,theorem
unproved,alphabet,cosmology/multiscale-constraint-flow.tex,multiscale-constraint-flow.tex,cosmology/multiscale-constraint-flow.tex,1105,5681,0,0.0,30,theorem
unproved,library,monograph/binding_invariant.tex,binding_invariant.tex,monograph/binding_invariant.tex,300,6332,28,4.42,19,corollary
unproved,library,monograph/binding_invariant.tex,binding_invariant.tex,monograph/binding_invariant.tex,304,6332,28,4.42,19,corollary
unproved,library,monograph/binding_invariant.tex,binding_invariant.tex,monograph/binding_invariant.tex,310,6332,28,4.42,19,corollary
unproved,library,monograph/binding_invariant.tex,binding_invariant.tex,monograph/binding_invariant.tex,434,6332,28,4.42,19,theorem
unproved,library,monograph/binding_invariant.tex,binding_invariant.tex,monograph/binding_invariant.tex,548,6332,28,4.42,19,theorem
unproved,library,monograph/binding_invariant.tex,binding_invariant.tex,monograph/binding_invariant.tex,568,6332,28,4.42,19,proposition
unproved,library,monograph/binding_invariant.tex,binding_invariant.tex,monograph/binding_invariant.tex,574,6332,28,4.42,19,theorem
unproved,library,monograph/binding_invariant.tex,binding_invariant.tex,monograph/binding_invariant.tex,581,6332,28,4.42,19,theorem
unproved,library,monograph/binding_invariant.tex,binding_invariant.tex,monograph/binding_invariant.tex,640,6332,28,4.42,19,proposition
unproved,library,monograph/binding_invariant.tex,binding_invariant.tex,monograph/binding_invariant.tex,652,6332,28,4.42,19,proposition
unproved,library,monograph/binding_invariant.tex,binding_invariant.tex,monograph/binding_invariant.tex,738,6332,28,4.42,19,theorem
unproved,library,monograph/binding_invariant.tex,binding_invariant.tex,monograph/binding_invariant.tex,774,6332,28,4.42,19,proposition
unproved,library,monograph/binding_invariant.tex,binding_invariant.tex,monograph/binding_invariant.tex,780,6332,28,4.42,19,proposition
unproved,library,monograph/binding_invariant.tex,binding_invariant.tex,monograph/binding_invariant.tex,800,6332,28,4.42,19,theorem
unproved,library,monograph/binding_invariant.tex,binding_invariant.tex,monograph/binding_invariant.tex,816,6332,28,4.42,19,proposition
unproved,library,monograph/binding_invariant.tex,binding_invariant.tex,monograph/binding_invariant.tex,826,6332,28,4.42,19,theorem
unproved,library,monograph/binding_invariant.tex,binding_invariant.tex,monograph/binding_invariant.tex,834,6332,28,4.42,19,theorem
unproved,library,monograph/binding_invariant.tex,binding_invariant.tex,monograph/binding_invariant.tex,841,6332,28,4.42,19,proposition
unproved,library,monograph/binding_invariant.tex,binding_invariant.tex,monograph/binding_invariant.tex,1170,6332,28,4.42,19,proposition
unproved,antivenom,Constraint Before Capability.tex,"Constraint Before Capability: Admissibility, Governance Failure, and the Structure of Intelligent P…",Constraint Before Capability.tex,387,12957,0,0.0,143,corollary
unproved,antivenom,Constraint Before Capability.tex,"Constraint Before Capability: Admissibility, Governance Failure, and the Structure of Intelligent P…",Constraint Before Capability.tex,768,12957,0,0.0,143,theorem
unproved,antivenom,Constraint Before Capability.tex,"Constraint Before Capability: Admissibility, Governance Failure, and the Structure of Intelligent P…",Constraint Before Capability.tex,1431,12957,0,0.0,143,theorem
unproved,spherepop,computing-with-spherepop.tex,Computing with Spherepop: Foundations of Geometric Merge--Collapse Computation,computing-with-spherepop.tex,122,12289,0,0.0,6,proposition
unproved,spherepop,computing-with-spherepop.tex,Computing with Spherepop: Foundations of Geometric Merge--Collapse Computation,computing-with-spherepop.tex,222,12289,0,0.0,6,proposition
unproved,antivenom,diatribe.tex,"Facebook and the Structural Degradation of Social Reality: Advertising, Attention, and Civilization…",diatribe.tex,1033,9023,0,0.0,24,proposition
unproved,antivenom,diatribe.tex,"Facebook and the Structural Degradation of Social Reality: Advertising, Attention, and Civilization…",diatribe.tex,1082,9023,0,0.0,24,proposition
unproved,antivenom,diatribe.tex,"Facebook and the Structural Degradation of Social Reality: Advertising, Attention, and Civilization…",diatribe.tex,1102,9023,0,0.0,24,proposition
unproved,alphabet,cognition-research/unreachable-futures.tex,"The Sociology of Unreachable Futures [0.6em] Aniara, Repair, and the Problem of Continuation",cognition-research/unreachable-futures.tex,667,98686,0,0.0,305,proposition
unproved,cosmology,diagnosis-before-inference.tex,Diagnosis Before Inference: The Initial Power Spectrum as an Admissibility Certificate in Cosmologi…,diagnosis-before-inference.tex,78,2809,2,0.71,2,proposition
unproved,cosmology,diagnosis-before-inference.tex,Diagnosis Before Inference: The Initial Power Spectrum as an Admissibility Certificate in Cosmologi…,diagnosis-before-inference.tex,176,2809,2,0.71,2,proposition
unproved,cosmology,diagnosis-before-inference.tex,Diagnosis Before Inference: The Initial Power Spectrum as an Admissibility Certificate in Cosmologi…,diagnosis-before-inference.tex,183,2809,2,0.71,2,proposition
unproved,cosmology,diagnosis-before-inference.tex,Diagnosis Before Inference: The Initial Power Spectrum as an Admissibility Certificate in Cosmologi…,diagnosis-before-inference.tex,190,2809,2,0.71,2,proposition
unproved,library,research/constraint-closure-v1.tex,constraint-closure-v1.tex,research/constraint-closure-v1.tex,184,11081,0,0.0,30,proposition
unproved,library,research/constraint-closure-v1.tex,constraint-closure-v1.tex,research/constraint-closure-v1.tex,322,11081,0,0.0,30,proposition
unproved,library,research/constraint-closure-v1.tex,constraint-closure-v1.tex,research/constraint-closure-v1.tex,357,11081,0,0.0,30,proposition
unproved,library,research/constraint-closure-v1.tex,constraint-closure-v1.tex,research/constraint-closure-v1.tex,484,11081,0,0.0,30,proposition
unproved,library,research/constraint-closure-v1.tex,constraint-closure-v1.tex,research/constraint-closure-v1.tex,527,11081,0,0.0,30,corollary
unproved,library,research/constraint-closure-v1.tex,constraint-closure-v1.tex,research/constraint-closure-v1.tex,625,11081,0,0.0,30,proposition
unproved,library,research/constraint-closure-v1.tex,constraint-closure-v1.tex,research/constraint-closure-v1.tex,726,11081,0,0.0,30,proposition
unproved,library,research/constraint-closure-v1.tex,constraint-closure-v1.tex,research/constraint-closure-v1.tex,753,11081,0,0.0,30,proposition
unproved,library,research/constraint-closure-v1.tex,constraint-closure-v1.tex,research/constraint-closure-v1.tex,1029,11081,0,0.0,30,proposition
unproved,library,research/constraint-closure-v1.tex,constraint-closure-v1.tex,research/constraint-closure-v1.tex,1083,11081,0,0.0,30,proposition
unproved,library,research/constraint-closure-v1.tex,constraint-closure-v1.tex,research/constraint-closure-v1.tex,1109,11081,0,0.0,30,proposition
unproved,library,research/constraint-closure-v1.tex,constraint-closure-v1.tex,research/constraint-closure-v1.tex,1137,11081,0,0.0,30,proposition
unproved,library,research/constraint-closure-v1.tex,constraint-closure-v1.tex,research/constraint-closure-v1.tex,1673,11081,0,0.0,30,proposition
unproved,library,research/constraint-closure-v1.tex,constraint-closure-v1.tex,research/constraint-closure-v1.tex,1691,11081,0,0.0,30,proposition
unproved,library,research/constraint-closure-v1.tex,constraint-closure-v1.tex,research/constraint-closure-v1.tex,1709,11081,0,0.0,30,proposition
unproved,library,research/constraint-closure-v1.tex,constraint-closure-v1.tex,research/constraint-closure-v1.tex,1726,11081,0,0.0,30,proposition
unproved,kitbash,paperbot/orientation-monograph.tex,orientation-monograph.tex,paperbot/body_institutions.tex,617,19043,9,0.47,26,proposition
unproved,kitbash,paperbot/orientation-monograph.tex,orientation-monograph.tex,paperbot/body_knowledge.tex,450,19043,9,0.47,26,proposition
unproved,kitbash,paperbot/orientation-monograph.tex,orientation-monograph.tex,paperbot/body_knowledge.tex,468,19043,9,0.47,26,proposition
unproved,kitbash,paperbot/orientation-monograph.tex,orientation-monograph.tex,paperbot/body_knowledge.tex,566,19043,9,0.47,26,proposition
unproved,alphabet,processing/geometry_of_closure.tex,geometry_of_closure.tex,processing/geometry_of_closure.tex,658,6983,16,2.29,0,proposition
unproved,alphabet,processing/geometry_of_closure.tex,geometry_of_closure.tex,processing/geometry_of_closure.tex,665,6983,16,2.29,0,corollary
unproved,alphabet,processing/geometry_of_closure.tex,geometry_of_closure.tex,processing/geometry_of_closure.tex,803,6983,16,2.29,0,theorem
unproved,alphabet,processing/geometry_of_closure.tex,geometry_of_closure.tex,processing/geometry_of_closure.tex,811,6983,16,2.29,0,theorem
unproved,alphabet,processing/geometry_of_closure.tex,geometry_of_closure.tex,processing/geometry_of_closure.tex,838,6983,16,2.29,0,theorem
unproved,alphabet,processing/geometry_of_closure.tex,geometry_of_closure.tex,processing/geometry_of_closure.tex,900,6983,16,2.29,0,theorem
unproved,alphabet,processing/geometry_of_closure.tex,geometry_of_closure.tex,processing/geometry_of_closure.tex,946,6983,16,2.29,0,theorem
unproved,alphabet,processing/geometry_of_closure.tex,geometry_of_closure.tex,processing/geometry_of_closure.tex,961,6983,16,2.29,0,theorem
unproved,alphabet,processing/geometry_of_closure.tex,geometry_of_closure.tex,processing/geometry_of_closure.tex,1076,6983,16,2.29,0,corollary
unproved,alphabet,processing/geometry_of_closure.tex,geometry_of_closure.tex,processing/geometry_of_closure.tex,1087,6983,16,2.29,0,theorem
unproved,alphabet,processing/geometry_of_closure.tex,geometry_of_closure.tex,processing/geometry_of_closure.tex,1137,6983,16,2.29,0,theorem
unproved,alphabet,processing/geometry_of_closure.tex,geometry_of_closure.tex,processing/geometry_of_closure.tex,1154,6983,16,2.29,0,proposition
unproved,alphabet,processing/geometry_of_closure.tex,geometry_of_closure.tex,processing/geometry_of_closure.tex,1627,6983,16,2.29,0,theorem
unproved,alphabet,processing/geometry_of_closure.tex,geometry_of_closure.tex,processing/geometry_of_closure.tex,1634,6983,16,2.29,0,theorem
unproved,alphabet,processing/geometry_of_closure.tex,geometry_of_closure.tex,processing/geometry_of_closure.tex,1640,6983,16,2.29,0,theorem
unproved,alphabet,processing/geometry_of_closure.tex,geometry_of_closure.tex,processing/geometry_of_closure.tex,1648,6983,16,2.29,0,theorem
unproved,alphabet,processing/Constraint Before Reference.tex,"Constraint Before Reference: Operator Semantics, Reification, and Symbolic Conflict",processing/Constraint Before Reference.tex,667,12105,17,1.4,45,corollary
unproved,alphabet,processing/Constraint Before Reference.tex,"Constraint Before Reference: Operator Semantics, Reification, and Symbolic Conflict",processing/Constraint Before Reference.tex,672,12105,17,1.4,45,corollary
unproved,alphabet,processing/Constraint Before Reference.tex,"Constraint Before Reference: Operator Semantics, Reification, and Symbolic Conflict",processing/Constraint Before Reference.tex,677,12105,17,1.4,45,corollary
unproved,antivenom,projects/survival-is-insufficient.tex,survival-is-insufficient.tex,projects/survival-is-insufficient.tex,359,10655,0,0.0,28,proposition
unproved,antivenom,projects/survival-is-insufficient.tex,survival-is-insufficient.tex,projects/survival-is-insufficient.tex,556,10655,0,0.0,28,theorem
unproved,antivenom,projects/survival-is-insufficient.tex,survival-is-insufficient.tex,projects/survival-is-insufficient.tex,592,10655,0,0.0,28,proposition
unproved,antivenom,projects/survival-is-insufficient.tex,survival-is-insufficient.tex,projects/survival-is-insufficient.tex,672,10655,0,0.0,28,proposition
unproved,antivenom,projects/survival-is-insufficient.tex,survival-is-insufficient.tex,projects/survival-is-insufficient.tex,701,10655,0,0.0,28,theorem
unproved,antivenom,projects/survival-is-insufficient.tex,survival-is-insufficient.tex,projects/survival-is-insufficient.tex,840,10655,0,0.0,28,proposition
unproved,antivenom,projects/survival-is-insufficient.tex,survival-is-insufficient.tex,projects/survival-is-insufficient.tex,900,10655,0,0.0,28,theorem
unproved,antivenom,projects/survival-is-insufficient.tex,survival-is-insufficient.tex,projects/survival-is-insufficient.tex,924,10655,0,0.0,28,corollary
unproved,antivenom,projects/survival-is-insufficient.tex,survival-is-insufficient.tex,projects/survival-is-insufficient.tex,965,10655,0,0.0,28,proposition
unproved,antivenom,projects/survival-is-insufficient.tex,survival-is-insufficient.tex,projects/survival-is-insufficient.tex,1011,10655,0,0.0,28,theorem
unproved,antivenom,projects/survival-is-insufficient.tex,survival-is-insufficient.tex,projects/survival-is-insufficient.tex,1048,10655,0,0.0,28,proposition
unproved,antivenom,projects/survival-is-insufficient.tex,survival-is-insufficient.tex,projects/survival-is-insufficient.tex,1100,10655,0,0.0,28,corollary
unproved,antivenom,projects/survival-is-insufficient.tex,survival-is-insufficient.tex,projects/survival-is-insufficient.tex,1180,10655,0,0.0,28,theorem
unproved,antivenom,projects/survival-is-insufficient.tex,survival-is-insufficient.tex,projects/survival-is-insufficient.tex,1235,10655,0,0.0,28,proposition
unproved,antivenom,projects/survival-is-insufficient.tex,survival-is-insufficient.tex,projects/survival-is-insufficient.tex,1334,10655,0,0.0,28,theorem
unproved,antivenom,projects/survival-is-insufficient.tex,survival-is-insufficient.tex,projects/survival-is-insufficient.tex,1406,10655,0,0.0,28,theorem
unproved,antivenom,projects/survival-is-insufficient.tex,survival-is-insufficient.tex,projects/survival-is-insufficient.tex,1447,10655,0,0.0,28,theorem
unproved,antivenom,projects/survival-is-insufficient.tex,survival-is-insufficient.tex,projects/survival-is-insufficient.tex,1482,10655,0,0.0,28,theorem
unproved,antivenom,projects/survival-is-insufficient.tex,survival-is-insufficient.tex,projects/survival-is-insufficient.tex,1546,10655,0,0.0,28,proposition
unproved,antivenom,projects/survival-is-insufficient.tex,survival-is-insufficient.tex,projects/survival-is-insufficient.tex,1574,10655,0,0.0,28,corollary
unproved,antivenom,projects/survival-is-insufficient.tex,survival-is-insufficient.tex,projects/survival-is-insufficient.tex,1593,10655,0,0.0,28,theorem
unproved,arcanum,synthetic-grounding.tex,synthetic-grounding.tex,synthetic-grounding.tex,291,2778,20,7.2,0,proposition
unproved,arcanum,synthetic-grounding.tex,synthetic-grounding.tex,synthetic-grounding.tex,327,2778,20,7.2,0,proposition
unproved,arcanum,synthetic-grounding.tex,synthetic-grounding.tex,synthetic-grounding.tex,344,2778,20,7.2,0,proposition
unproved,arcanum,synthetic-grounding.tex,synthetic-grounding.tex,synthetic-grounding.tex,374,2778,20,7.2,0,proposition
unproved,arcanum,synthetic-grounding.tex,synthetic-grounding.tex,synthetic-grounding.tex,551,2778,20,7.2,0,theorem
unproved,library,intelligence-under-constraint.tex,"Intelligence Under Constraint: Construction, Legibility, and Boundary Conditions",intelligence-under-constraint.tex,646,15477,17,1.1,0,corollary
unproved,library,intelligence-under-constraint.tex,"Intelligence Under Constraint: Construction, Legibility, and Boundary Conditions",intelligence-under-constraint.tex,1053,15477,17,1.1,0,theorem
unproved,library,intelligence-under-constraint.tex,"Intelligence Under Constraint: Construction, Legibility, and Boundary Conditions",intelligence-under-constraint.tex,1134,15477,17,1.1,0,theorem
unproved,library,intelligence-under-constraint.tex,"Intelligence Under Constraint: Construction, Legibility, and Boundary Conditions",intelligence-under-constraint.tex,1174,15477,17,1.1,0,theorem
unproved,library,intelligence-under-constraint.tex,"Intelligence Under Constraint: Construction, Legibility, and Boundary Conditions",intelligence-under-constraint.tex,1196,15477,17,1.1,0,proposition
unproved,library,intelligence-under-constraint.tex,"Intelligence Under Constraint: Construction, Legibility, and Boundary Conditions",intelligence-under-constraint.tex,1202,15477,17,1.1,0,theorem
unproved,library,intelligence-under-constraint.tex,"Intelligence Under Constraint: Construction, Legibility, and Boundary Conditions",intelligence-under-constraint.tex,1210,15477,17,1.1,0,proposition
unproved,library,intelligence-under-constraint.tex,"Intelligence Under Constraint: Construction, Legibility, and Boundary Conditions",intelligence-under-constraint.tex,1290,15477,17,1.1,0,corollary
unproved,library,intelligence-under-constraint.tex,"Intelligence Under Constraint: Construction, Legibility, and Boundary Conditions",intelligence-under-constraint.tex,1294,15477,17,1.1,0,corollary
unproved,library,intelligence-under-constraint.tex,"Intelligence Under Constraint: Construction, Legibility, and Boundary Conditions",intelligence-under-constraint.tex,1298,15477,17,1.1,0,corollary
unproved,library,intelligence-under-constraint.tex,"Intelligence Under Constraint: Construction, Legibility, and Boundary Conditions",intelligence-under-constraint.tex,1341,15477,17,1.1,0,proposition
unproved,library,intelligence-under-constraint.tex,"Intelligence Under Constraint: Construction, Legibility, and Boundary Conditions",intelligence-under-constraint.tex,1355,15477,17,1.1,0,proposition
unproved,library,intelligence-under-constraint.tex,"Intelligence Under Constraint: Construction, Legibility, and Boundary Conditions",intelligence-under-constraint.tex,1374,15477,17,1.1,0,proposition
unproved,library,intelligence-under-constraint.tex,"Intelligence Under Constraint: Construction, Legibility, and Boundary Conditions",intelligence-under-constraint.tex,1386,15477,17,1.1,0,proposition
unproved,library,intelligence-under-constraint.tex,"Intelligence Under Constraint: Construction, Legibility, and Boundary Conditions",intelligence-under-constraint.tex,1400,15477,17,1.1,0,proposition
unproved,alphabet,processing/distributed_industrial_cloud.tex,"Toward a Distributed Industrial Cloud [0.5em] Peer-to-Peer Infrastructure for Material Production, …",processing/distributed_industrial_cloud.tex,872,12487,0,0.0,37,theorem
unproved,alphabet,processing/distributed_industrial_cloud.tex,"Toward a Distributed Industrial Cloud [0.5em] Peer-to-Peer Infrastructure for Material Production, …",processing/distributed_industrial_cloud.tex,1669,12487,0,0.0,37,proposition
unproved,cosmology,working/distinction-geometry-core.tex,"Distinction Geometry: Projection, Reconstruction Defect, and the Interface-Native Metric [0.5em] Ma…",working/distinction-geometry-core.tex,184,6323,5,0.79,10,corollary
unproved,cosmology,working/distinction-geometry-core.tex,"Distinction Geometry: Projection, Reconstruction Defect, and the Interface-Native Metric [0.5em] Ma…",working/distinction-geometry-core.tex,984,6323,5,0.79,10,theorem
unproved,cosmology,working/distinction-geometry-core.tex,"Distinction Geometry: Projection, Reconstruction Defect, and the Interface-Native Metric [0.5em] Ma…",working/distinction-geometry-core.tex,1277,6323,5,0.79,10,corollary
unproved,cosmology,working/distinction-geometry-core.tex,"Distinction Geometry: Projection, Reconstruction Defect, and the Interface-Native Metric [0.5em] Ma…",working/distinction-geometry-core.tex,1285,6323,5,0.79,10,corollary
unproved,cosmology,working/distinction-geometry-core.tex,"Distinction Geometry: Projection, Reconstruction Defect, and the Interface-Native Metric [0.5em] Ma…",working/distinction-geometry-core.tex,1293,6323,5,0.79,10,corollary
unproved,cosmology,working/distinction-geometry-core.tex,"Distinction Geometry: Projection, Reconstruction Defect, and the Interface-Native Metric [0.5em] Ma…",working/distinction-geometry-core.tex,1304,6323,5,0.79,10,corollary
unproved,cosmology,working/distinction-geometry-core.tex,"Distinction Geometry: Projection, Reconstruction Defect, and the Interface-Native Metric [0.5em] Ma…",working/distinction-geometry-core.tex,1312,6323,5,0.79,10,corollary
unproved,cosmology,working/distinction-geometry-core.tex,"Distinction Geometry: Projection, Reconstruction Defect, and the Interface-Native Metric [0.5em] Ma…",working/distinction-geometry-core.tex,1321,6323,5,0.79,10,corollary
unproved,cosmology,working/distinction-geometry-core.tex,"Distinction Geometry: Projection, Reconstruction Defect, and the Interface-Native Metric [0.5em] Ma…",working/distinction-geometry-core.tex,1332,6323,5,0.79,10,corollary
unproved,cosmology,working/distinction-geometry-core.tex,"Distinction Geometry: Projection, Reconstruction Defect, and the Interface-Native Metric [0.5em] Ma…",working/distinction-geometry-core.tex,1343,6323,5,0.79,10,corollary
unproved,cosmology,working/distinction-geometry-core.tex,"Distinction Geometry: Projection, Reconstruction Defect, and the Interface-Native Metric [0.5em] Ma…",working/distinction-geometry-core.tex,1351,6323,5,0.79,10,corollary
unproved,alphabet,roadmap/representation-without-faithfulness.tex,"Representation Without Faithfulness\[1em] Projection Failure, Distinction Preservation,\ and the Ge…",roadmap/representation-without-faithfulness.tex,13598,57084,0,0.0,36,theorem
unproved,computation,moon-not-computer.tex,The Moon Should Not Be a Computer,moon-not-computer.tex,797,11253,102,9.06,53,proposition
unproved,computation,moon-not-computer.tex,The Moon Should Not Be a Computer,moon-not-computer.tex,1012,11253,102,9.06,53,corollary
unproved,computation,moon-not-computer.tex,The Moon Should Not Be a Computer,moon-not-computer.tex,1020,11253,102,9.06,53,corollary
unproved,computation,moon-not-computer.tex,The Moon Should Not Be a Computer,moon-not-computer.tex,1306,11253,102,9.06,53,proposition
unproved,computation,moon-not-computer.tex,The Moon Should Not Be a Computer,moon-not-computer.tex,1330,11253,102,9.06,53,corollary
unproved,computation,moon-not-computer.tex,The Moon Should Not Be a Computer,moon-not-computer.tex,1704,11253,102,9.06,53,theorem
unproved,userspace,futurism/labor_singularity.tex,labor_singularity.tex,futurism/labor_singularity.tex,1020,12829,0,0.0,13,corollary
unproved,userspace,futurism/labor_singularity.tex,labor_singularity.tex,futurism/labor_singularity.tex,1583,12829,0,0.0,13,proposition
unproved,userspace,futurism/labor_singularity.tex,labor_singularity.tex,futurism/labor_singularity.tex,1589,12829,0,0.0,13,theorem
unproved,userspace,futurism/labor_singularity.tex,labor_singularity.tex,futurism/labor_singularity.tex,1705,12829,0,0.0,13,corollary
unproved,userspace,futurism/labor_singularity.tex,labor_singularity.tex,futurism/labor_singularity.tex,1770,12829,0,0.0,13,proposition
unproved,userspace,futurism/labor_singularity.tex,labor_singularity.tex,futurism/labor_singularity.tex,1832,12829,0,0.0,13,theorem
unproved,research-projects,RSVP-Monograph/Volume-I-Foundations/main-vol1.tex,: Mathematical Foundations of Lamphrodynamic Field Theory,RSVP-Monograph/Volume-I-Foundations/chapters/ch03-shifted-symplectic.tex,133,15652,56,3.58,3,theorem
unproved,research-projects,RSVP-Monograph/Volume-I-Foundations/main-vol1.tex,: Mathematical Foundations of Lamphrodynamic Field Theory,RSVP-Monograph/Volume-I-Foundations/chapters/ch03-shifted-symplectic.tex,145,15652,56,3.58,3,theorem
unproved,research-projects,RSVP-Monograph/Volume-I-Foundations/main-vol1.tex,: Mathematical Foundations of Lamphrodynamic Field Theory,RSVP-Monograph/Volume-I-Foundations/chapters/ch05-lamphrodynamic-axioms.tex,127,15652,56,3.58,3,proposition
unproved,research-projects,RSVP-Monograph/Volume-I-Foundations/main-vol1.tex,: Mathematical Foundations of Lamphrodynamic Field Theory,RSVP-Monograph/Volume-I-Foundations/chapters/ch05-lamphrodynamic-axioms.tex,140,15652,56,3.58,3,proposition
unproved,research-projects,RSVP-Monograph/Volume-I-Foundations/main-vol1.tex,: Mathematical Foundations of Lamphrodynamic Field Theory,RSVP-Monograph/Volume-I-Foundations/chapters/ch08-variational-hamiltonian.tex,163,15652,56,3.58,3,proposition
unproved,research-projects,RSVP-Monograph/Volume-I-Foundations/main-vol1.tex,: Mathematical Foundations of Lamphrodynamic Field Theory,RSVP-Monograph/Volume-I-Foundations/appendices/appC-functional-analysis.tex,55,15652,56,3.58,3,theorem
unproved,alphabet,processing/Exaptation Under Delayed Evaluation.tex,Exaptation Under Delayed Evaluation: Selection-Pressure Management as a Mechanism of Creative Intel…,processing/Exaptation Under Delayed Evaluation.tex,91,10822,0,0.0,15,proposition
unproved,alphabet,processing/Exaptation Under Delayed Evaluation.tex,Exaptation Under Delayed Evaluation: Selection-Pressure Management as a Mechanism of Creative Intel…,processing/Exaptation Under Delayed Evaluation.tex,657,10822,0,0.0,15,theorem
unproved,alphabet,processing/Exaptation Under Delayed Evaluation.tex,Exaptation Under Delayed Evaluation: Selection-Pressure Management as a Mechanism of Creative Intel…,processing/Exaptation Under Delayed Evaluation.tex,666,10822,0,0.0,15,theorem
unproved,alphabet,processing/Exaptation Under Delayed Evaluation.tex,Exaptation Under Delayed Evaluation: Selection-Pressure Management as a Mechanism of Creative Intel…,processing/Exaptation Under Delayed Evaluation.tex,679,10822,0,0.0,15,theorem
unproved,alphabet,processing/Exaptation Under Delayed Evaluation.tex,Exaptation Under Delayed Evaluation: Selection-Pressure Management as a Mechanism of Creative Intel…,processing/Exaptation Under Delayed Evaluation.tex,695,10822,0,0.0,15,theorem
unproved,alphabet,processing/Exaptation Under Delayed Evaluation.tex,Exaptation Under Delayed Evaluation: Selection-Pressure Management as a Mechanism of Creative Intel…,processing/Exaptation Under Delayed Evaluation.tex,703,10822,0,0.0,15,theorem
unproved,alphabet,processing/Exaptation Under Delayed Evaluation.tex,Exaptation Under Delayed Evaluation: Selection-Pressure Management as a Mechanism of Creative Intel…,processing/Exaptation Under Delayed Evaluation.tex,711,10822,0,0.0,15,theorem
unproved,alphabet,processing/Exaptation Under Delayed Evaluation.tex,Exaptation Under Delayed Evaluation: Selection-Pressure Management as a Mechanism of Creative Intel…,processing/Exaptation Under Delayed Evaluation.tex,720,10822,0,0.0,15,theorem
unproved,research-projects,Constraints-without-Commitment.tex,Constraints Without Commitment: On the Limits of Algebraic Unification in Contemporary Deep Learning,Constraints-without-Commitment.tex,979,6986,0,0.0,16,corollary
unproved,research-projects,Constraints-without-Commitment.tex,Constraints Without Commitment: On the Limits of Algebraic Unification in Contemporary Deep Learning,Constraints-without-Commitment.tex,1287,6986,0,0.0,16,corollary
unproved,research-projects,Constraints-without-Commitment.tex,Constraints Without Commitment: On the Limits of Algebraic Unification in Contemporary Deep Learning,Constraints-without-Commitment.tex,1485,6986,0,0.0,16,corollary
unproved,research-projects,textbook/draft/The_Ecology_of_Distinctions.tex,The_Ecology_of_Distinctions.tex,textbook/draft/The_Ecology_of_Distinctions.tex,2645,24692,60,2.43,0,theorem
unproved,research-projects,textbook/draft/The_Ecology_of_Distinctions.tex,The_Ecology_of_Distinctions.tex,textbook/draft/The_Ecology_of_Distinctions.tex,2651,24692,60,2.43,0,theorem
unproved,research-projects,textbook/draft/The_Ecology_of_Distinctions.tex,The_Ecology_of_Distinctions.tex,textbook/draft/The_Ecology_of_Distinctions.tex,2659,24692,60,2.43,0,theorem
unproved,research-projects,textbook/draft/The_Ecology_of_Distinctions.tex,The_Ecology_of_Distinctions.tex,textbook/draft/The_Ecology_of_Distinctions.tex,2692,24692,60,2.43,0,theorem
unproved,research-projects,textbook/draft/The_Ecology_of_Distinctions.tex,The_Ecology_of_Distinctions.tex,textbook/draft/The_Ecology_of_Distinctions.tex,2697,24692,60,2.43,0,theorem
unproved,research-projects,textbook/draft/The_Ecology_of_Distinctions.tex,The_Ecology_of_Distinctions.tex,textbook/draft/The_Ecology_of_Distinctions.tex,2705,24692,60,2.43,0,theorem
unproved,research-projects,textbook/draft/The_Ecology_of_Distinctions.tex,The_Ecology_of_Distinctions.tex,textbook/draft/The_Ecology_of_Distinctions.tex,2712,24692,60,2.43,0,theorem
unproved,research-projects,textbook/draft/The_Ecology_of_Distinctions.tex,The_Ecology_of_Distinctions.tex,textbook/draft/The_Ecology_of_Distinctions.tex,2720,24692,60,2.43,0,proposition
unproved,research-projects,textbook/draft/The_Ecology_of_Distinctions.tex,The_Ecology_of_Distinctions.tex,textbook/draft/The_Ecology_of_Distinctions.tex,2757,24692,60,2.43,0,theorem
unproved,research-projects,textbook/draft/The_Ecology_of_Distinctions.tex,The_Ecology_of_Distinctions.tex,textbook/draft/The_Ecology_of_Distinctions.tex,2780,24692,60,2.43,0,theorem
unproved,research-projects,textbook/draft/The_Ecology_of_Distinctions.tex,The_Ecology_of_Distinctions.tex,textbook/draft/The_Ecology_of_Distinctions.tex,2788,24692,60,2.43,0,theorem
unproved,research-projects,textbook/draft/The_Ecology_of_Distinctions.tex,The_Ecology_of_Distinctions.tex,textbook/draft/The_Ecology_of_Distinctions.tex,2797,24692,60,2.43,0,theorem
unproved,research-projects,textbook/draft/The_Ecology_of_Distinctions.tex,The_Ecology_of_Distinctions.tex,textbook/draft/The_Ecology_of_Distinctions.tex,2813,24692,60,2.43,0,theorem
unproved,research-projects,textbook/draft/The_Ecology_of_Distinctions.tex,The_Ecology_of_Distinctions.tex,textbook/draft/The_Ecology_of_Distinctions.tex,2825,24692,60,2.43,0,corollary
unproved,research-projects,textbook/draft/The_Ecology_of_Distinctions.tex,The_Ecology_of_Distinctions.tex,textbook/draft/The_Ecology_of_Distinctions.tex,2829,24692,60,2.43,0,corollary
unproved,research-projects,textbook/draft/The_Ecology_of_Distinctions.tex,The_Ecology_of_Distinctions.tex,textbook/draft/The_Ecology_of_Distinctions.tex,2834,24692,60,2.43,0,corollary
unproved,research-projects,textbook/draft/The_Ecology_of_Distinctions.tex,The_Ecology_of_Distinctions.tex,textbook/draft/The_Ecology_of_Distinctions.tex,2839,24692,60,2.43,0,corollary
unproved,research-projects,textbook/draft/The_Ecology_of_Distinctions.tex,The_Ecology_of_Distinctions.tex,textbook/draft/The_Ecology_of_Distinctions.tex,2843,24692,60,2.43,0,corollary
unproved,research-projects,textbook/draft/The_Ecology_of_Distinctions.tex,The_Ecology_of_Distinctions.tex,textbook/draft/The_Ecology_of_Distinctions.tex,2847,24692,60,2.43,0,corollary
unproved,research-projects,textbook/draft/The_Ecology_of_Distinctions.tex,The_Ecology_of_Distinctions.tex,textbook/draft/The_Ecology_of_Distinctions.tex,2900,24692,60,2.43,0,theorem
unproved,research-projects,textbook/draft/The_Ecology_of_Distinctions.tex,The_Ecology_of_Distinctions.tex,textbook/draft/The_Ecology_of_Distinctions.tex,2905,24692,60,2.43,0,theorem
unproved,research-projects,textbook/draft/The_Ecology_of_Distinctions.tex,The_Ecology_of_Distinctions.tex,textbook/draft/The_Ecology_of_Distinctions.tex,2908,24692,60,2.43,0,theorem
unproved,research-projects,textbook/draft/The_Ecology_of_Distinctions.tex,The_Ecology_of_Distinctions.tex,textbook/draft/The_Ecology_of_Distinctions.tex,2917,24692,60,2.43,0,theorem
unproved,research-projects,textbook/draft/The_Ecology_of_Distinctions.tex,The_Ecology_of_Distinctions.tex,textbook/draft/The_Ecology_of_Distinctions.tex,2927,24692,60,2.43,0,theorem
unproved,research-projects,textbook/draft/The_Ecology_of_Distinctions.tex,The_Ecology_of_Distinctions.tex,textbook/draft/The_Ecology_of_Distinctions.tex,2936,24692,60,2.43,0,theorem
unproved,research-projects,textbook/draft/The_Ecology_of_Distinctions.tex,The_Ecology_of_Distinctions.tex,textbook/draft/The_Ecology_of_Distinctions.tex,3627,24692,60,2.43,0,theorem
unproved,research-projects,textbook/draft/The_Ecology_of_Distinctions.tex,The_Ecology_of_Distinctions.tex,textbook/draft/The_Ecology_of_Distinctions.tex,3638,24692,60,2.43,0,theorem
unproved,research-projects,textbook/draft/The_Ecology_of_Distinctions.tex,The_Ecology_of_Distinctions.tex,textbook/draft/The_Ecology_of_Distinctions.tex,6553,24692,60,2.43,0,corollary
unproved,research-projects,textbook/draft/The_Ecology_of_Distinctions.tex,The_Ecology_of_Distinctions.tex,textbook/draft/The_Ecology_of_Distinctions.tex,7361,24692,60,2.43,0,theorem
unproved,standardgalactic,epistemology/markedness_capability.tex,Markedness and Capability: A Theory of Downward Projection,epistemology/markedness_capability.tex,167,5998,0,0.0,7,proposition
unproved,standardgalactic,epistemology/markedness_capability.tex,Markedness and Capability: A Theory of Downward Projection,epistemology/markedness_capability.tex,277,5998,0,0.0,7,proposition
unproved,standardgalactic,epistemology/markedness_capability.tex,Markedness and Capability: A Theory of Downward Projection,epistemology/markedness_capability.tex,298,5998,0,0.0,7,theorem
unproved,calculus,constraint_v2.tex,constraint_v2.tex,constraint_v2.tex,628,25434,22,0.86,0,theorem
unproved,calculus,constraint_v2.tex,constraint_v2.tex,constraint_v2.tex,1086,25434,22,0.86,0,theorem
unproved,calculus,constraint_v2.tex,constraint_v2.tex,constraint_v2.tex,1648,25434,22,0.86,0,theorem
unproved,calculus,constraint_v2.tex,constraint_v2.tex,constraint_v2.tex,3468,25434,22,0.86,0,theorem
unproved,calculus,constraint_v2.tex,constraint_v2.tex,constraint_v2.tex,4255,25434,22,0.86,0,theorem
unproved,standardgalactic,rsvp-jepa.tex,Joint Embedding Predictive Architectures as Amortized Constraint Satisfaction in the Relativistic S…,rsvp-jepa.tex,97,5454,4,0.73,5,theorem
unproved,standardgalactic,rsvp-jepa.tex,Joint Embedding Predictive Architectures as Amortized Constraint Satisfaction in the Relativistic S…,rsvp-jepa.tex,496,5454,4,0.73,5,corollary
unproved,computation,correspondents_and_residents.tex,"Correspondents and Residents [6pt] A Mathematical Treatise on Sampling Regimes, Suspension Observab…",correspondents_and_residents.tex,131,7572,0,0.0,18,corollary
unproved,computation,correspondents_and_residents.tex,"Correspondents and Residents [6pt] A Mathematical Treatise on Sampling Regimes, Suspension Observab…",correspondents_and_residents.tex,191,7572,0,0.0,18,proposition
unproved,computation,correspondents_and_residents.tex,"Correspondents and Residents [6pt] A Mathematical Treatise on Sampling Regimes, Suspension Observab…",correspondents_and_residents.tex,219,7572,0,0.0,18,corollary
unproved,computation,correspondents_and_residents.tex,"Correspondents and Residents [6pt] A Mathematical Treatise on Sampling Regimes, Suspension Observab…",correspondents_and_residents.tex,275,7572,0,0.0,18,corollary
unproved,computation,correspondents_and_residents.tex,"Correspondents and Residents [6pt] A Mathematical Treatise on Sampling Regimes, Suspension Observab…",correspondents_and_residents.tex,285,7572,0,0.0,18,proposition
unproved,computation,correspondents_and_residents.tex,"Correspondents and Residents [6pt] A Mathematical Treatise on Sampling Regimes, Suspension Observab…",correspondents_and_residents.tex,321,7572,0,0.0,18,proposition
unproved,computation,correspondents_and_residents.tex,"Correspondents and Residents [6pt] A Mathematical Treatise on Sampling Regimes, Suspension Observab…",correspondents_and_residents.tex,351,7572,0,0.0,18,proposition
unproved,computation,correspondents_and_residents.tex,"Correspondents and Residents [6pt] A Mathematical Treatise on Sampling Regimes, Suspension Observab…",correspondents_and_residents.tex,355,7572,0,0.0,18,corollary
unproved,computation,correspondents_and_residents.tex,"Correspondents and Residents [6pt] A Mathematical Treatise on Sampling Regimes, Suspension Observab…",correspondents_and_residents.tex,375,7572,0,0.0,18,proposition
unproved,computation,correspondents_and_residents.tex,"Correspondents and Residents [6pt] A Mathematical Treatise on Sampling Regimes, Suspension Observab…",correspondents_and_residents.tex,391,7572,0,0.0,18,proposition
unproved,computation,correspondents_and_residents.tex,"Correspondents and Residents [6pt] A Mathematical Treatise on Sampling Regimes, Suspension Observab…",correspondents_and_residents.tex,399,7572,0,0.0,18,proposition
unproved,alphabet,manuscripts/normalization_without_convergence.tex,"Normalization Without Convergence: [6pt] Large Language Models, Linguistic Entropy, and the Myth of…",manuscripts/normalization_without_convergence.tex,883,16503,7,0.42,14,proposition
unproved,alphabet,manuscripts/normalization_without_convergence.tex,"Normalization Without Convergence: [6pt] Large Language Models, Linguistic Entropy, and the Myth of…",manuscripts/normalization_without_convergence.tex,1332,16503,7,0.42,14,proposition
unproved,alphabet,manuscripts/normalization_without_convergence.tex,"Normalization Without Convergence: [6pt] Large Language Models, Linguistic Entropy, and the Myth of…",manuscripts/normalization_without_convergence.tex,1436,16503,7,0.42,14,proposition
unproved,spherepop,textbook/ecology-of-thought.tex,The Ecology of Thought [0.8em] Environment as a Persistent Computational Structure,textbook/ecology-of-thought.tex,358,30852,0,0.0,35,proposition
unproved,spherepop,textbook/ecology-of-thought.tex,The Ecology of Thought [0.8em] Environment as a Persistent Computational Structure,textbook/ecology-of-thought.tex,456,30852,0,0.0,35,proposition
unproved,spherepop,textbook/ecology-of-thought.tex,The Ecology of Thought [0.8em] Environment as a Persistent Computational Structure,textbook/ecology-of-thought.tex,538,30852,0,0.0,35,corollary
unproved,spherepop,textbook/ecology-of-thought.tex,The Ecology of Thought [0.8em] Environment as a Persistent Computational Structure,textbook/ecology-of-thought.tex,674,30852,0,0.0,35,corollary
unproved,spherepop,textbook/ecology-of-thought.tex,The Ecology of Thought [0.8em] Environment as a Persistent Computational Structure,textbook/ecology-of-thought.tex,752,30852,0,0.0,35,theorem
unproved,spherepop,textbook/ecology-of-thought.tex,The Ecology of Thought [0.8em] Environment as a Persistent Computational Structure,textbook/ecology-of-thought.tex,864,30852,0,0.0,35,proposition
unproved,spherepop,textbook/ecology-of-thought.tex,The Ecology of Thought [0.8em] Environment as a Persistent Computational Structure,textbook/ecology-of-thought.tex,898,30852,0,0.0,35,theorem
unproved,spherepop,textbook/ecology-of-thought.tex,The Ecology of Thought [0.8em] Environment as a Persistent Computational Structure,textbook/ecology-of-thought.tex,964,30852,0,0.0,35,corollary
unproved,spherepop,textbook/ecology-of-thought.tex,The Ecology of Thought [0.8em] Environment as a Persistent Computational Structure,textbook/ecology-of-thought.tex,978,30852,0,0.0,35,proposition
unproved,spherepop,textbook/ecology-of-thought.tex,The Ecology of Thought [0.8em] Environment as a Persistent Computational Structure,textbook/ecology-of-thought.tex,1135,30852,0,0.0,35,proposition
unproved,spherepop,textbook/ecology-of-thought.tex,The Ecology of Thought [0.8em] Environment as a Persistent Computational Structure,textbook/ecology-of-thought.tex,1180,30852,0,0.0,35,theorem
unproved,spherepop,textbook/ecology-of-thought.tex,The Ecology of Thought [0.8em] Environment as a Persistent Computational Structure,textbook/ecology-of-thought.tex,1254,30852,0,0.0,35,theorem
unproved,spherepop,textbook/ecology-of-thought.tex,The Ecology of Thought [0.8em] Environment as a Persistent Computational Structure,textbook/ecology-of-thought.tex,1268,30852,0,0.0,35,corollary
unproved,spherepop,textbook/ecology-of-thought.tex,The Ecology of Thought [0.8em] Environment as a Persistent Computational Structure,textbook/ecology-of-thought.tex,1312,30852,0,0.0,35,proposition
unproved,spherepop,textbook/ecology-of-thought.tex,The Ecology of Thought [0.8em] Environment as a Persistent Computational Structure,textbook/ecology-of-thought.tex,1350,30852,0,0.0,35,theorem
unproved,spherepop,textbook/ecology-of-thought.tex,The Ecology of Thought [0.8em] Environment as a Persistent Computational Structure,textbook/ecology-of-thought.tex,1382,30852,0,0.0,35,corollary
unproved,spherepop,textbook/ecology-of-thought.tex,The Ecology of Thought [0.8em] Environment as a Persistent Computational Structure,textbook/ecology-of-thought.tex,1437,30852,0,0.0,35,proposition
unproved,spherepop,textbook/ecology-of-thought.tex,The Ecology of Thought [0.8em] Environment as a Persistent Computational Structure,textbook/ecology-of-thought.tex,1469,30852,0,0.0,35,theorem
unproved,spherepop,textbook/ecology-of-thought.tex,The Ecology of Thought [0.8em] Environment as a Persistent Computational Structure,textbook/ecology-of-thought.tex,1501,30852,0,0.0,35,corollary
unproved,spherepop,textbook/ecology-of-thought.tex,The Ecology of Thought [0.8em] Environment as a Persistent Computational Structure,textbook/ecology-of-thought.tex,1615,30852,0,0.0,35,theorem
unproved,spherepop,textbook/ecology-of-thought.tex,The Ecology of Thought [0.8em] Environment as a Persistent Computational Structure,textbook/ecology-of-thought.tex,1780,30852,0,0.0,35,corollary
unproved,spherepop,textbook/ecology-of-thought.tex,The Ecology of Thought [0.8em] Environment as a Persistent Computational Structure,textbook/ecology-of-thought.tex,1860,30852,0,0.0,35,proposition
unproved,spherepop,textbook/ecology-of-thought.tex,The Ecology of Thought [0.8em] Environment as a Persistent Computational Structure,textbook/ecology-of-thought.tex,1880,30852,0,0.0,35,theorem
unproved,spherepop,textbook/ecology-of-thought.tex,The Ecology of Thought [0.8em] Environment as a Persistent Computational Structure,textbook/ecology-of-thought.tex,1912,30852,0,0.0,35,corollary
unproved,spherepop,textbook/ecology-of-thought.tex,The Ecology of Thought [0.8em] Environment as a Persistent Computational Structure,textbook/ecology-of-thought.tex,2115,30852,0,0.0,35,corollary
unproved,spherepop,textbook/ecology-of-thought.tex,The Ecology of Thought [0.8em] Environment as a Persistent Computational Structure,textbook/ecology-of-thought.tex,2171,30852,0,0.0,35,theorem
unproved,spherepop,textbook/ecology-of-thought.tex,The Ecology of Thought [0.8em] Environment as a Persistent Computational Structure,textbook/ecology-of-thought.tex,2183,30852,0,0.0,35,proposition
unproved,spherepop,textbook/ecology-of-thought.tex,The Ecology of Thought [0.8em] Environment as a Persistent Computational Structure,textbook/ecology-of-thought.tex,2211,30852,0,0.0,35,proposition
unproved,spherepop,textbook/ecology-of-thought.tex,The Ecology of Thought [0.8em] Environment as a Persistent Computational Structure,textbook/ecology-of-thought.tex,2254,30852,0,0.0,35,theorem
unproved,spherepop,textbook/ecology-of-thought.tex,The Ecology of Thought [0.8em] Environment as a Persistent Computational Structure,textbook/ecology-of-thought.tex,2304,30852,0,0.0,35,proposition
unproved,spherepop,textbook/ecology-of-thought.tex,The Ecology of Thought [0.8em] Environment as a Persistent Computational Structure,textbook/ecology-of-thought.tex,2320,30852,0,0.0,35,corollary
unproved,spherepop,textbook/ecology-of-thought.tex,The Ecology of Thought [0.8em] Environment as a Persistent Computational Structure,textbook/ecology-of-thought.tex,2396,30852,0,0.0,35,proposition
unproved,spherepop,textbook/ecology-of-thought.tex,The Ecology of Thought [0.8em] Environment as a Persistent Computational Structure,textbook/ecology-of-thought.tex,2420,30852,0,0.0,35,corollary
unproved,spherepop,textbook/ecology-of-thought.tex,The Ecology of Thought [0.8em] Environment as a Persistent Computational Structure,textbook/ecology-of-thought.tex,2461,30852,0,0.0,35,theorem
unproved,spherepop,textbook/ecology-of-thought.tex,The Ecology of Thought [0.8em] Environment as a Persistent Computational Structure,textbook/ecology-of-thought.tex,2471,30852,0,0.0,35,corollary
unproved,spherepop,textbook/ecology-of-thought.tex,The Ecology of Thought [0.8em] Environment as a Persistent Computational Structure,textbook/ecology-of-thought.tex,2613,30852,0,0.0,35,theorem
unproved,spherepop,textbook/ecology-of-thought.tex,The Ecology of Thought [0.8em] Environment as a Persistent Computational Structure,textbook/ecology-of-thought.tex,2629,30852,0,0.0,35,corollary
unproved,spherepop,textbook/ecology-of-thought.tex,The Ecology of Thought [0.8em] Environment as a Persistent Computational Structure,textbook/ecology-of-thought.tex,2641,30852,0,0.0,35,proposition
unproved,spherepop,textbook/ecology-of-thought.tex,The Ecology of Thought [0.8em] Environment as a Persistent Computational Structure,textbook/ecology-of-thought.tex,2677,30852,0,0.0,35,corollary
unproved,spherepop,Computation as Semantic Maintenance.tex,"Computation as Semantic Maintenance: Embodied Knowledge, Structural Capability, and the Laws of Dev…",Computation as Semantic Maintenance.tex,1408,11727,0,0.0,16,proposition
unproved,spherepop,Computation as Semantic Maintenance.tex,"Computation as Semantic Maintenance: Embodied Knowledge, Structural Capability, and the Laws of Dev…",Computation as Semantic Maintenance.tex,1413,11727,0,0.0,16,theorem
unproved,spherepop,Computation as Semantic Maintenance.tex,"Computation as Semantic Maintenance: Embodied Knowledge, Structural Capability, and the Laws of Dev…",Computation as Semantic Maintenance.tex,1422,11727,0,0.0,16,proposition
unproved,spherepop,Computation as Semantic Maintenance.tex,"Computation as Semantic Maintenance: Embodied Knowledge, Structural Capability, and the Laws of Dev…",Computation as Semantic Maintenance.tex,1446,11727,0,0.0,16,theorem
unproved,spherepop,Computation as Semantic Maintenance.tex,"Computation as Semantic Maintenance: Embodied Knowledge, Structural Capability, and the Laws of Dev…",Computation as Semantic Maintenance.tex,1471,11727,0,0.0,16,theorem
unproved,spherepop,Computation as Semantic Maintenance.tex,"Computation as Semantic Maintenance: Embodied Knowledge, Structural Capability, and the Laws of Dev…",Computation as Semantic Maintenance.tex,1477,11727,0,0.0,16,proposition
unproved,spherepop,Computation as Semantic Maintenance.tex,"Computation as Semantic Maintenance: Embodied Knowledge, Structural Capability, and the Laws of Dev…",Computation as Semantic Maintenance.tex,1525,11727,0,0.0,16,theorem
unproved,spherepop,Computation as Semantic Maintenance.tex,"Computation as Semantic Maintenance: Embodied Knowledge, Structural Capability, and the Laws of Dev…",Computation as Semantic Maintenance.tex,1547,11727,0,0.0,16,theorem
unproved,spherepop,Computation as Semantic Maintenance.tex,"Computation as Semantic Maintenance: Embodied Knowledge, Structural Capability, and the Laws of Dev…",Computation as Semantic Maintenance.tex,1601,11727,0,0.0,16,proposition
unproved,spherepop,Computation as Semantic Maintenance.tex,"Computation as Semantic Maintenance: Embodied Knowledge, Structural Capability, and the Laws of Dev…",Computation as Semantic Maintenance.tex,1609,11727,0,0.0,16,theorem
unproved,spherepop,Computation as Semantic Maintenance.tex,"Computation as Semantic Maintenance: Embodied Knowledge, Structural Capability, and the Laws of Dev…",Computation as Semantic Maintenance.tex,1617,11727,0,0.0,16,proposition
unproved,spherepop,Computation as Semantic Maintenance.tex,"Computation as Semantic Maintenance: Embodied Knowledge, Structural Capability, and the Laws of Dev…",Computation as Semantic Maintenance.tex,1669,11727,0,0.0,16,theorem
unproved,spherepop,Computation as Semantic Maintenance.tex,"Computation as Semantic Maintenance: Embodied Knowledge, Structural Capability, and the Laws of Dev…",Computation as Semantic Maintenance.tex,1674,11727,0,0.0,16,theorem
unproved,spherepop,Computation as Semantic Maintenance.tex,"Computation as Semantic Maintenance: Embodied Knowledge, Structural Capability, and the Laws of Dev…",Computation as Semantic Maintenance.tex,1681,11727,0,0.0,16,proposition
unproved,computation,processing/diagnostic-coordinates.tex,Diagnostic Coordinates and the Time of Repair: A Correction to the Anti-Alignment Theorem,processing/diagnostic-coordinates.tex,173,6383,6,0.94,4,proposition
unproved,computation,processing/diagnostic-coordinates.tex,Diagnostic Coordinates and the Time of Repair: A Correction to the Anti-Alignment Theorem,processing/diagnostic-coordinates.tex,356,6383,6,0.94,4,proposition
unproved,computation,processing/diagnostic-coordinates.tex,Diagnostic Coordinates and the Time of Repair: A Correction to the Anti-Alignment Theorem,processing/diagnostic-coordinates.tex,370,6383,6,0.94,4,proposition
unproved,computation,processing/diagnostic-coordinates.tex,Diagnostic Coordinates and the Time of Repair: A Correction to the Anti-Alignment Theorem,processing/diagnostic-coordinates.tex,393,6383,6,0.94,4,proposition
unproved,computation,processing/diagnostic-coordinates.tex,Diagnostic Coordinates and the Time of Repair: A Correction to the Anti-Alignment Theorem,processing/diagnostic-coordinates.tex,549,6383,6,0.94,4,proposition
unproved,robotics,continuation_geometry_of_circuits.tex,The Continuation Geometry of Circuits,continuation_geometry_of_circuits.tex,155,27015,0,0.0,22,proposition
unproved,robotics,continuation_geometry_of_circuits.tex,The Continuation Geometry of Circuits,continuation_geometry_of_circuits.tex,531,27015,0,0.0,22,corollary
unproved,robotics,continuation_geometry_of_circuits.tex,The Continuation Geometry of Circuits,continuation_geometry_of_circuits.tex,604,27015,0,0.0,22,corollary
unproved,robotics,continuation_geometry_of_circuits.tex,The Continuation Geometry of Circuits,continuation_geometry_of_circuits.tex,680,27015,0,0.0,22,corollary
unproved,robotics,continuation_geometry_of_circuits.tex,The Continuation Geometry of Circuits,continuation_geometry_of_circuits.tex,842,27015,0,0.0,22,corollary
unproved,robotics,continuation_geometry_of_circuits.tex,The Continuation Geometry of Circuits,continuation_geometry_of_circuits.tex,848,27015,0,0.0,22,corollary
unproved,robotics,continuation_geometry_of_circuits.tex,The Continuation Geometry of Circuits,continuation_geometry_of_circuits.tex,881,27015,0,0.0,22,proposition
unproved,robotics,continuation_geometry_of_circuits.tex,The Continuation Geometry of Circuits,continuation_geometry_of_circuits.tex,1005,27015,0,0.0,22,corollary
unproved,robotics,continuation_geometry_of_circuits.tex,The Continuation Geometry of Circuits,continuation_geometry_of_circuits.tex,1054,27015,0,0.0,22,corollary
unproved,robotics,continuation_geometry_of_circuits.tex,The Continuation Geometry of Circuits,continuation_geometry_of_circuits.tex,1068,27015,0,0.0,22,proposition
unproved,robotics,continuation_geometry_of_circuits.tex,The Continuation Geometry of Circuits,continuation_geometry_of_circuits.tex,1144,27015,0,0.0,22,proposition
unproved,robotics,continuation_geometry_of_circuits.tex,The Continuation Geometry of Circuits,continuation_geometry_of_circuits.tex,1282,27015,0,0.0,22,proposition
unproved,robotics,continuation_geometry_of_circuits.tex,The Continuation Geometry of Circuits,continuation_geometry_of_circuits.tex,1343,27015,0,0.0,22,theorem
unproved,robotics,continuation_geometry_of_circuits.tex,The Continuation Geometry of Circuits,continuation_geometry_of_circuits.tex,1437,27015,0,0.0,22,theorem
unproved,alphabet,pipeline/retention_before_retrieval.tex,Retention Before Retrieval: Sparse Distinction and the Cost of Carrying a Past,pipeline/retention_before_retrieval.tex,137,6139,0,0.0,5,proposition
unproved,alphabet,pipeline/retention_before_retrieval.tex,Retention Before Retrieval: Sparse Distinction and the Cost of Carrying a Past,pipeline/retention_before_retrieval.tex,174,6139,0,0.0,5,proposition
unproved,alphabet,pipeline/retention_before_retrieval.tex,Retention Before Retrieval: Sparse Distinction and the Cost of Carrying a Past,pipeline/retention_before_retrieval.tex,212,6139,0,0.0,5,proposition
unproved,alphabet,pipeline/retention_before_retrieval.tex,Retention Before Retrieval: Sparse Distinction and the Cost of Carrying a Past,pipeline/retention_before_retrieval.tex,332,6139,0,0.0,5,proposition
unproved,alphabet,pipeline/retention_before_retrieval.tex,Retention Before Retrieval: Sparse Distinction and the Cost of Carrying a Past,pipeline/retention_before_retrieval.tex,386,6139,0,0.0,5,proposition
unproved,alphabet,pipeline/retention_before_retrieval.tex,Retention Before Retrieval: Sparse Distinction and the Cost of Carrying a Past,pipeline/retention_before_retrieval.tex,540,6139,0,0.0,5,proposition
unproved,alphabet,pipeline/retention_before_retrieval.tex,Retention Before Retrieval: Sparse Distinction and the Cost of Carrying a Past,pipeline/retention_before_retrieval.tex,719,6139,0,0.0,5,proposition
unproved,library,Thermodynamic-Reachability.tex,Thermodynamic Reachability Geometric Bayesianism with Sparse Heuristics in Dynamically Constrained …,Thermodynamic-Reachability.tex,636,11896,0,0.0,38,corollary
unproved,library,Thermodynamic-Reachability.tex,Thermodynamic Reachability Geometric Bayesianism with Sparse Heuristics in Dynamically Constrained …,Thermodynamic-Reachability.tex,894,11896,0,0.0,38,proposition
unproved,library,Thermodynamic-Reachability.tex,Thermodynamic Reachability Geometric Bayesianism with Sparse Heuristics in Dynamically Constrained …,Thermodynamic-Reachability.tex,918,11896,0,0.0,38,proposition
unproved,library,Thermodynamic-Reachability.tex,Thermodynamic Reachability Geometric Bayesianism with Sparse Heuristics in Dynamically Constrained …,Thermodynamic-Reachability.tex,1118,11896,0,0.0,38,proposition
unproved,spherepop,textbook/memory-before-representation.tex,memory-before-representation.tex,textbook/memory-before-representation.tex,420,7668,7,0.91,56,corollary
unproved,spherepop,textbook/memory-before-representation.tex,memory-before-representation.tex,textbook/memory-before-representation.tex,1064,7668,7,0.91,56,corollary
unproved,spherepop,textbook/memory-before-representation.tex,memory-before-representation.tex,textbook/memory-before-representation.tex,2174,7668,7,0.91,56,corollary
unproved,calculus,identity_after_collapse.tex,identity_after_collapse.tex,identity_after_collapse.tex,2435,21221,2,0.09,21,proposition
unproved,calculus,identity_after_collapse.tex,identity_after_collapse.tex,identity_after_collapse.tex,2498,21221,2,0.09,21,proposition
unproved,calculus,identity_after_collapse.tex,identity_after_collapse.tex,identity_after_collapse.tex,3906,21221,2,0.09,21,corollary
unproved,computation,abstraction/armillary_sphere.tex,The Armillary Sphere and the Thought Experiment [0.4em] On Proposals That Are Neither Blueprints No…,abstraction/armillary_sphere.tex,336,4865,0,0.0,25,proposition
unproved,computation,abstraction/armillary_sphere.tex,The Armillary Sphere and the Thought Experiment [0.4em] On Proposals That Are Neither Blueprints No…,abstraction/armillary_sphere.tex,357,4865,0,0.0,25,proposition
unproved,computation,abstraction/armillary_sphere.tex,The Armillary Sphere and the Thought Experiment [0.4em] On Proposals That Are Neither Blueprints No…,abstraction/armillary_sphere.tex,658,4865,0,0.0,25,proposition
unproved,computation,abstraction/armillary_sphere.tex,The Armillary Sphere and the Thought Experiment [0.4em] On Proposals That Are Neither Blueprints No…,abstraction/armillary_sphere.tex,677,4865,0,0.0,25,proposition
unproved,computation,abstraction/armillary_sphere.tex,The Armillary Sphere and the Thought Experiment [0.4em] On Proposals That Are Neither Blueprints No…,abstraction/armillary_sphere.tex,689,4865,0,0.0,25,proposition
unproved,standardgalactic,epistemology/selection_without_design.tex,"-1cm Selection Without Design [0.5em] Constraint, Projection, and the Geometry of the Unseen",epistemology/selection_without_design.tex,319,21048,0,0.0,18,corollary
unproved,standardgalactic,epistemology/selection_without_design.tex,"-1cm Selection Without Design [0.5em] Constraint, Projection, and the Geometry of the Unseen",epistemology/selection_without_design.tex,367,21048,0,0.0,18,corollary
unproved,standardgalactic,epistemology/selection_without_design.tex,"-1cm Selection Without Design [0.5em] Constraint, Projection, and the Geometry of the Unseen",epistemology/selection_without_design.tex,571,21048,0,0.0,18,theorem
unproved,standardgalactic,epistemology/selection_without_design.tex,"-1cm Selection Without Design [0.5em] Constraint, Projection, and the Geometry of the Unseen",epistemology/selection_without_design.tex,618,21048,0,0.0,18,proposition
unproved,standardgalactic,epistemology/selection_without_design.tex,"-1cm Selection Without Design [0.5em] Constraint, Projection, and the Geometry of the Unseen",epistemology/selection_without_design.tex,711,21048,0,0.0,18,proposition
unproved,standardgalactic,epistemology/selection_without_design.tex,"-1cm Selection Without Design [0.5em] Constraint, Projection, and the Geometry of the Unseen",epistemology/selection_without_design.tex,758,21048,0,0.0,18,proposition
unproved,standardgalactic,epistemology/selection_without_design.tex,"-1cm Selection Without Design [0.5em] Constraint, Projection, and the Geometry of the Unseen",epistemology/selection_without_design.tex,1317,21048,0,0.0,18,proposition
unproved,spherepop,the-autonomy-of-refusal.tex,"The Autonomy of Refusal: Abstraction, Agency, and the Limits of Scalable Intelligence",the-autonomy-of-refusal.tex,320,8308,4,0.48,4,corollary
unproved,spherepop,the-autonomy-of-refusal.tex,"The Autonomy of Refusal: Abstraction, Agency, and the Limits of Scalable Intelligence",the-autonomy-of-refusal.tex,407,8308,4,0.48,4,corollary
unproved,spherepop,the-autonomy-of-refusal.tex,"The Autonomy of Refusal: Abstraction, Agency, and the Limits of Scalable Intelligence",the-autonomy-of-refusal.tex,411,8308,4,0.48,4,corollary
unproved,guardrails,memory/hyperbionic_reading.tex,Hyperbionic Reading: A Visual Projection of Prosodic Parameter Space,memory/hyperbionic_reading.tex,262,15898,5,0.31,8,proposition
unproved,guardrails,memory/hyperbionic_reading.tex,Hyperbionic Reading: A Visual Projection of Prosodic Parameter Space,memory/hyperbionic_reading.tex,579,15898,5,0.31,8,proposition
unproved,guardrails,memory/hyperbionic_reading.tex,Hyperbionic Reading: A Visual Projection of Prosodic Parameter Space,memory/hyperbionic_reading.tex,866,15898,5,0.31,8,proposition
unproved,guardrails,memory/hyperbionic_reading.tex,Hyperbionic Reading: A Visual Projection of Prosodic Parameter Space,memory/hyperbionic_reading.tex,872,15898,5,0.31,8,proposition
unproved,guardrails,memory/hyperbionic_reading.tex,Hyperbionic Reading: A Visual Projection of Prosodic Parameter Space,memory/hyperbionic_reading.tex,1070,15898,5,0.31,8,proposition
unproved,guardrails,memory/hyperbionic_reading.tex,Hyperbionic Reading: A Visual Projection of Prosodic Parameter Space,memory/hyperbionic_reading.tex,1106,15898,5,0.31,8,proposition
unproved,guardrails,memory/hyperbionic_reading.tex,Hyperbionic Reading: A Visual Projection of Prosodic Parameter Space,memory/hyperbionic_reading.tex,1135,15898,5,0.31,8,proposition
unproved,guardrails,memory/hyperbionic_reading.tex,Hyperbionic Reading: A Visual Projection of Prosodic Parameter Space,memory/hyperbionic_reading.tex,1165,15898,5,0.31,8,proposition
unproved,guardrails,memory/hyperbionic_reading.tex,Hyperbionic Reading: A Visual Projection of Prosodic Parameter Space,memory/hyperbionic_reading.tex,1211,15898,5,0.31,8,proposition
unproved,guardrails,memory/hyperbionic_reading.tex,Hyperbionic Reading: A Visual Projection of Prosodic Parameter Space,memory/hyperbionic_reading.tex,1253,15898,5,0.31,8,proposition
unproved,guardrails,memory/hyperbionic_reading.tex,Hyperbionic Reading: A Visual Projection of Prosodic Parameter Space,memory/hyperbionic_reading.tex,1347,15898,5,0.31,8,proposition
unproved,guardrails,memory/hyperbionic_reading.tex,Hyperbionic Reading: A Visual Projection of Prosodic Parameter Space,memory/hyperbionic_reading.tex,1424,15898,5,0.31,8,proposition
unproved,guardrails,memory/hyperbionic_reading.tex,Hyperbionic Reading: A Visual Projection of Prosodic Parameter Space,memory/hyperbionic_reading.tex,1465,15898,5,0.31,8,proposition
unproved,alphabet,pipeline/what-survives-reconstruction.tex,"What Survives Reconstruction [0.4em] Admissibility, Irreversibility, and the Architecture of Extern…",pipeline/what-survives-reconstruction.tex,383,27813,0,0.0,13,proposition
unproved,alphabet,pipeline/what-survives-reconstruction.tex,"What Survives Reconstruction [0.4em] Admissibility, Irreversibility, and the Architecture of Extern…",pipeline/what-survives-reconstruction.tex,440,27813,0,0.0,13,proposition
unproved,alphabet,pipeline/what-survives-reconstruction.tex,"What Survives Reconstruction [0.4em] Admissibility, Irreversibility, and the Architecture of Extern…",pipeline/what-survives-reconstruction.tex,630,27813,0,0.0,13,proposition
unproved,alphabet,pipeline/what-survives-reconstruction.tex,"What Survives Reconstruction [0.4em] Admissibility, Irreversibility, and the Architecture of Extern…",pipeline/what-survives-reconstruction.tex,770,27813,0,0.0,13,corollary
unproved,alphabet,pipeline/what-survives-reconstruction.tex,"What Survives Reconstruction [0.4em] Admissibility, Irreversibility, and the Architecture of Extern…",pipeline/what-survives-reconstruction.tex,1140,27813,0,0.0,13,corollary
unproved,alphabet,pipeline/what-survives-reconstruction.tex,"What Survives Reconstruction [0.4em] Admissibility, Irreversibility, and the Architecture of Extern…",pipeline/what-survives-reconstruction.tex,1248,27813,0,0.0,13,proposition
unproved,alphabet,example/recursive-continuation.tex,"Recursive Continuation Autopoiesis, Sympoiesis, and the Compression of Self-Modification",example/recursive-continuation.tex,877,17578,0,0.0,18,theorem
unproved,calculus,rsvp_v4.tex,"Geometry from Entropy Flow: Renormalization, Plenum Dynamics, and the Emergence of Physical Structu…",rsvp_v4.tex,1515,10307,108,10.48,56,corollary
unproved,calculus,rsvp_v4.tex,"Geometry from Entropy Flow: Renormalization, Plenum Dynamics, and the Emergence of Physical Structu…",rsvp_v4.tex,2721,10307,108,10.48,56,proposition
unproved,calculus,rsvp_v4.tex,"Geometry from Entropy Flow: Renormalization, Plenum Dynamics, and the Emergence of Physical Structu…",rsvp_v4.tex,2730,10307,108,10.48,56,proposition
unproved,calculus,rsvp_v4.tex,"Geometry from Entropy Flow: Renormalization, Plenum Dynamics, and the Emergence of Physical Structu…",rsvp_v4.tex,2744,10307,108,10.48,56,proposition
unproved,research-projects,unsorted/distinction-holonomy.tex,"Distinction Holonomy: A Gauge Theory of Persistence, Repair, and Continuation [0.3em] with a Worked…",unsorted/distinction-holonomy.tex,318,9797,0,0.0,37,theorem
unproved,research-projects,unsorted/distinction-holonomy.tex,"Distinction Holonomy: A Gauge Theory of Persistence, Repair, and Continuation [0.3em] with a Worked…",unsorted/distinction-holonomy.tex,390,9797,0,0.0,37,proposition
unproved,research-projects,unsorted/distinction-holonomy.tex,"Distinction Holonomy: A Gauge Theory of Persistence, Repair, and Continuation [0.3em] with a Worked…",unsorted/distinction-holonomy.tex,396,9797,0,0.0,37,theorem
unproved,research-projects,unsorted/distinction-holonomy.tex,"Distinction Holonomy: A Gauge Theory of Persistence, Repair, and Continuation [0.3em] with a Worked…",unsorted/distinction-holonomy.tex,402,9797,0,0.0,37,theorem
unproved,research-projects,unsorted/distinction-holonomy.tex,"Distinction Holonomy: A Gauge Theory of Persistence, Repair, and Continuation [0.3em] with a Worked…",unsorted/distinction-holonomy.tex,414,9797,0,0.0,37,theorem
unproved,guardrails,projection_constraint_irreversibility.tex,projection_constraint_irreversibility.tex,projection_constraint_irreversibility.tex,329,9881,1,0.1,42,proposition
unproved,guardrails,projection_constraint_irreversibility.tex,projection_constraint_irreversibility.tex,projection_constraint_irreversibility.tex,380,9881,1,0.1,42,theorem
unproved,guardrails,projection_constraint_irreversibility.tex,projection_constraint_irreversibility.tex,projection_constraint_irreversibility.tex,667,9881,1,0.1,42,proposition
unproved,guardrails,projection_constraint_irreversibility.tex,projection_constraint_irreversibility.tex,projection_constraint_irreversibility.tex,852,9881,1,0.1,42,proposition
unproved,guardrails,projection_constraint_irreversibility.tex,projection_constraint_irreversibility.tex,projection_constraint_irreversibility.tex,1043,9881,1,0.1,42,proposition
unproved,guardrails,projection_constraint_irreversibility.tex,projection_constraint_irreversibility.tex,projection_constraint_irreversibility.tex,1148,9881,1,0.1,42,proposition
unproved,guardrails,projection_constraint_irreversibility.tex,projection_constraint_irreversibility.tex,projection_constraint_irreversibility.tex,1188,9881,1,0.1,42,theorem
unproved,guardrails,projection_constraint_irreversibility.tex,projection_constraint_irreversibility.tex,projection_constraint_irreversibility.tex,1355,9881,1,0.1,42,corollary
unproved,standardgalactic,research/notes/structural_ideas.tex,"On the Formation of Structural Ideas: Constraint Accumulation, Projection, and Convergence Across D…",research/notes/structural_ideas.tex,752,7842,25,3.19,29,proposition
unproved,standardgalactic,research/notes/structural_ideas.tex,"On the Formation of Structural Ideas: Constraint Accumulation, Projection, and Convergence Across D…",research/notes/structural_ideas.tex,758,7842,25,3.19,29,proposition
unproved,standardgalactic,research/notes/structural_ideas.tex,"On the Formation of Structural Ideas: Constraint Accumulation, Projection, and Convergence Across D…",research/notes/structural_ideas.tex,764,7842,25,3.19,29,proposition
unproved,standardgalactic,research/notes/structural_ideas.tex,"On the Formation of Structural Ideas: Constraint Accumulation, Projection, and Convergence Across D…",research/notes/structural_ideas.tex,1315,7842,25,3.19,29,proposition
unproved,standardgalactic,research/notes/structural_ideas.tex,"On the Formation of Structural Ideas: Constraint Accumulation, Projection, and Convergence Across D…",research/notes/structural_ideas.tex,1487,7842,25,3.19,29,corollary
unproved,standardgalactic,research/notes/structural_ideas.tex,"On the Formation of Structural Ideas: Constraint Accumulation, Projection, and Convergence Across D…",research/notes/structural_ideas.tex,1551,7842,25,3.19,29,proposition
unproved,alphabet,manuscripts/hidden_manifolds.tex,"Hidden Manifolds [0.5em] Optimal Transport, Accessibility Landscapes, and the Reconstruction of Con…",manuscripts/hidden_manifolds.tex,664,13761,37,2.69,31,proposition
unproved,computation,abstraction/computation-beyond-data.tex,"Computation Beyond Data [0.4em] Constraints, Reachability, and Memory as Foundations of Complex Sys…",abstraction/computation-beyond-data.tex,215,5084,0,0.0,23,proposition
unproved,computation,abstraction/computation-beyond-data.tex,"Computation Beyond Data [0.4em] Constraints, Reachability, and Memory as Foundations of Complex Sys…",abstraction/computation-beyond-data.tex,369,5084,0,0.0,23,proposition
unproved,computation,abstraction/computation-beyond-data.tex,"Computation Beyond Data [0.4em] Constraints, Reachability, and Memory as Foundations of Complex Sys…",abstraction/computation-beyond-data.tex,573,5084,0,0.0,23,proposition
unproved,computation,abstraction/computation-beyond-data.tex,"Computation Beyond Data [0.4em] Constraints, Reachability, and Memory as Foundations of Complex Sys…",abstraction/computation-beyond-data.tex,746,5084,0,0.0,23,proposition
unproved,library,physics/energy_as_contradiction.tex,"A Monograph on Constraint, Displacement, and the Structure of Physical Reality [1.5ex] Energy as Co…",physics/energy_as_contradiction.tex,433,29489,8,0.27,0,theorem
unproved,library,physics/energy_as_contradiction.tex,"A Monograph on Constraint, Displacement, and the Structure of Physical Reality [1.5ex] Energy as Co…",physics/energy_as_contradiction.tex,695,29489,8,0.27,0,proposition
unproved,library,physics/energy_as_contradiction.tex,"A Monograph on Constraint, Displacement, and the Structure of Physical Reality [1.5ex] Energy as Co…",physics/energy_as_contradiction.tex,1655,29489,8,0.27,0,corollary
unproved,library,physics/energy_as_contradiction.tex,"A Monograph on Constraint, Displacement, and the Structure of Physical Reality [1.5ex] Energy as Co…",physics/energy_as_contradiction.tex,2137,29489,8,0.27,0,corollary
unproved,library,physics/energy_as_contradiction.tex,"A Monograph on Constraint, Displacement, and the Structure of Physical Reality [1.5ex] Energy as Co…",physics/energy_as_contradiction.tex,2527,29489,8,0.27,0,corollary
unproved,library,physics/energy_as_contradiction.tex,"A Monograph on Constraint, Displacement, and the Structure of Physical Reality [1.5ex] Energy as Co…",physics/energy_as_contradiction.tex,2534,29489,8,0.27,0,corollary
unproved,library,physics/energy_as_contradiction.tex,"A Monograph on Constraint, Displacement, and the Structure of Physical Reality [1.5ex] Energy as Co…",physics/energy_as_contradiction.tex,2541,29489,8,0.27,0,corollary
unproved,kitbash,cosmology/Axial Holonomy - draft 03.tex,Axial Holonomy and Visibility-Weighted Coherence: [4pt] Cosmic Birefringence in the Relativistic Sc…,cosmology/Axial Holonomy - draft 03.tex,1085,6179,117,18.94,68,proposition
unproved,computation,xylomorphic_computation.tex,Xylomorphic Computation: Thermodynamic Closure as a Stability Condition for Large-Scale Computation…,xylomorphic_computation.tex,576,7280,33,4.53,26,theorem
unproved,computation,xylomorphic_computation.tex,Xylomorphic Computation: Thermodynamic Closure as a Stability Condition for Large-Scale Computation…,xylomorphic_computation.tex,1323,7280,33,4.53,26,proposition
unproved,computation,xylomorphic_computation.tex,Xylomorphic Computation: Thermodynamic Closure as a Stability Condition for Large-Scale Computation…,xylomorphic_computation.tex,1371,7280,33,4.53,26,proposition
unproved,computation,xylomorphic_computation.tex,Xylomorphic Computation: Thermodynamic Closure as a Stability Condition for Large-Scale Computation…,xylomorphic_computation.tex,1414,7280,33,4.53,26,proposition
unproved,computation,xylomorphic_computation.tex,Xylomorphic Computation: Thermodynamic Closure as a Stability Condition for Large-Scale Computation…,xylomorphic_computation.tex,1442,7280,33,4.53,26,theorem
unproved,computation,xylomorphic_computation.tex,Xylomorphic Computation: Thermodynamic Closure as a Stability Condition for Large-Scale Computation…,xylomorphic_computation.tex,1472,7280,33,4.53,26,proposition
unproved,computation,xylomorphic_computation.tex,Xylomorphic Computation: Thermodynamic Closure as a Stability Condition for Large-Scale Computation…,xylomorphic_computation.tex,1559,7280,33,4.53,26,corollary
unproved,spherepop,Computation After Storage.tex,Computation After Storage: Toward an Entropic Theory of Semantic Infrastructure,Computation After Storage.tex,1078,7272,0,0.0,19,corollary
unproved,spherepop,Computation After Storage.tex,Computation After Storage: Toward an Entropic Theory of Semantic Infrastructure,Computation After Storage.tex,1443,7272,0,0.0,19,corollary
unproved,spherepop,textbook/refusal-structures.tex,Types as Refusal Structures Toward a Calculus of Constructions in Spherepop,textbook/refusal-structures.tex,3972,26146,0,0.0,30,theorem
unproved,spherepop,textbook/refusal-structures.tex,Types as Refusal Structures Toward a Calculus of Constructions in Spherepop,textbook/refusal-structures.tex,8605,26146,0,0.0,30,theorem
unproved,spherepop,textbook/refusal-structures.tex,Types as Refusal Structures Toward a Calculus of Constructions in Spherepop,textbook/refusal-structures.tex,9325,26146,0,0.0,30,theorem
unproved,cosmology,working/admissibility-interface.tex,"Quadratic Gravity as a Derived Interface Theory: Admissibility Manifolds, Projection Geometry, and …",working/admissibility-interface.tex,1158,12691,8,0.63,35,theorem
unproved,8b-is:8b-public-documents,working/silicon_cartography.tex,Silicon Cartography Constraint-First Programming for Spatial Chips,working/silicon_cartography.tex,404,10549,0,0.0,38,proposition
unproved,8b-is:8b-public-documents,working/silicon_cartography.tex,Silicon Cartography Constraint-First Programming for Spatial Chips,working/silicon_cartography.tex,553,10549,0,0.0,38,theorem
unproved,TARTAN,reconstruction_stability.tex,reconstruction_stability.tex,reconstruction_stability.tex,378,7676,0,0.0,31,corollary
unproved,TARTAN,reconstruction_stability.tex,reconstruction_stability.tex,reconstruction_stability.tex,444,7676,0,0.0,31,corollary
unproved,TARTAN,reconstruction_stability.tex,reconstruction_stability.tex,reconstruction_stability.tex,454,7676,0,0.0,31,proposition
unproved,TARTAN,reconstruction_stability.tex,reconstruction_stability.tex,reconstruction_stability.tex,466,7676,0,0.0,31,corollary
unproved,TARTAN,reconstruction_stability.tex,reconstruction_stability.tex,reconstruction_stability.tex,568,7676,0,0.0,31,proposition
unproved,antivenom,framework/fragility-metacrisis.tex,"Broken Tools for a Breaking World: AI Fragility, the Four Races, and the Metacrisis",framework/fragility-metacrisis.tex,114,11022,6,0.54,39,proposition
unproved,antivenom,framework/fragility-metacrisis.tex,"Broken Tools for a Breaking World: AI Fragility, the Four Races, and the Metacrisis",framework/fragility-metacrisis.tex,344,11022,6,0.54,39,proposition
unproved,antivenom,framework/fragility-metacrisis.tex,"Broken Tools for a Breaking World: AI Fragility, the Four Races, and the Metacrisis",framework/fragility-metacrisis.tex,408,11022,6,0.54,39,proposition
unproved,antivenom,framework/fragility-metacrisis.tex,"Broken Tools for a Breaking World: AI Fragility, the Four Races, and the Metacrisis",framework/fragility-metacrisis.tex,454,11022,6,0.54,39,proposition
unproved,TARTAN,accumulation-to-closure.tex,"From Accumulation to Closure: Inference, Memory, and the Constraint-Theoretic Turn [0.5em] Reconstr…",accumulation-to-closure.tex,239,9478,0,0.0,19,proposition
unproved,TARTAN,accumulation-to-closure.tex,"From Accumulation to Closure: Inference, Memory, and the Constraint-Theoretic Turn [0.5em] Reconstr…",accumulation-to-closure.tex,305,9478,0,0.0,19,proposition
unproved,TARTAN,accumulation-to-closure.tex,"From Accumulation to Closure: Inference, Memory, and the Constraint-Theoretic Turn [0.5em] Reconstr…",accumulation-to-closure.tex,365,9478,0,0.0,19,theorem
unproved,TARTAN,accumulation-to-closure.tex,"From Accumulation to Closure: Inference, Memory, and the Constraint-Theoretic Turn [0.5em] Reconstr…",accumulation-to-closure.tex,525,9478,0,0.0,19,corollary
unproved,TARTAN,accumulation-to-closure.tex,"From Accumulation to Closure: Inference, Memory, and the Constraint-Theoretic Turn [0.5em] Reconstr…",accumulation-to-closure.tex,529,9478,0,0.0,19,corollary
unproved,TARTAN,accumulation-to-closure.tex,"From Accumulation to Closure: Inference, Memory, and the Constraint-Theoretic Turn [0.5em] Reconstr…",accumulation-to-closure.tex,533,9478,0,0.0,19,corollary
unproved,alphabet,framework/everything_is_a_clipboard.tex,everything_is_a_clipboard.tex,framework/everything_is_a_clipboard.tex,432,27463,0,0.0,68,corollary
unproved,alphabet,framework/everything_is_a_clipboard.tex,everything_is_a_clipboard.tex,framework/everything_is_a_clipboard.tex,659,27463,0,0.0,68,proposition
unproved,alphabet,framework/everything_is_a_clipboard.tex,everything_is_a_clipboard.tex,framework/everything_is_a_clipboard.tex,669,27463,0,0.0,68,proposition
unproved,alphabet,framework/everything_is_a_clipboard.tex,everything_is_a_clipboard.tex,framework/everything_is_a_clipboard.tex,696,27463,0,0.0,68,theorem
unproved,alphabet,framework/everything_is_a_clipboard.tex,everything_is_a_clipboard.tex,framework/everything_is_a_clipboard.tex,749,27463,0,0.0,68,proposition
unproved,alphabet,framework/everything_is_a_clipboard.tex,everything_is_a_clipboard.tex,framework/everything_is_a_clipboard.tex,1342,27463,0,0.0,68,proposition
unproved,alphabet,soup/draft/nothing-original.tex,Nothing Original Need Survive,soup/draft/nothing-original.tex,5807,33794,26,0.77,92,proposition
unproved,alphabet,soup/draft/nothing-original.tex,Nothing Original Need Survive,soup/draft/nothing-original.tex,9053,33794,26,0.77,92,proposition
unproved,alphabet,soup/draft/nothing-original.tex,Nothing Original Need Survive,soup/draft/nothing-original.tex,12922,33794,26,0.77,92,proposition
unproved,alphabet,soup/draft/nothing-original.tex,Nothing Original Need Survive,soup/draft/nothing-original.tex,14645,33794,26,0.77,92,proposition
unproved,alphabet,manuscripts/geodesics_of_attention_v3_cursive.tex,"Geodesics of Attention [4pt] Cinema, Gesture, and the Geometry of Perception",manuscripts/geodesics_of_attention_v3_cursive.tex,420,4593,15,3.27,16,proposition
unproved,alphabet,manuscripts/geodesics_of_attention_v3_cursive.tex,"Geodesics of Attention [4pt] Cinema, Gesture, and the Geometry of Perception",manuscripts/geodesics_of_attention_v3_cursive.tex,598,4593,15,3.27,16,corollary
unproved,alphabet,manuscripts/geodesics_of_attention_v3_cursive.tex,"Geodesics of Attention [4pt] Cinema, Gesture, and the Geometry of Perception",manuscripts/geodesics_of_attention_v3_cursive.tex,655,4593,15,3.27,16,proposition
unproved,alphabet,manuscripts/geodesics_of_attention_v3_cursive.tex,"Geodesics of Attention [4pt] Cinema, Gesture, and the Geometry of Perception",manuscripts/geodesics_of_attention_v3_cursive.tex,787,4593,15,3.27,16,corollary
unproved,alphabet,manuscripts/geodesics_of_attention_v3_cursive.tex,"Geodesics of Attention [4pt] Cinema, Gesture, and the Geometry of Perception",manuscripts/geodesics_of_attention_v3_cursive.tex,998,4593,15,3.27,16,proposition
unproved,calculus,computational_worlds.tex,computational_worlds.tex,computational_worlds.tex,558,14852,33,2.22,32,theorem
unproved,calculus,computational_worlds.tex,computational_worlds.tex,computational_worlds.tex,2033,14852,33,2.22,32,corollary
unproved,calculus,computational_worlds.tex,computational_worlds.tex,computational_worlds.tex,2888,14852,33,2.22,32,corollary
unproved,calculus,computational_worlds.tex,computational_worlds.tex,computational_worlds.tex,3121,14852,33,2.22,32,corollary
unproved,calculus,computational_worlds.tex,computational_worlds.tex,computational_worlds.tex,3741,14852,33,2.22,32,proposition
unproved,calculus,computational_worlds.tex,computational_worlds.tex,computational_worlds.tex,3902,14852,33,2.22,32,proposition
unproved,calculus,computational_worlds.tex,computational_worlds.tex,computational_worlds.tex,4268,14852,33,2.22,32,proposition
unproved,calculus,computational_worlds.tex,computational_worlds.tex,computational_worlds.tex,4597,14852,33,2.22,32,corollary
unproved,library,Agency Is Not Computation.tex,"Agency Is Not Computation Why Irreversibility, Not Intelligence, Defines the Limit of Artificial Sy…",Agency Is Not Computation.tex,642,6724,0,0.0,12,corollary
unproved,library,Agency Is Not Computation.tex,"Agency Is Not Computation Why Irreversibility, Not Intelligence, Defines the Limit of Artificial Sy…",Agency Is Not Computation.tex,735,6724,0,0.0,12,corollary
unproved,library,Agency Is Not Computation.tex,"Agency Is Not Computation Why Irreversibility, Not Intelligence, Defines the Limit of Artificial Sy…",Agency Is Not Computation.tex,739,6724,0,0.0,12,corollary
unproved,computation,abstraction/distributed-agency.tex,"When Systems Change Their Minds [0.4em] Distributed Agency, Institutional Attractors, and the Recon…",abstraction/distributed-agency.tex,56,5915,63,10.65,37,theorem
unproved,computation,abstraction/distributed-agency.tex,"When Systems Change Their Minds [0.4em] Distributed Agency, Institutional Attractors, and the Recon…",abstraction/distributed-agency.tex,540,5915,63,10.65,37,theorem
unproved,computation,abstraction/distributed-agency.tex,"When Systems Change Their Minds [0.4em] Distributed Agency, Institutional Attractors, and the Recon…",abstraction/distributed-agency.tex,565,5915,63,10.65,37,theorem
unproved,computation,abstraction/distributed-agency.tex,"When Systems Change Their Minds [0.4em] Distributed Agency, Institutional Attractors, and the Recon…",abstraction/distributed-agency.tex,616,5915,63,10.65,37,proposition
unproved,computation,abstraction/distributed-agency.tex,"When Systems Change Their Minds [0.4em] Distributed Agency, Institutional Attractors, and the Recon…",abstraction/distributed-agency.tex,670,5915,63,10.65,37,theorem
unproved,computation,abstraction/distributed-agency.tex,"When Systems Change Their Minds [0.4em] Distributed Agency, Institutional Attractors, and the Recon…",abstraction/distributed-agency.tex,689,5915,63,10.65,37,proposition
unproved,computation,abstraction/distributed-agency.tex,"When Systems Change Their Minds [0.4em] Distributed Agency, Institutional Attractors, and the Recon…",abstraction/distributed-agency.tex,694,5915,63,10.65,37,corollary
unproved,computation,abstraction/distributed-agency.tex,"When Systems Change Their Minds [0.4em] Distributed Agency, Institutional Attractors, and the Recon…",abstraction/distributed-agency.tex,793,5915,63,10.65,37,theorem
unproved,computation,abstraction/distributed-agency.tex,"When Systems Change Their Minds [0.4em] Distributed Agency, Institutional Attractors, and the Recon…",abstraction/distributed-agency.tex,1097,5915,63,10.65,37,proposition
unproved,userspace,essay.tex,"The Mereological Space Ontology: Glyphs, Scales, and the Observer in a Layered Part--Whole Universe",essay.tex,397,9178,0,0.0,14,proposition
unproved,userspace,essay.tex,"The Mereological Space Ontology: Glyphs, Scales, and the Observer in a Layered Part--Whole Universe",essay.tex,872,9178,0,0.0,14,proposition
unproved,antivenom,resources/plenumhub-polyxan.tex,PlenumHub / Polyxan Toward a Source-First Publishing Substrate,resources/plenumhub-polyxan.tex,333,18781,11,0.59,11,corollary
unproved,cosmology,working/flyxion-frameworks.tex,flyxion-frameworks.tex,working/flyxion-frameworks.tex,522,11884,0,0.0,18,theorem
unproved,cosmology,working/flyxion-frameworks.tex,flyxion-frameworks.tex,working/flyxion-frameworks.tex,662,11884,0,0.0,18,theorem
unproved,antivenom,sociology/remote_work.tex,remote_work.tex,sociology/remote_work.tex,232,8307,8,0.96,35,proposition
unproved,antivenom,sociology/remote_work.tex,remote_work.tex,sociology/remote_work.tex,483,8307,8,0.96,35,proposition
unproved,antivenom,sociology/remote_work.tex,remote_work.tex,sociology/remote_work.tex,701,8307,8,0.96,35,proposition
unproved,antivenom,sociology/remote_work.tex,remote_work.tex,sociology/remote_work.tex,839,8307,8,0.96,35,proposition
unproved,research-projects,admissibility-lab/continuations_before_objects.tex,Continuations Before Objects [0.6em] A Geometric Theory of Intelligent Persistence,admissibility-lab/continuations_before_objects.tex,2116,31079,1,0.03,55,proposition
unproved,research-projects,admissibility-lab/continuations_before_objects.tex,Continuations Before Objects [0.6em] A Geometric Theory of Intelligent Persistence,admissibility-lab/continuations_before_objects.tex,3437,31079,1,0.03,55,proposition
unproved,research-projects,admissibility-lab/continuations_before_objects.tex,Continuations Before Objects [0.6em] A Geometric Theory of Intelligent Persistence,admissibility-lab/continuations_before_objects.tex,5667,31079,1,0.03,55,corollary
unproved,research-projects,admissibility-lab/continuations_before_objects.tex,Continuations Before Objects [0.6em] A Geometric Theory of Intelligent Persistence,admissibility-lab/continuations_before_objects.tex,5995,31079,1,0.03,55,proposition
unproved,research-projects,admissibility-lab/continuations_before_objects.tex,Continuations Before Objects [0.6em] A Geometric Theory of Intelligent Persistence,admissibility-lab/continuations_before_objects.tex,6267,31079,1,0.03,55,proposition
unproved,library,computing/magnetic-fluidic-computing.tex,"Magnetic Fluidic Computing [0.3em] Circulation, Admissibility, and the Architecture of Trajectory",computing/magnetic-fluidic-computing.tex,264,7616,0,0.0,11,corollary
unproved,library,computing/magnetic-fluidic-computing.tex,"Magnetic Fluidic Computing [0.3em] Circulation, Admissibility, and the Architecture of Trajectory",computing/magnetic-fluidic-computing.tex,327,7616,0,0.0,11,corollary
unproved,library,computing/magnetic-fluidic-computing.tex,"Magnetic Fluidic Computing [0.3em] Circulation, Admissibility, and the Architecture of Trajectory",computing/magnetic-fluidic-computing.tex,571,7616,0,0.0,11,theorem
unproved,alphabet,research/obstruction-cohomology.tex,"Obstruction Cohomology and the Topology of Failure Constraint Closure Across Differential, Recursiv…",research/obstruction-cohomology.tex,390,8267,5,0.6,15,theorem
unproved,alphabet,research/obstruction-cohomology.tex,"Obstruction Cohomology and the Topology of Failure Constraint Closure Across Differential, Recursiv…",research/obstruction-cohomology.tex,460,8267,5,0.6,15,corollary
unproved,alphabet,research/obstruction-cohomology.tex,"Obstruction Cohomology and the Topology of Failure Constraint Closure Across Differential, Recursiv…",research/obstruction-cohomology.tex,910,8267,5,0.6,15,proposition
unproved,research-projects,working/capital_order_rsvp.tex,capital_order_rsvp.tex,working/capital_order_rsvp.tex,196,15275,0,0.0,28,proposition
unproved,research-projects,working/capital_order_rsvp.tex,capital_order_rsvp.tex,working/capital_order_rsvp.tex,1314,15275,0,0.0,28,corollary
unproved,research-projects,working/capital_order_rsvp.tex,capital_order_rsvp.tex,working/capital_order_rsvp.tex,1477,15275,0,0.0,28,proposition
unproved,research-projects,working/capital_order_rsvp.tex,capital_order_rsvp.tex,working/capital_order_rsvp.tex,1626,15275,0,0.0,28,proposition
unproved,alphabet,working/function_survives_collapse.tex,"Function Survives Collapse [0.4em] Admissibility, Entropy Flow, and the Geometry of Persistent Comp…",working/function_survives_collapse.tex,354,25398,18,0.71,4,proposition
unproved,alphabet,working/function_survives_collapse.tex,"Function Survives Collapse [0.4em] Admissibility, Entropy Flow, and the Geometry of Persistent Comp…",working/function_survives_collapse.tex,818,25398,18,0.71,4,proposition
unproved,alphabet,working/function_survives_collapse.tex,"Function Survives Collapse [0.4em] Admissibility, Entropy Flow, and the Geometry of Persistent Comp…",working/function_survives_collapse.tex,1057,25398,18,0.71,4,proposition
unproved,alphabet,working/function_survives_collapse.tex,"Function Survives Collapse [0.4em] Admissibility, Entropy Flow, and the Geometry of Persistent Comp…",working/function_survives_collapse.tex,1262,25398,18,0.71,4,proposition
unproved,alphabet,working/function_survives_collapse.tex,"Function Survives Collapse [0.4em] Admissibility, Entropy Flow, and the Geometry of Persistent Comp…",working/function_survives_collapse.tex,1769,25398,18,0.71,4,proposition
unproved,alphabet,working/function_survives_collapse.tex,"Function Survives Collapse [0.4em] Admissibility, Entropy Flow, and the Geometry of Persistent Comp…",working/function_survives_collapse.tex,3161,25398,18,0.71,4,proposition
unproved,antivenom,projects/ownership-without-understanding.tex,"Ownership Without Understanding: Obstruction, Deskilling, and the Sheaf-Theoretic Geometry of Extra…",projects/ownership-without-understanding.tex,552,6418,27,4.21,37,proposition
unproved,antivenom,projects/ownership-without-understanding.tex,"Ownership Without Understanding: Obstruction, Deskilling, and the Sheaf-Theoretic Geometry of Extra…",projects/ownership-without-understanding.tex,625,6418,27,4.21,37,proposition
unproved,HYDRA,hydra.tex,hydra.tex,hydra.tex,308,16791,0,0.0,43,proposition
unproved,HYDRA,hydra.tex,hydra.tex,hydra.tex,535,16791,0,0.0,43,theorem
unproved,HYDRA,hydra.tex,hydra.tex,hydra.tex,594,16791,0,0.0,43,proposition
unproved,HYDRA,hydra.tex,hydra.tex,hydra.tex,618,16791,0,0.0,43,proposition
unproved,HYDRA,hydra.tex,hydra.tex,hydra.tex,984,16791,0,0.0,43,proposition
unproved,calculus,quantum-mechanics/self_improving_media_quines.tex,Self-Improving Systems and Media Quines [0.3em] An Admissibility-Theoretic Approach to Recursive Ge…,quantum-mechanics/self_improving_media_quines.tex,264,13413,0,0.0,49,proposition
unproved,calculus,quantum-mechanics/self_improving_media_quines.tex,Self-Improving Systems and Media Quines [0.3em] An Admissibility-Theoretic Approach to Recursive Ge…,quantum-mechanics/self_improving_media_quines.tex,479,13413,0,0.0,49,proposition
unproved,calculus,quantum-mechanics/self_improving_media_quines.tex,Self-Improving Systems and Media Quines [0.3em] An Admissibility-Theoretic Approach to Recursive Ge…,quantum-mechanics/self_improving_media_quines.tex,511,13413,0,0.0,49,proposition
unproved,calculus,quantum-mechanics/self_improving_media_quines.tex,Self-Improving Systems and Media Quines [0.3em] An Admissibility-Theoretic Approach to Recursive Ge…,quantum-mechanics/self_improving_media_quines.tex,534,13413,0,0.0,49,proposition
unproved,alphabet,science/the_refractive_self-v2.tex,the_refractive_self-v2.tex,science/the_refractive_self-v2.tex,668,25978,35,1.35,30,proposition
unproved,alphabet,science/the_refractive_self-v2.tex,the_refractive_self-v2.tex,science/the_refractive_self-v2.tex,677,25978,35,1.35,30,proposition
unproved,alphabet,science/the_refractive_self-v2.tex,the_refractive_self-v2.tex,science/the_refractive_self-v2.tex,713,25978,35,1.35,30,proposition
unproved,alphabet,science/the_refractive_self-v2.tex,the_refractive_self-v2.tex,science/the_refractive_self-v2.tex,729,25978,35,1.35,30,proposition
unproved,alphabet,science/the_refractive_self-v2.tex,the_refractive_self-v2.tex,science/the_refractive_self-v2.tex,739,25978,35,1.35,30,proposition
unproved,alphabet,science/the_refractive_self-v2.tex,the_refractive_self-v2.tex,science/the_refractive_self-v2.tex,773,25978,35,1.35,30,theorem
unproved,alphabet,science/the_refractive_self-v2.tex,the_refractive_self-v2.tex,science/the_refractive_self-v2.tex,853,25978,35,1.35,30,proposition
unproved,alphabet,science/the_refractive_self-v2.tex,the_refractive_self-v2.tex,science/the_refractive_self-v2.tex,900,25978,35,1.35,30,proposition
unproved,alphabet,science/the_refractive_self-v2.tex,the_refractive_self-v2.tex,science/the_refractive_self-v2.tex,939,25978,35,1.35,30,proposition
unproved,alphabet,science/the_refractive_self-v2.tex,the_refractive_self-v2.tex,science/the_refractive_self-v2.tex,945,25978,35,1.35,30,proposition
unproved,alphabet,science/the_refractive_self-v2.tex,the_refractive_self-v2.tex,science/the_refractive_self-v2.tex,980,25978,35,1.35,30,proposition
unproved,alphabet,science/the_refractive_self-v2.tex,the_refractive_self-v2.tex,science/the_refractive_self-v2.tex,987,25978,35,1.35,30,proposition
unproved,alphabet,science/the_refractive_self-v2.tex,the_refractive_self-v2.tex,science/the_refractive_self-v2.tex,1027,25978,35,1.35,30,proposition
unproved,alphabet,science/the_refractive_self-v2.tex,the_refractive_self-v2.tex,science/the_refractive_self-v2.tex,1033,25978,35,1.35,30,proposition
unproved,alphabet,science/the_refractive_self-v2.tex,the_refractive_self-v2.tex,science/the_refractive_self-v2.tex,1071,25978,35,1.35,30,proposition
unproved,alphabet,science/the_refractive_self-v2.tex,the_refractive_self-v2.tex,science/the_refractive_self-v2.tex,1162,25978,35,1.35,30,proposition
unproved,alphabet,science/the_refractive_self-v2.tex,the_refractive_self-v2.tex,science/the_refractive_self-v2.tex,1169,25978,35,1.35,30,proposition
unproved,alphabet,science/the_refractive_self-v2.tex,the_refractive_self-v2.tex,science/the_refractive_self-v2.tex,1180,25978,35,1.35,30,proposition
unproved,alphabet,science/the_refractive_self-v2.tex,the_refractive_self-v2.tex,science/the_refractive_self-v2.tex,3122,25978,35,1.35,30,corollary
unproved,alphabet,science/the_refractive_self-v2.tex,the_refractive_self-v2.tex,science/the_refractive_self-v2.tex,3562,25978,35,1.35,30,corollary
unproved,alphabet,science/the_refractive_self-v2.tex,the_refractive_self-v2.tex,science/the_refractive_self-v2.tex,6404,25978,35,1.35,30,theorem
unproved,alphabet,science/the_refractive_self-v2.tex,the_refractive_self-v2.tex,science/the_refractive_self-v2.tex,6584,25978,35,1.35,30,theorem
unproved,calculus,processing/parenthetical-asides.tex,"Parenthetical Asides [0.3em] Nested Scope in Conversation, Games, Stories, and Music",processing/parenthetical-asides.tex,238,8006,8,1.0,8,proposition
unproved,calculus,processing/parenthetical-asides.tex,"Parenthetical Asides [0.3em] Nested Scope in Conversation, Games, Stories, and Music",processing/parenthetical-asides.tex,260,8006,8,1.0,8,proposition
unproved,library,workspace/conservation_of_ambiguity.tex,conservation_of_ambiguity.tex,workspace/conservation_of_ambiguity.tex,433,18182,0,0.0,30,theorem
unproved,library,workspace/conservation_of_ambiguity.tex,conservation_of_ambiguity.tex,workspace/conservation_of_ambiguity.tex,469,18182,0,0.0,30,corollary
unproved,library,workspace/conservation_of_ambiguity.tex,conservation_of_ambiguity.tex,workspace/conservation_of_ambiguity.tex,475,18182,0,0.0,30,corollary
unproved,TARTAN,music/concrete_cracks_analysis.tex,concrete_cracks_analysis.tex,music/concrete_cracks_analysis.tex,125,4825,0,0.0,9,proposition
unproved,alphabet,working/constraint-propagation.tex,Propagating Constraint Fields and Dynamic Structural Redistribution: Toward a Field-Theoretic Inter…,working/constraint-propagation.tex,835,13633,25,1.83,31,proposition
unproved,alphabet,working/constraint-propagation.tex,Propagating Constraint Fields and Dynamic Structural Redistribution: Toward a Field-Theoretic Inter…,working/constraint-propagation.tex,1598,13633,25,1.83,31,proposition
unproved,alphabet,working/constraint-propagation.tex,Propagating Constraint Fields and Dynamic Structural Redistribution: Toward a Field-Theoretic Inter…,working/constraint-propagation.tex,1625,13633,25,1.83,31,proposition
unproved,alphabet,working/constraint-propagation.tex,Propagating Constraint Fields and Dynamic Structural Redistribution: Toward a Field-Theoretic Inter…,working/constraint-propagation.tex,1648,13633,25,1.83,31,proposition
unproved,alphabet,working/constraint-propagation.tex,Propagating Constraint Fields and Dynamic Structural Redistribution: Toward a Field-Theoretic Inter…,working/constraint-propagation.tex,1672,13633,25,1.83,31,proposition
unproved,alphabet,working/constraint-propagation.tex,Propagating Constraint Fields and Dynamic Structural Redistribution: Toward a Field-Theoretic Inter…,working/constraint-propagation.tex,1697,13633,25,1.83,31,proposition
unproved,computation,generative_continuation_geometry.tex,Generative Continuation Geometry,generative_continuation_geometry.tex,1010,15093,8,0.53,8,corollary
unproved,computation,generative_continuation_geometry.tex,Generative Continuation Geometry,generative_continuation_geometry.tex,2042,15093,8,0.53,8,corollary
unproved,antivenom,economics/structural_convergence.tex,structural_convergence.tex,economics/structural_convergence.tex,774,5639,0,0.0,5,proposition
unproved,standardgalactic,epistemology/manufacturing_credulity.tex,manufacturing_credulity.tex,epistemology/manufacturing_credulity.tex,573,5934,0,0.0,14,corollary
unproved,computation,processing/draft/generative_continuation_geometry.tex,Generative Continuation Geometry [0.3em] Working Draft,processing/draft/generative_continuation_geometry.tex,952,6722,3,0.45,3,corollary
unproved,research-projects,epistemology/spherepop/Semantic-Stability.tex,"Information, Entropy, and Semantic Stability: Abstraction Beyond Compression",epistemology/spherepop/Semantic-Stability.tex,60,1397,2,1.43,0,proposition
unproved,research-projects,epistemology/spherepop/Semantic-Stability.tex,"Information, Entropy, and Semantic Stability: Abstraction Beyond Compression",epistemology/spherepop/Semantic-Stability.tex,90,1397,2,1.43,0,theorem
unproved,research-projects,epistemology/spherepop/Semantic-Stability.tex,"Information, Entropy, and Semantic Stability: Abstraction Beyond Compression",epistemology/spherepop/Semantic-Stability.tex,122,1397,2,1.43,0,proposition
unproved,antivenom,world-models.tex,"World Models, Structural Constraints, and Deterministic Histories: A Unified Critique of Autoregres…",world-models.tex,81,1040,0,0.0,4,proposition
unproved,antivenom,world-models.tex,"World Models, Structural Constraints, and Deterministic Histories: A Unified Critique of Autoregres…",world-models.tex,107,1040,0,0.0,4,theorem
unproved,alphabet,Never-Predict-Noise.tex,Never Predict Noise: Manifold-Aligned Prediction as Generative Inference,Never-Predict-Noise.tex,1111,18595,21,1.13,33,theorem
unproved,antivenom,The Assumption of Surplus.tex,"The Assumption of Surplus: Startup Culture, Advertising Economies, and the Boundary Conditions of G…",The Assumption of Surplus.tex,387,9780,93,9.51,60,lemma
unproved,alphabet,constraint-geometry/field-space.tex,field-space.tex,constraint-geometry/field-space.tex,786,18299,23,1.26,33,proposition
unproved,alphabet,constraint-geometry/field-space.tex,field-space.tex,constraint-geometry/field-space.tex,1668,18299,23,1.26,33,proposition
unproved,calculus,baseline/preference_fields.tex,"Preference Fields on Semantic Manifolds Directional Constraints, Spectral Admissibility, and Random…",baseline/preference_fields.tex,271,4014,11,2.74,8,proposition
unproved,calculus,baseline/preference_fields.tex,"Preference Fields on Semantic Manifolds Directional Constraints, Spectral Admissibility, and Random…",baseline/preference_fields.tex,303,4014,11,2.74,8,theorem
unproved,calculus,baseline/preference_fields.tex,"Preference Fields on Semantic Manifolds Directional Constraints, Spectral Admissibility, and Random…",baseline/preference_fields.tex,348,4014,11,2.74,8,corollary
unproved,calculus,baseline/preference_fields.tex,"Preference Fields on Semantic Manifolds Directional Constraints, Spectral Admissibility, and Random…",baseline/preference_fields.tex,505,4014,11,2.74,8,proposition
unproved,research-projects,epistemology/morphology-as-computation.tex,morphology-as-computation.tex,epistemology/morphology-as-computation.tex,536,14183,52,3.67,10,proposition
unproved,research-projects,epistemology/morphology-as-computation.tex,morphology-as-computation.tex,epistemology/morphology-as-computation.tex,683,14183,52,3.67,10,proposition
unproved,research-projects,epistemology/morphology-as-computation.tex,morphology-as-computation.tex,epistemology/morphology-as-computation.tex,754,14183,52,3.67,10,proposition
unproved,research-projects,epistemology/morphology-as-computation.tex,morphology-as-computation.tex,epistemology/morphology-as-computation.tex,885,14183,52,3.67,10,proposition
unproved,research-projects,epistemology/morphology-as-computation.tex,morphology-as-computation.tex,epistemology/morphology-as-computation.tex,1090,14183,52,3.67,10,theorem
unproved,research-projects,epistemology/morphology-as-computation.tex,morphology-as-computation.tex,epistemology/morphology-as-computation.tex,1144,14183,52,3.67,10,proposition
unproved,research-projects,epistemology/morphology-as-computation.tex,morphology-as-computation.tex,epistemology/morphology-as-computation.tex,1318,14183,52,3.67,10,proposition
unproved,research-projects,epistemology/morphology-as-computation.tex,morphology-as-computation.tex,epistemology/morphology-as-computation.tex,1478,14183,52,3.67,10,corollary
unproved,research-projects,epistemology/morphology-as-computation.tex,morphology-as-computation.tex,epistemology/morphology-as-computation.tex,1614,14183,52,3.67,10,corollary
unproved,calculus,baseline/constraint_reachability_relaxation.tex,constraint_reachability_relaxation.tex,baseline/constraint_reachability_relaxation.tex,200,5364,236,44.0,0,proposition
unproved,calculus,baseline/constraint_reachability_relaxation.tex,constraint_reachability_relaxation.tex,baseline/constraint_reachability_relaxation.tex,289,5364,236,44.0,0,proposition
unproved,calculus,baseline/constraint_reachability_relaxation.tex,constraint_reachability_relaxation.tex,baseline/constraint_reachability_relaxation.tex,537,5364,236,44.0,0,proposition
unproved,alphabet,projects/axioms-for-a-falling-universe.tex,axioms-for-a-falling-universe.tex,projects/axioms-for-a-falling-universe.tex,817,6169,27,4.38,28,theorem
unproved,alphabet,projects/axioms-for-a-falling-universe.tex,axioms-for-a-falling-universe.tex,projects/axioms-for-a-falling-universe.tex,825,6169,27,4.38,28,theorem
unproved,alphabet,projects/axioms-for-a-falling-universe.tex,axioms-for-a-falling-universe.tex,projects/axioms-for-a-falling-universe.tex,1088,6169,27,4.38,28,theorem
unproved,alphabet,projects/axioms-for-a-falling-universe.tex,axioms-for-a-falling-universe.tex,projects/axioms-for-a-falling-universe.tex,1139,6169,27,4.38,28,theorem
unproved,alphabet,attention-essay.tex,"The Coordinate-System Error: Misdiagnosis in the Theories of Attention, Efficiency, and Technologic…",attention-essay.tex,542,11839,85,7.18,15,corollary
unproved,alphabet,attention-essay.tex,"The Coordinate-System Error: Misdiagnosis in the Theories of Attention, Efficiency, and Technologic…",attention-essay.tex,546,11839,85,7.18,15,corollary
unproved,alphabet,attention-essay.tex,"The Coordinate-System Error: Misdiagnosis in the Theories of Attention, Efficiency, and Technologic…",attention-essay.tex,550,11839,85,7.18,15,corollary
unproved,calculus,baseline/persistent_anomalies.tex,persistent_anomalies.tex,baseline/persistent_anomalies.tex,691,12434,54,4.34,45,proposition
unproved,calculus,baseline/persistent_anomalies.tex,persistent_anomalies.tex,baseline/persistent_anomalies.tex,1116,12434,54,4.34,45,corollary
unproved,spherepop,intelligence-explosion.tex,"Globally Persistent Recomposable Thought [4pt] GitHub, the Intelligence Explosion, and the Admissib…",intelligence-explosion.tex,248,12962,18,1.39,25,corollary
unproved,spherepop,intelligence-explosion.tex,"Globally Persistent Recomposable Thought [4pt] GitHub, the Intelligence Explosion, and the Admissib…",intelligence-explosion.tex,482,12962,18,1.39,25,proposition
unproved,spherepop,intelligence-explosion.tex,"Globally Persistent Recomposable Thought [4pt] GitHub, the Intelligence Explosion, and the Admissib…",intelligence-explosion.tex,569,12962,18,1.39,25,corollary
unproved,spherepop,intelligence-explosion.tex,"Globally Persistent Recomposable Thought [4pt] GitHub, the Intelligence Explosion, and the Admissib…",intelligence-explosion.tex,796,12962,18,1.39,25,corollary
unproved,spherepop,intelligence-explosion.tex,"Globally Persistent Recomposable Thought [4pt] GitHub, the Intelligence Explosion, and the Admissib…",intelligence-explosion.tex,945,12962,18,1.39,25,proposition
unproved,spherepop,intelligence-explosion.tex,"Globally Persistent Recomposable Thought [4pt] GitHub, the Intelligence Explosion, and the Admissib…",intelligence-explosion.tex,960,12962,18,1.39,25,corollary
unproved,spherepop,intelligence-explosion.tex,"Globally Persistent Recomposable Thought [4pt] GitHub, the Intelligence Explosion, and the Admissib…",intelligence-explosion.tex,1061,12962,18,1.39,25,corollary
unproved,spherepop,intelligence-explosion.tex,"Globally Persistent Recomposable Thought [4pt] GitHub, the Intelligence Explosion, and the Admissib…",intelligence-explosion.tex,1129,12962,18,1.39,25,proposition
unproved,spherepop,intelligence-explosion.tex,"Globally Persistent Recomposable Thought [4pt] GitHub, the Intelligence Explosion, and the Admissib…",intelligence-explosion.tex,1238,12962,18,1.39,25,proposition
unproved,spherepop,intelligence-explosion.tex,"Globally Persistent Recomposable Thought [4pt] GitHub, the Intelligence Explosion, and the Admissib…",intelligence-explosion.tex,1335,12962,18,1.39,25,proposition
unproved,spherepop,intelligence-explosion.tex,"Globally Persistent Recomposable Thought [4pt] GitHub, the Intelligence Explosion, and the Admissib…",intelligence-explosion.tex,1550,12962,18,1.39,25,corollary
unproved,spherepop,intelligence-explosion.tex,"Globally Persistent Recomposable Thought [4pt] GitHub, the Intelligence Explosion, and the Admissib…",intelligence-explosion.tex,1618,12962,18,1.39,25,proposition
unproved,spherepop,intelligence-explosion.tex,"Globally Persistent Recomposable Thought [4pt] GitHub, the Intelligence Explosion, and the Admissib…",intelligence-explosion.tex,1632,12962,18,1.39,25,corollary
unproved,spherepop,intelligence-explosion.tex,"Globally Persistent Recomposable Thought [4pt] GitHub, the Intelligence Explosion, and the Admissib…",intelligence-explosion.tex,1758,12962,18,1.39,25,corollary
unproved,spherepop,throwing_the_game_v2.tex,"Throwing the Game: Refusal, Event-Driven Cognition, and the Survival of Value Beyond Autoregressive…",throwing_the_game_v2.tex,1282,11109,12,1.08,16,proposition
unproved,spherepop,throwing_the_game_v2.tex,"Throwing the Game: Refusal, Event-Driven Cognition, and the Survival of Value Beyond Autoregressive…",throwing_the_game_v2.tex,1312,11109,12,1.08,16,theorem
unproved,calculus,processing/admissibility-certificates.tex,Admissibility Certificates [0.3em] Trust as a Property of System Histories,processing/admissibility-certificates.tex,201,8320,9,1.08,9,proposition
unproved,calculus,processing/admissibility-certificates.tex,Admissibility Certificates [0.3em] Trust as a Property of System Histories,processing/admissibility-certificates.tex,294,8320,9,1.08,9,proposition
unproved,alphabet,biology/closure_of_closures.tex,closure_of_closures.tex,biology/closure_of_closures.tex,191,5438,11,2.02,19,theorem
unproved,research-projects,paper/error_as_obstruction.tex,error_as_obstruction.tex,paper/error_as_obstruction.tex,599,5854,23,3.93,23,proposition
unproved,research-projects,paper/error_as_obstruction.tex,error_as_obstruction.tex,paper/error_as_obstruction.tex,722,5854,23,3.93,23,corollary
unproved,research-projects,paper/error_as_obstruction.tex,error_as_obstruction.tex,paper/error_as_obstruction.tex,765,5854,23,3.93,23,corollary
unproved,kitbash,geometry-as-computational-infrastructure.tex,Orthodromic Infrastructure Blueprint [0.5em] A Long-Term Architectural Specification for Civil Conv…,geometry-as-computational-infrastructure.tex,501,25712,45,1.75,27,proposition
unproved,kitbash,geometry-as-computational-infrastructure.tex,Orthodromic Infrastructure Blueprint [0.5em] A Long-Term Architectural Specification for Civil Conv…,geometry-as-computational-infrastructure.tex,505,25712,45,1.75,27,proposition
unproved,kitbash,geometry-as-computational-infrastructure.tex,Orthodromic Infrastructure Blueprint [0.5em] A Long-Term Architectural Specification for Civil Conv…,geometry-as-computational-infrastructure.tex,509,25712,45,1.75,27,proposition
unproved,kitbash,geometry-as-computational-infrastructure.tex,Orthodromic Infrastructure Blueprint [0.5em] A Long-Term Architectural Specification for Civil Conv…,geometry-as-computational-infrastructure.tex,529,25712,45,1.75,27,corollary
unproved,kitbash,geometry-as-computational-infrastructure.tex,Orthodromic Infrastructure Blueprint [0.5em] A Long-Term Architectural Specification for Civil Conv…,geometry-as-computational-infrastructure.tex,709,25712,45,1.75,27,theorem
unproved,kitbash,geometry-as-computational-infrastructure.tex,Orthodromic Infrastructure Blueprint [0.5em] A Long-Term Architectural Specification for Civil Conv…,geometry-as-computational-infrastructure.tex,1484,25712,45,1.75,27,theorem
unproved,kitbash,geometry-as-computational-infrastructure.tex,Orthodromic Infrastructure Blueprint [0.5em] A Long-Term Architectural Specification for Civil Conv…,geometry-as-computational-infrastructure.tex,1490,25712,45,1.75,27,theorem
unproved,kitbash,geometry-as-computational-infrastructure.tex,Orthodromic Infrastructure Blueprint [0.5em] A Long-Term Architectural Specification for Civil Conv…,geometry-as-computational-infrastructure.tex,1508,25712,45,1.75,27,theorem
unproved,kitbash,geometry-as-computational-infrastructure.tex,Orthodromic Infrastructure Blueprint [0.5em] A Long-Term Architectural Specification for Civil Conv…,geometry-as-computational-infrastructure.tex,1528,25712,45,1.75,27,theorem
unproved,kitbash,geometry-as-computational-infrastructure.tex,Orthodromic Infrastructure Blueprint [0.5em] A Long-Term Architectural Specification for Civil Conv…,geometry-as-computational-infrastructure.tex,1566,25712,45,1.75,27,proposition
unproved,kitbash,geometry-as-computational-infrastructure.tex,Orthodromic Infrastructure Blueprint [0.5em] A Long-Term Architectural Specification for Civil Conv…,geometry-as-computational-infrastructure.tex,1589,25712,45,1.75,27,theorem
unproved,kitbash,geometry-as-computational-infrastructure.tex,Orthodromic Infrastructure Blueprint [0.5em] A Long-Term Architectural Specification for Civil Conv…,geometry-as-computational-infrastructure.tex,1605,25712,45,1.75,27,theorem
unproved,kitbash,geometry-as-computational-infrastructure.tex,Orthodromic Infrastructure Blueprint [0.5em] A Long-Term Architectural Specification for Civil Conv…,geometry-as-computational-infrastructure.tex,1609,25712,45,1.75,27,corollary
unproved,research-projects,history/Evolutionary Development.tex,Evolutionary Development in the Relativistic Scalar Vector Plenum: An Entropic Field Theory of Comp…,history/Evolutionary Development.tex,350,14025,256,18.25,35,proposition
unproved,library,workspace/erasure_is_deformation.tex,erasure_is_deformation.tex,workspace/erasure_is_deformation.tex,441,6479,22,3.4,12,corollary
unproved,library,workspace/erasure_is_deformation.tex,erasure_is_deformation.tex,workspace/erasure_is_deformation.tex,452,6479,22,3.4,12,corollary
unproved,library,workspace/erasure_is_deformation.tex,erasure_is_deformation.tex,workspace/erasure_is_deformation.tex,672,6479,22,3.4,12,corollary
unproved,kitbash,physics/processing/constraint-accumulation.tex,"Time as Irreversible Constraint Accumulation: An Event-Based Interpretation of Proper Time, Entropy…",physics/processing/constraint-accumulation.tex,216,11403,84,7.37,58,proposition
unproved,research-projects,framework/liquid_light.tex,Liquid Light and the Unsupported Nucleus: A 2021 Private Cosmology as a Baseline for Generative Com…,framework/liquid_light.tex,215,4910,20,4.07,17,proposition
unproved,spherepop,working/execution history - draft 04.tex,"Execution, History, and Reduction: A Minimal Operational Kernel for Computation",working/execution history - draft 04.tex,621,7955,17,2.14,23,proposition
unproved,spherepop,working/execution history - draft 04.tex,"Execution, History, and Reduction: A Minimal Operational Kernel for Computation",working/execution history - draft 04.tex,706,7955,17,2.14,23,proposition
unproved,spherepop,working/execution history - draft 04.tex,"Execution, History, and Reduction: A Minimal Operational Kernel for Computation",working/execution history - draft 04.tex,826,7955,17,2.14,23,theorem
unproved,research-projects,epistemology/Abstraction-as-Stabilized-Replay.tex,"Abstraction as Stabilized Replay: Memory, Equivalence, and Semantic Depth",epistemology/Abstraction-as-Stabilized-Replay.tex,95,1354,0,0.0,0,proposition
unproved,research-projects,working/constraint-first-topology.tex,"Constraint-First Topology: Foam Cobordisms, Nilpotent Transport, and Immersed Singularities as Admi…",working/constraint-first-topology.tex,225,6938,27,3.89,82,theorem
unproved,research-projects,working/constraint-first-topology.tex,"Constraint-First Topology: Foam Cobordisms, Nilpotent Transport, and Immersed Singularities as Admi…",working/constraint-first-topology.tex,426,6938,27,3.89,82,theorem
unproved,research-projects,working/distributed_cognition.tex,"Distributed Minds and Generative Substrates: Threshold Diffusion, Causal Insulation, and the Archit…",working/distributed_cognition.tex,349,7729,17,2.2,27,proposition
unproved,research-projects,working/distributed_cognition.tex,"Distributed Minds and Generative Substrates: Threshold Diffusion, Causal Insulation, and the Archit…",working/distributed_cognition.tex,425,7729,17,2.2,27,proposition
unproved,research-projects,working/distributed_cognition.tex,"Distributed Minds and Generative Substrates: Threshold Diffusion, Causal Insulation, and the Archit…",working/distributed_cognition.tex,596,7729,17,2.2,27,proposition
unproved,library,workspace/cost_of_knowing.tex,cost_of_knowing.tex,workspace/cost_of_knowing.tex,280,8962,16,1.79,26,theorem
unproved,library,workspace/cost_of_knowing.tex,cost_of_knowing.tex,workspace/cost_of_knowing.tex,532,8962,16,1.79,26,theorem
unproved,library,workspace/cost_of_knowing.tex,cost_of_knowing.tex,workspace/cost_of_knowing.tex,560,8962,16,1.79,26,theorem
unproved,library,workspace/cost_of_knowing.tex,cost_of_knowing.tex,workspace/cost_of_knowing.tex,578,8962,16,1.79,26,theorem
unproved,library,workspace/cost_of_knowing.tex,cost_of_knowing.tex,workspace/cost_of_knowing.tex,749,8962,16,1.79,26,proposition
unproved,library,workspace/cost_of_knowing.tex,cost_of_knowing.tex,workspace/cost_of_knowing.tex,767,8962,16,1.79,26,theorem
unproved,research-projects,Aurora/recomposable-fragmentation.tex,recomposable-fragmentation.tex,Aurora/recomposable-fragmentation.tex,340,6331,75,11.85,36,proposition
unproved,research-projects,Aurora/recomposable-fragmentation.tex,recomposable-fragmentation.tex,Aurora/recomposable-fragmentation.tex,534,6331,75,11.85,36,proposition
unproved,research-projects,Aurora/recomposable-fragmentation.tex,recomposable-fragmentation.tex,Aurora/recomposable-fragmentation.tex,591,6331,75,11.85,36,proposition
unproved,research-projects,Aurora/recomposable-fragmentation.tex,recomposable-fragmentation.tex,Aurora/recomposable-fragmentation.tex,669,6331,75,11.85,36,proposition
unproved,spherepop,dynamics/spherepop_scope_dynamics.tex,spherepop_scope_dynamics.tex,dynamics/spherepop_scope_dynamics.tex,288,8981,11,1.22,10,proposition
unproved,library,workspace/observability_is_restorability.tex,observability_is_restorability.tex,workspace/observability_is_restorability.tex,531,5723,19,3.32,19,corollary
unproved,library,workspace/observability_is_restorability.tex,observability_is_restorability.tex,workspace/observability_is_restorability.tex,1163,5723,19,3.32,19,corollary
unproved,library,workspace/observability_is_restorability.tex,observability_is_restorability.tex,workspace/observability_is_restorability.tex,1261,5723,19,3.32,19,proposition
unproved,research-projects,intelligence/semantic-relaxation-networks.tex,semantic-relaxation-networks.tex,intelligence/semantic-relaxation-networks.tex,1618,15833,36,2.27,30,proposition
unproved,research-projects,intelligence/semantic-relaxation-networks.tex,semantic-relaxation-networks.tex,intelligence/semantic-relaxation-networks.tex,3208,15833,36,2.27,30,proposition
unproved,alphabet,roadmap/procedural-attention.tex,Procedural Generation of Attention: Gaze Trajectories and the Grammar of Cinematic Space,roadmap/procedural-attention.tex,544,14431,19,1.32,54,proposition
unproved,research-projects,major_projects/CrystalEconomy/cinematic-reconstruction-v7.tex,"Cinematic Reconstruction [4pt] A Framework for Video Generation, Compression, and Diagnosis via Per…",major_projects/CrystalEconomy/cinematic-reconstruction-v7.tex,142,20662,30,1.45,27,proposition
unproved,research-projects,major_projects/CrystalEconomy/cinematic-reconstruction-v7.tex,"Cinematic Reconstruction [4pt] A Framework for Video Generation, Compression, and Diagnosis via Per…",major_projects/CrystalEconomy/cinematic-reconstruction-v7.tex,270,20662,30,1.45,27,proposition
unproved,research-projects,major_projects/CrystalEconomy/cinematic-reconstruction-v7.tex,"Cinematic Reconstruction [4pt] A Framework for Video Generation, Compression, and Diagnosis via Per…",major_projects/CrystalEconomy/cinematic-reconstruction-v7.tex,546,20662,30,1.45,27,proposition
unproved,research-projects,major_projects/CrystalEconomy/cinematic-reconstruction-v7.tex,"Cinematic Reconstruction [4pt] A Framework for Video Generation, Compression, and Diagnosis via Per…",major_projects/CrystalEconomy/cinematic-reconstruction-v7.tex,659,20662,30,1.45,27,proposition
unproved,research-projects,major_projects/CrystalEconomy/cinematic-reconstruction-v7.tex,"Cinematic Reconstruction [4pt] A Framework for Video Generation, Compression, and Diagnosis via Per…",major_projects/CrystalEconomy/cinematic-reconstruction-v7.tex,920,20662,30,1.45,27,proposition
unproved,research-projects,major_projects/CrystalEconomy/cinematic-reconstruction-v7.tex,"Cinematic Reconstruction [4pt] A Framework for Video Generation, Compression, and Diagnosis via Per…",major_projects/CrystalEconomy/cinematic-reconstruction-v7.tex,1027,20662,30,1.45,27,corollary
unproved,research-projects,major_projects/CrystalEconomy/cinematic-reconstruction-v7.tex,"Cinematic Reconstruction [4pt] A Framework for Video Generation, Compression, and Diagnosis via Per…",major_projects/CrystalEconomy/cinematic-reconstruction-v7.tex,1194,20662,30,1.45,27,proposition
unproved,cosmology,accessibility-relaxation.tex,Accessibility Relaxation and Friedmann Instability [6pt] An RSVP Reinterpretation of Cosmological S…,accessibility-relaxation.tex,818,8656,51,5.89,22,corollary
unproved,alphabet,framework/descent-into-reality.tex,Descent into Reality From Learning Systems to Field Dynamics,framework/descent-into-reality.tex,342,6814,19,2.79,37,proposition
unproved,research-projects,history/repair-categories.tex,Repair Categories and the Local Geometry of Continuation,history/repair-categories.tex,615,6959,8,1.15,5,lemma
unproved,research-projects,history/repair-categories.tex,Repair Categories and the Local Geometry of Continuation,history/repair-categories.tex,749,6959,8,1.15,5,corollary
unproved,alphabet,screenplay/compression_after_expansion.tex,"Compression After Expansion: On Skill, Misattribution, and the Ethics of Visible Structure",screenplay/compression_after_expansion.tex,163,7323,12,1.64,12,proposition
unproved,alphabet,screenplay/compression_after_expansion.tex,"Compression After Expansion: On Skill, Misattribution, and the Ethics of Visible Structure",screenplay/compression_after_expansion.tex,233,7323,12,1.64,12,proposition
unproved,alphabet,screenplay/compression_after_expansion.tex,"Compression After Expansion: On Skill, Misattribution, and the Ethics of Visible Structure",screenplay/compression_after_expansion.tex,238,7323,12,1.64,12,corollary
unproved,research-projects,framework/precursor_is_not_supply.tex,"Precursor Is Not Supply [0.4em] Glutathione, Sulfur, and the Narrative Closure of Supplement Chains",framework/precursor_is_not_supply.tex,174,5429,10,1.84,10,proposition
unproved,alphabet,cosmology/three_smoothing_mechanisms.tex,"Three Smoothing Mechanisms in Early Cosmology: Inflaton, Geometric, and Lamphrodyne Relaxation",cosmology/three_smoothing_mechanisms.tex,1084,8624,27,3.13,16,proposition
unproved,research-projects,unsorted/sparse-recursive-holographic-steganography.tex,Sparse Recursion for Holographic Steganography [0.3em] Distributed Secret Fields Under Adaptive Com…,unsorted/sparse-recursive-holographic-steganography.tex,87,5695,8,1.4,7,corollary
unproved,research-projects,unsorted/sparse-recursive-holographic-steganography.tex,Sparse Recursion for Holographic Steganography [0.3em] Distributed Secret Fields Under Adaptive Com…,unsorted/sparse-recursive-holographic-steganography.tex,251,5695,8,1.4,7,proposition
unproved,8b-is:claimshift,processing/verification-inheritance-transformation.tex,"Verification Inheritance Under Transformation Robust Commitments, Claim Correspondence, and Epistem…",processing/verification-inheritance-transformation.tex,158,2915,17,5.83,14,proposition
unproved,research-projects,framework/load_bearing_words.tex,"Load-Bearing Words [0.4em] Meaning, Consequence, Revision, and Deletion in Language",framework/load_bearing_words.tex,119,6273,11,1.75,10,proposition
unproved,research-projects,framework/load_bearing_words.tex,"Load-Bearing Words [0.4em] Meaning, Consequence, Revision, and Deletion in Language",framework/load_bearing_words.tex,299,6273,11,1.75,10,proposition
unproved,antivenom,projects/constraint_closure-5.tex,Trajectory and Residue [0.5em] How Work Becomes What Continues to Hold,projects/constraint_closure-5.tex,92,3753,26,6.93,22,proposition
unproved,spherepop,identity_as_event_history.tex,"Identity as Event History [0.4em] Irreversibility, Commitment, and the Ontology of Irreversible Pro…",identity_as_event_history.tex,1920,22111,27,1.22,18,corollary
unproved,spherepop,identity_as_event_history.tex,"Identity as Event History [0.4em] Irreversibility, Commitment, and the Ontology of Irreversible Pro…",identity_as_event_history.tex,2865,22111,27,1.22,18,corollary
unproved,spherepop,identity_as_event_history.tex,"Identity as Event History [0.4em] Irreversibility, Commitment, and the Ontology of Irreversible Pro…",identity_as_event_history.tex,3451,22111,27,1.22,18,proposition
unproved,calculus,interface_ecologies_v2.tex,"Interface Ecologies: Motor Language, Process Invocation, and Computational Universality",interface_ecologies_v2.tex,233,15394,124,8.06,20,proposition
unproved,calculus,interface_ecologies_v2.tex,"Interface Ecologies: Motor Language, Process Invocation, and Computational Universality",interface_ecologies_v2.tex,1908,15394,124,8.06,20,proposition
unproved,calculus,interface_ecologies_v2.tex,"Interface Ecologies: Motor Language, Process Invocation, and Computational Universality",interface_ecologies_v2.tex,2780,15394,124,8.06,20,proposition
unproved,calculus,interface_ecologies_v2.tex,"Interface Ecologies: Motor Language, Process Invocation, and Computational Universality",interface_ecologies_v2.tex,3073,15394,124,8.06,20,proposition
unproved,research-projects,delta-sigma-modulators/main.tex,"Delta--Sigma Modulators and Data Converters: [6pt] A Field-Theoretic Approach to Quantization, Nois…",delta-sigma-modulators/chapters/ch8.tex,199,92037,148,1.61,0,theorem
